user_id,event_type,elapsedTime,eventTimeStamp,task_type,correctness
1615391948359,set_attribute_weight_vector_init,NA,2021-03-10T16:10:27.636Z,dog,NA
1615391948359,set_attribute_weight_vector_init,NA,2021-03-10T16:10:27.638Z,dog,NA
1615391948359,hover,0.017,2021-03-10T16:10:34.365Z,dog,T
1615391948359,hover,0.016,2021-03-10T16:10:34.781Z,dog,F
1615391948359,hover,0.033,2021-03-10T16:10:58.060Z,dog,F
1615391948359,hover,1.606,2021-03-10T16:11:00.831Z,dog,F
1615391948359,hover,0.199,2021-03-10T16:11:02.538Z,dog,F
1615391948359,hover,5.108,2021-03-10T16:11:07.670Z,dog,F
1615391948359,hover,0.051,2021-03-10T16:11:07.735Z,dog,F
1615391948359,category_click,NA,2021-03-10T16:12:00.309Z,dog,NA
1615391948359,category_click,NA,2021-03-10T16:12:02.756Z,dog,NA
1615391948359,hover,0.033,2021-03-10T16:12:03.382Z,dog,F
1615391948359,drag,0.079,2021-03-10T16:12:03.715Z,dog,NA
1615391948359,click,NA,2021-03-10T16:12:03.721Z,dog,F
1615391948359,hover,0.503,2021-03-10T16:12:03.914Z,dog,F
1615391948359,drag,0.102,2021-03-10T16:12:04.415Z,dog,NA
1615391948359,click,NA,2021-03-10T16:12:04.420Z,dog,F
1615391948359,drag,0.092,2021-03-10T16:12:05.142Z,dog,NA
1615391948359,click,NA,2021-03-10T16:12:05.146Z,dog,F
1615391948359,hover,1.199,2021-03-10T16:12:05.347Z,dog,F
1615391948359,drag,0.091,2021-03-10T16:12:05.703Z,dog,NA
1615391948359,click,NA,2021-03-10T16:12:05.706Z,dog,F
1615391948359,hover,0.555,2021-03-10T16:12:05.920Z,dog,F
1615391948359,drag,0.107,2021-03-10T16:12:06.509Z,dog,NA
1615391948359,click,NA,2021-03-10T16:12:06.513Z,dog,F
1615391948359,hover,0.549,2021-03-10T16:12:06.846Z,dog,F
1615391948359,category_click,NA,2021-03-10T16:12:10.782Z,dog,NA
1615391948359,drag,0.094,2021-03-10T16:12:11.799Z,dog,NA
1615391948359,click,NA,2021-03-10T16:12:11.803Z,dog,T
1615391948359,hover,0.921,2021-03-10T16:12:12.112Z,dog,T
1615391948359,drag,0.129,2021-03-10T16:12:12.475Z,dog,NA
1615391948359,click,NA,2021-03-10T16:12:12.481Z,dog,T
1615391948359,hover,0.541,2021-03-10T16:12:12.657Z,dog,T
1615391948359,drag,0.091,2021-03-10T16:12:13.581Z,dog,NA
1615391948359,click,NA,2021-03-10T16:12:13.586Z,dog,T
1615391948359,hover,0.449,2021-03-10T16:12:13.789Z,dog,T
1615391948359,drag,0.105,2021-03-10T16:12:14.285Z,dog,NA
1615391948359,click,NA,2021-03-10T16:12:14.289Z,dog,T
1615391948359,hover,0.886,2021-03-10T16:12:14.925Z,dog,T
1615391948359,set_attribute_weight_vector_select,NA,2021-03-10T16:12:21.434Z,dog,NA
1615391948359,hover,0.016,2021-03-10T16:12:22.681Z,dog,F
1615391948359,drag,0.1,2021-03-10T16:12:27.356Z,dog,NA
1615391948359,click,NA,2021-03-10T16:12:27.361Z,dog,T
1615391948359,drag,0.113,2021-03-10T16:12:27.875Z,dog,NA
1615391948359,click,NA,2021-03-10T16:12:27.880Z,dog,T
1615391948359,hover,1.079,2021-03-10T16:12:28.095Z,dog,F
1615391948359,hover,0.033,2021-03-10T16:12:28.143Z,dog,F
1615391948359,drag,0.104,2021-03-10T16:12:28.675Z,dog,NA
1615391948359,click,NA,2021-03-10T16:12:28.679Z,dog,T
1615391948359,hover,0.599,2021-03-10T16:12:28.841Z,dog,F
1615391948359,hover,0.097,2021-03-10T16:12:28.941Z,dog,F
1615391948359,click,NA,2021-03-10T16:12:29.107Z,dog,T
1615391948359,drag,0.071,2021-03-10T16:12:29.103Z,dog,NA
1615391948359,hover,0.237,2021-03-10T16:12:29.246Z,dog,F
1615391948359,hover,0.017,2021-03-10T16:12:48.274Z,dog,T
1615391948359,hover,0.016,2021-03-10T16:12:48.340Z,dog,T
1615391948359,hover,0.441,2021-03-10T16:12:48.783Z,dog,T
1615391948359,hover,0.032,2021-03-10T16:12:53.285Z,dog,T
1615391948359,hover,0.017,2021-03-10T16:12:53.368Z,dog,T
1615391948359,drag,0.085,2021-03-10T16:12:55.852Z,dog,NA
1615391948359,click,NA,2021-03-10T16:12:55.857Z,dog,T
1615391948359,hover,0.487,2021-03-10T16:12:56.066Z,dog,T
1615391948359,drag,0.113,2021-03-10T16:12:56.712Z,dog,NA
1615391948359,click,NA,2021-03-10T16:12:56.715Z,dog,T
1615391948359,hover,0.549,2021-03-10T16:12:56.998Z,dog,T
1615391948359,hover,0.017,2021-03-10T16:12:57.681Z,dog,F
1615391948359,hover,0.033,2021-03-10T16:12:57.897Z,dog,F
1615391948359,hover,0.018,2021-03-10T16:12:59.763Z,dog,F
1615391948359,hover,0.016,2021-03-10T16:12:59.796Z,dog,F
1615391948359,hover,0.017,2021-03-10T16:13:00.045Z,dog,T
1615391948359,hover,0.071,2021-03-10T16:12:59.869Z,dog,F
1615391948359,set_attribute_weight_vector_select,NA,2021-03-10T16:13:06.048Z,dog,NA
1615391948359,set_attribute_weight_vector_select,NA,2021-03-10T16:13:12.711Z,dog,NA
1615391948359,hover,0.066,2021-03-10T16:13:13.932Z,dog,T
1615391948359,hover,0.017,2021-03-10T16:13:14.082Z,dog,F
1615391948359,set_attribute_weight_vector_select,NA,2021-03-10T16:13:20.981Z,dog,NA
1615391948359,set_attribute_weight_vector_select,NA,2021-03-10T16:13:29.605Z,dog,NA
1615391948359,set_attribute_weight_vector_select,NA,2021-03-10T16:13:34.554Z,dog,NA
1615391948359,set_attribute_weight_vector_select,NA,2021-03-10T16:13:38.663Z,dog,NA
1615391948359,set_attribute_weight_vector_select,NA,2021-03-10T16:13:44.374Z,dog,NA
1615391948359,hover,0.05,2021-03-10T16:13:47.935Z,dog,F
1615391948359,hover,0.016,2021-03-10T16:13:49.166Z,dog,F
1615391948359,hover,0.433,2021-03-10T16:13:49.616Z,dog,F
1615391948359,hover,0.017,2021-03-10T16:13:50.015Z,dog,F
1615391948359,hover,0.017,2021-03-10T16:13:50.265Z,dog,F
1615391948359,hover,0.095,2021-03-10T16:13:50.365Z,dog,F
1615391948359,hover,0.013,2021-03-10T16:13:50.381Z,dog,F
1615391948359,hover,0.15,2021-03-10T16:13:50.598Z,dog,F
1615391948359,hover,0.016,2021-03-10T16:13:50.764Z,dog,F
1615391948359,set_attribute_weight_vector_select,NA,2021-03-10T16:13:59.506Z,dog,NA
1615391948359,hover,0.016,2021-03-10T16:14:02.803Z,dog,F
1615391948359,hover,0.017,2021-03-10T16:14:02.836Z,dog,F
1615391948359,hover,0.013,2021-03-10T16:14:02.854Z,dog,F
1615391948359,hover,0.066,2021-03-10T16:14:02.936Z,dog,F
1615391948359,hover,0.017,2021-03-10T16:14:03.069Z,dog,F
1615391948359,hover,0.033,2021-03-10T16:14:03.902Z,dog,T
1615391948359,hover,0.016,2021-03-10T16:14:03.951Z,dog,F
1615391948359,hover,0.016,2021-03-10T16:14:04.252Z,dog,F
1615391948359,hover,0.017,2021-03-10T16:14:04.285Z,dog,F
1615391948359,hover,0.016,2021-03-10T16:14:04.368Z,dog,T
1615391948359,hover,0.016,2021-03-10T16:14:04.451Z,dog,T
1615391948359,hover,0.017,2021-03-10T16:14:05.350Z,dog,F
1615391948359,set_attribute_weight_vector_select,NA,2021-03-10T16:14:34.591Z,dog,NA
1615391948359,hover,0.033,2021-03-10T16:14:55.037Z,dog,T
1615391948359,category_click,NA,2021-03-10T16:14:59.225Z,dog,NA
1615391948359,hover,0.083,2021-03-10T16:15:00.731Z,dog,F
1615391948359,drag,0.216,2021-03-10T16:15:02.092Z,dog,NA
1615391948359,click,NA,2021-03-10T16:15:02.097Z,dog,F
1615391948359,hover,0.733,2021-03-10T16:15:02.281Z,dog,F
1615391948359,hover,0.066,2021-03-10T16:15:03.629Z,dog,F
1615391948359,hover,0.104,2021-03-10T16:15:04.861Z,dog,F
1615391948359,drag,0.213,2021-03-10T16:15:05.521Z,dog,NA
1615391948359,click,NA,2021-03-10T16:15:05.525Z,dog,F
1615391948359,hover,0.832,2021-03-10T16:15:05.710Z,dog,F
1615391948359,hover,0.051,2021-03-10T16:15:07.692Z,dog,F
1615391948359,hover,0.083,2021-03-10T16:15:07.791Z,dog,F
1615391948359,hover,0.171,2021-03-10T16:15:08.025Z,dog,F
1615391948359,drag,0.215,2021-03-10T16:15:09.417Z,dog,NA
1615391948359,click,NA,2021-03-10T16:15:09.423Z,dog,F
1615391948359,hover,0.749,2021-03-10T16:15:09.608Z,dog,F
1615391948359,drag,0.216,2021-03-10T16:15:10.099Z,dog,NA
1615391948359,click,NA,2021-03-10T16:15:10.105Z,dog,F
1615391948359,hover,0.772,2021-03-10T16:15:10.384Z,dog,F
1615391948359,hover,0.012,2021-03-10T16:15:10.705Z,dog,F
1615391948359,hover,0.049,2021-03-10T16:15:10.772Z,dog,F
1615391948359,drag,0.214,2021-03-10T16:15:11.589Z,dog,NA
1615391948359,click,NA,2021-03-10T16:15:11.594Z,dog,F
1615391948359,drag,0.213,2021-03-10T16:15:12.307Z,dog,NA
1615391948359,click,NA,2021-03-10T16:15:12.309Z,dog,F
1615391948359,hover,1.349,2021-03-10T16:15:12.472Z,dog,F
1615391948359,hover,0.012,2021-03-10T16:15:12.487Z,dog,F
1615391948359,hover,0.133,2021-03-10T16:15:12.721Z,dog,F
1615391948359,drag,0.215,2021-03-10T16:15:13.552Z,dog,NA
1615391948359,click,NA,2021-03-10T16:15:13.558Z,dog,F
1615391948359,hover,0.899,2021-03-10T16:15:13.786Z,dog,F
1615391948359,hover,0.083,2021-03-10T16:15:13.986Z,dog,F
1615391948359,drag,0.216,2021-03-10T16:15:14.739Z,dog,NA
1615391948359,click,NA,2021-03-10T16:15:14.744Z,dog,F
1615391948359,hover,0.865,2021-03-10T16:15:14.902Z,dog,F
1615391948359,drag,0.215,2021-03-10T16:15:15.740Z,dog,NA
1615391948359,click,NA,2021-03-10T16:15:15.744Z,dog,F
1615391948359,hover,0.551,2021-03-10T16:15:15.836Z,dog,F
1615391948359,drag,0.215,2021-03-10T16:15:17.510Z,dog,NA
1615391948359,click,NA,2021-03-10T16:15:17.515Z,dog,F
1615391948359,hover,0.615,2021-03-10T16:15:17.666Z,dog,F
1615391948359,hover,0.016,2021-03-10T16:15:17.699Z,dog,F
1615391948359,hover,0.05,2021-03-10T16:15:18.149Z,dog,F
1615391948359,hover,0.012,2021-03-10T16:15:18.915Z,dog,F
1615391948359,hover,0.017,2021-03-10T16:15:18.948Z,dog,F
1615391948359,hover,0.017,2021-03-10T16:15:19.281Z,dog,F
1615391948359,set_attribute_weight_vector_select,NA,2021-03-10T16:15:26.689Z,dog,NA
1615391948359,set_attribute_weight_vector_select,NA,2021-03-10T16:15:27.873Z,dog,NA
1615391948359,hover,0.017,2021-03-10T16:15:29.438Z,dog,T
1615391948359,set_attribute_weight_vector_select,NA,2021-03-10T16:15:33.182Z,dog,NA
1615391948359,hover,0.017,2021-03-10T16:15:34.600Z,dog,F
1615391948359,hover,0.017,2021-03-10T16:15:45.556Z,dog,F
1615391948359,set_attribute_weight_vector_select,NA,2021-03-10T16:15:49.636Z,dog,NA
1615391948359,hover,0.016,2021-03-10T16:15:51.367Z,dog,F
1615391948359,hover,0.013,2021-03-10T16:15:51.384Z,dog,F
1615391948359,hover,0.016,2021-03-10T16:15:52.916Z,dog,F
1615391948359,hover,0.015,2021-03-10T16:15:53.982Z,dog,F
1615391948359,set_attribute_weight_vector_select,NA,2021-03-10T16:15:59.839Z,dog,NA
1615391948359,set_attribute_weight_vector_select,NA,2021-03-10T16:16:05.501Z,dog,NA
1615391948359,hover,0.25,2021-03-10T16:16:10.835Z,dog,T
1615391948359,hover,0.017,2021-03-10T16:16:18.694Z,dog,F
1615391948359,help_hover,0.018,2021-03-10T16:16:19.694Z,dog,NA
1615391948359,hover,0.016,2021-03-10T16:16:30.531Z,dog,F
1615391948359,hover,0.279,2021-03-10T16:16:30.813Z,dog,F
1615391948359,hover,0.017,2021-03-10T16:17:22.349Z,dog,F
1615391948359,hover,0.013,2021-03-10T16:17:22.367Z,dog,F
1615391948359,hover,0.017,2021-03-10T16:17:23.598Z,dog,F
1615391948359,hover,0.013,2021-03-10T16:17:23.615Z,dog,F
1615391948359,hover,0.016,2021-03-10T16:17:23.865Z,dog,F
1615391948359,hover,0.016,2021-03-10T16:17:23.964Z,dog,F
1615391948359,hover,0.017,2021-03-10T16:17:24.181Z,dog,F
1615391948359,hover,0.016,2021-03-10T16:17:24.480Z,dog,F
1615391948359,hover,0.018,2021-03-10T16:17:24.631Z,dog,T
1615391948359,hover,0.013,2021-03-10T16:17:24.647Z,dog,T
1615391948359,hover,0.016,2021-03-10T16:17:24.997Z,dog,T
1615391948359,hover,0.016,2021-03-10T16:17:25.080Z,dog,F
1615391948359,hover,0.016,2021-03-10T16:17:25.146Z,dog,T
1615391948359,hover,0.016,2021-03-10T16:17:25.230Z,dog,F
1615391948359,hover,0.016,2021-03-10T16:17:25.347Z,dog,T
1615391948359,hover,0.05,2021-03-10T16:17:25.413Z,dog,F
1615391948359,hover,0.016,2021-03-10T16:17:26.278Z,dog,F
1615391948359,hover,0.015,2021-03-10T16:17:26.313Z,dog,F
1615391948359,hover,0.033,2021-03-10T16:17:27.012Z,dog,F
1615391948359,hover,0.116,2021-03-10T16:17:28.127Z,dog,F
1615391948359,hover,0.19,2021-03-10T16:17:28.821Z,dog,F
1615391948359,hover,0.015,2021-03-10T16:17:28.863Z,dog,F
1615391948359,hover,0.199,2021-03-10T16:17:29.159Z,dog,T
1615391948359,hover,0.08,2021-03-10T16:17:29.243Z,dog,T
1615391948359,hover,0.017,2021-03-10T16:17:29.809Z,dog,F
1615391948359,category_click,NA,2021-03-10T16:17:32.422Z,dog,NA
1615391948359,category_click,NA,2021-03-10T16:17:34.078Z,dog,NA
1615391948359,drag,0.085,2021-03-10T16:17:35.229Z,dog,NA
1615391948359,click,NA,2021-03-10T16:17:35.234Z,dog,F
1615391948359,hover,0.803,2021-03-10T16:17:35.641Z,dog,F
1615391948359,hover,0.05,2021-03-10T16:17:35.737Z,dog,F
1615391948359,hover,0.141,2021-03-10T16:17:35.882Z,dog,F
1615391948359,drag,0.077,2021-03-10T16:17:36.504Z,dog,NA
1615391948359,click,NA,2021-03-10T16:17:36.507Z,dog,F
1615391948359,hover,0.452,2021-03-10T16:17:36.702Z,dog,F
1615391948359,hover,0.031,2021-03-10T16:17:36.736Z,dog,F
1615391948359,drag,0.106,2021-03-10T16:17:37.045Z,dog,NA
1615391948359,click,NA,2021-03-10T16:17:37.051Z,dog,F
1615391948359,hover,0.583,2021-03-10T16:17:37.336Z,dog,F
1615391948359,drag,0.106,2021-03-10T16:17:37.800Z,dog,NA
1615391948359,click,NA,2021-03-10T16:17:37.803Z,dog,T
1615391948359,hover,0.443,2021-03-10T16:17:37.863Z,dog,T
1615391948359,hover,0.083,2021-03-10T16:17:38.051Z,dog,F
1615391948359,hover,0.196,2021-03-10T16:17:38.250Z,dog,F
1615391948359,hover,0.129,2021-03-10T16:17:38.383Z,dog,F
1615391948359,drag,0.092,2021-03-10T16:17:38.566Z,dog,NA
1615391948359,click,NA,2021-03-10T16:17:38.569Z,dog,F
1615391948359,hover,0.393,2021-03-10T16:17:38.780Z,dog,F
1615391948359,hover,0.203,2021-03-10T16:17:38.988Z,dog,F
1615391948359,hover,0.006,2021-03-10T16:17:39.236Z,dog,F
1615391948359,drag,0.105,2021-03-10T16:17:39.617Z,dog,NA
1615391948359,click,NA,2021-03-10T16:17:39.620Z,dog,F
1615391948359,hover,0.577,2021-03-10T16:17:39.816Z,dog,F
1615391948359,hover,0.629,2021-03-10T16:17:40.449Z,dog,F
1615391948359,drag,0.109,2021-03-10T16:17:41.311Z,dog,NA
1615391948359,click,NA,2021-03-10T16:17:41.316Z,dog,F
1615391948359,hover,0.982,2021-03-10T16:17:41.531Z,dog,F
1615391948359,hover,0.082,2021-03-10T16:17:41.730Z,dog,T
1615391948359,drag,0.115,2021-03-10T16:17:42.057Z,dog,NA
1615391948359,click,NA,2021-03-10T16:17:42.062Z,dog,T
1615391948359,hover,0.936,2021-03-10T16:17:42.668Z,dog,T
1615391948359,drag,0.105,2021-03-10T16:17:42.787Z,dog,NA
1615391948359,click,NA,2021-03-10T16:17:42.791Z,dog,T
1615391948359,hover,0.275,2021-03-10T16:17:42.947Z,dog,T
1615391948359,hover,0.066,2021-03-10T16:17:43.030Z,dog,F
1615391948359,drag,0.087,2021-03-10T16:17:43.250Z,dog,NA
1615391948359,click,NA,2021-03-10T16:17:43.255Z,dog,F
1615391948359,hover,0.498,2021-03-10T16:17:43.629Z,dog,F
1615391948359,hover,1.015,2021-03-10T16:17:45.428Z,dog,F
1615391948359,hover,0.016,2021-03-10T16:17:50.523Z,dog,T
1615391948359,hover,0.012,2021-03-10T16:17:50.539Z,dog,F
1615391948359,hover,0.05,2021-03-10T16:18:31.551Z,dog,F
1615391948359,category_click,NA,2021-03-10T16:18:33.298Z,dog,NA
1615391948359,drag,0.079,2021-03-10T16:18:34.406Z,dog,NA
1615391948359,click,NA,2021-03-10T16:18:34.410Z,dog,T
1615391948359,hover,0.499,2021-03-10T16:18:34.632Z,dog,T
1615391948359,drag,0.086,2021-03-10T16:18:34.974Z,dog,NA
1615391948359,click,NA,2021-03-10T16:18:34.978Z,dog,T
1615391948359,hover,0.705,2021-03-10T16:18:35.448Z,dog,T
1615391948359,hover,0.031,2021-03-10T16:18:35.482Z,dog,T
1615391948359,drag,0.086,2021-03-10T16:18:36.132Z,dog,NA
1615391948359,click,NA,2021-03-10T16:18:36.137Z,dog,T
1615391948359,hover,0.615,2021-03-10T16:18:36.364Z,dog,T
1615391948359,drag,0.094,2021-03-10T16:18:36.885Z,dog,NA
1615391948359,click,NA,2021-03-10T16:18:36.890Z,dog,F
1615391948359,hover,0.71,2021-03-10T16:18:37.141Z,dog,F
1615391948359,hover,0.035,2021-03-10T16:18:37.198Z,dog,F
1615391948359,drag,0.074,2021-03-10T16:18:37.864Z,dog,NA
1615391948359,click,NA,2021-03-10T16:18:37.866Z,dog,F
1615391948359,hover,0.527,2021-03-10T16:18:38.129Z,dog,F
1615391948359,drag,0.113,2021-03-10T16:18:39.691Z,dog,NA
1615391948359,click,NA,2021-03-10T16:18:39.696Z,dog,F
1615391948359,drag,0.217,2021-03-10T16:18:43.866Z,dog,NA
1615391948359,click,NA,2021-03-10T16:18:43.872Z,dog,F
1615391948359,hover,7.925,2021-03-10T16:18:47.353Z,dog,F
1615391948359,hover,0.017,2021-03-10T16:18:47.404Z,dog,F
1615391948359,hover,0.132,2021-03-10T16:18:48.353Z,dog,F
1615391948359,hover,0.083,2021-03-10T16:18:48.469Z,dog,F
1615391948359,hover,5.194,2021-03-10T16:18:53.697Z,dog,F
1615391948359,hover,0.017,2021-03-10T16:18:54.247Z,dog,F
1615391948359,set_attribute_weight_vector_select,NA,2021-03-10T16:18:59.699Z,dog,NA
1615391948359,hover,0.05,2021-03-10T16:19:14.245Z,dog,T
1615391948359,hover,0.017,2021-03-10T16:19:14.412Z,dog,T
1615391948359,hover,0.016,2021-03-10T16:20:10.808Z,dog,F
1615391948359,hover,0.016,2021-03-10T16:20:10.859Z,dog,F
1615391948359,hover,0.009,2021-03-10T16:20:12.291Z,dog,F
1615391948359,set_attribute_weight_vector_select,NA,2021-03-10T16:20:16.038Z,dog,NA
1615391948359,set_attribute_weight_vector_select,NA,2021-03-10T16:20:22.858Z,dog,NA
1615391948359,set_attribute_weight_vector_select,NA,2021-03-10T16:20:22.979Z,dog,NA
1615391948359,set_attribute_weight_vector_select,NA,2021-03-10T16:20:26.796Z,dog,NA
1615391948359,hover,0.016,2021-03-10T16:20:31.023Z,dog,F
1615391948359,hover,0.013,2021-03-10T16:20:31.040Z,dog,F
1615391948359,hover,0.016,2021-03-10T16:20:31.489Z,dog,F
1615391948359,category_click,NA,2021-03-10T16:20:41.803Z,dog,NA
1615391948359,drag,0.047,2021-03-10T16:20:43.280Z,dog,NA
1615391948359,click,NA,2021-03-10T16:20:43.284Z,dog,F
1615391948359,hover,0.482,2021-03-10T16:20:43.544Z,dog,F
1615391948359,hover,0.049,2021-03-10T16:20:43.778Z,dog,F
1615391948359,hover,0.049,2021-03-10T16:20:43.911Z,dog,F
1615391948359,hover,0.033,2021-03-10T16:20:44.943Z,dog,F
1615391948359,hover,0.197,2021-03-10T16:20:45.143Z,dog,F
1615391948359,hover,0.052,2021-03-10T16:20:45.580Z,dog,F
1615391948359,hover,0.031,2021-03-10T16:20:46.009Z,dog,F
1615391948359,drag,0.108,2021-03-10T16:20:46.216Z,dog,NA
1615391948359,click,NA,2021-03-10T16:20:46.220Z,dog,F
1615391948359,hover,0.513,2021-03-10T16:20:46.525Z,dog,F
1615391948359,drag,0.1,2021-03-10T16:20:46.819Z,dog,NA
1615391948359,click,NA,2021-03-10T16:20:46.824Z,dog,F
1615391948359,hover,0.531,2021-03-10T16:20:47.060Z,dog,F
1615391948359,drag,0.078,2021-03-10T16:20:47.643Z,dog,NA
1615391948359,click,NA,2021-03-10T16:20:47.646Z,dog,F
1615391948359,hover,0.592,2021-03-10T16:20:47.851Z,dog,F
1615391948359,set_attribute_weight_vector_select,NA,2021-03-10T16:20:52.318Z,dog,NA
1615391948359,hover,0.016,2021-03-10T16:20:53.036Z,dog,F
1615391948359,hover,0.013,2021-03-10T16:20:53.052Z,dog,F
1615391948359,hover,0.016,2021-03-10T16:20:53.552Z,dog,F
1615391948359,hover,0.033,2021-03-10T16:20:54.451Z,dog,F
1615391948359,hover,0.134,2021-03-10T16:20:54.601Z,dog,F
1615391948359,category_click,NA,2021-03-10T16:20:58.464Z,dog,NA
1615391948359,hover,0.016,2021-03-10T16:20:59.446Z,dog,F
1615391948359,hover,0.877,2021-03-10T16:21:00.928Z,dog,F
1615391948359,hover,0.021,2021-03-10T16:21:01.833Z,dog,T
1615391948359,hover,1.367,2021-03-10T16:21:03.228Z,dog,T
1615391948359,drag,0.098,2021-03-10T16:21:04.248Z,dog,NA
1615391948359,click,NA,2021-03-10T16:21:04.254Z,dog,F
1615391948359,hover,0.724,2021-03-10T16:21:04.542Z,dog,F
1615391948359,hover,0.047,2021-03-10T16:21:04.592Z,dog,F
1615391948359,hover,1.742,2021-03-10T16:21:06.408Z,dog,F
1615391948359,hover,0.158,2021-03-10T16:21:06.582Z,dog,F
1615391948359,hover,1.78,2021-03-10T16:21:08.365Z,dog,F
1615391948359,hover,0.017,2021-03-10T16:21:09.738Z,dog,F
1615391948359,hover,0.016,2021-03-10T16:21:10.270Z,dog,F
1615391948359,hover,0.016,2021-03-10T16:21:12.401Z,dog,F
1615391948359,set_attribute_weight_vector_select,NA,2021-03-10T16:21:16.784Z,dog,NA
1615391948359,hover,0.016,2021-03-10T16:21:23.757Z,dog,F
1615391948359,hover,0.032,2021-03-10T16:21:23.691Z,dog,F
1615391948359,set_attribute_weight_vector_select,NA,2021-03-10T16:21:34.704Z,dog,NA
1615391948359,set_attribute_weight_vector_select,NA,2021-03-10T16:21:39.921Z,dog,NA
1615391948359,hover,0.017,2021-03-10T16:21:42.323Z,dog,F
1615391948359,hover,0.017,2021-03-10T16:21:42.456Z,dog,F
1615391948359,hover,0.017,2021-03-10T16:21:42.939Z,dog,F
1615391948359,category_click,NA,2021-03-10T16:21:46.556Z,dog,NA
1615391948359,drag,0.07,2021-03-10T16:21:47.525Z,dog,NA
1615391948359,click,NA,2021-03-10T16:21:47.529Z,dog,F
1615391948359,hover,0.5,2021-03-10T16:21:47.768Z,dog,F
1615391948359,hover,0.02,2021-03-10T16:21:48.483Z,dog,F
1615391948359,drag,0.064,2021-03-10T16:21:49.237Z,dog,NA
1615391948359,click,NA,2021-03-10T16:21:49.243Z,dog,F
1615391948359,hover,0.715,2021-03-10T16:21:49.516Z,dog,F
1615391948359,hover,0.06,2021-03-10T16:21:50.016Z,dog,F
1615391948359,drag,0.107,2021-03-10T16:21:50.438Z,dog,NA
1615391948359,click,NA,2021-03-10T16:21:50.442Z,dog,F
1615391948359,hover,0.642,2021-03-10T16:21:50.675Z,dog,F
1615391948359,drag,0.063,2021-03-10T16:21:51.204Z,dog,NA
1615391948359,click,NA,2021-03-10T16:21:51.209Z,dog,F
1615391948359,hover,0.632,2021-03-10T16:21:51.447Z,dog,F
1615391948359,drag,0.113,2021-03-10T16:21:53.231Z,dog,NA
1615391948359,click,NA,2021-03-10T16:21:53.236Z,dog,F
1615391948359,hover,0.773,2021-03-10T16:21:53.636Z,dog,F
1615391948359,drag,0.079,2021-03-10T16:21:53.899Z,dog,NA
1615391948359,click,NA,2021-03-10T16:21:53.904Z,dog,F
1615391948359,hover,0.539,2021-03-10T16:21:54.178Z,dog,F
1615391948359,hover,0.033,2021-03-10T16:21:56.176Z,dog,T
1615391948359,hover,0.016,2021-03-10T16:21:56.743Z,dog,F
1615391948359,hover,0.015,2021-03-10T16:21:56.926Z,dog,T
1615391948359,hover,0.014,2021-03-10T16:21:56.943Z,dog,T
1615391948359,hover,0.061,2021-03-10T16:21:57.009Z,dog,F
1615391948359,hover,0.033,2021-03-10T16:21:57.225Z,dog,F
1615391948359,category_click,NA,2021-03-10T16:22:05.973Z,dog,NA
1615391948359,category_click,NA,2021-03-10T16:22:07.208Z,dog,NA
1615391948359,hover,0.166,2021-03-10T16:22:07.766Z,dog,F
1615391948359,hover,0.114,2021-03-10T16:22:07.913Z,dog,T
1615391948359,drag,0.063,2021-03-10T16:22:08.089Z,dog,NA
1615391948359,click,NA,2021-03-10T16:22:08.092Z,dog,T
1615391948359,hover,0.5,2021-03-10T16:22:08.416Z,dog,T
1615391948359,drag,0.084,2021-03-10T16:22:08.834Z,dog,NA
1615391948359,click,NA,2021-03-10T16:22:08.838Z,dog,T
1615391948359,hover,0.736,2021-03-10T16:22:09.155Z,dog,T
1615391948359,hover,0.189,2021-03-10T16:22:09.347Z,dog,T
1615391948359,drag,0.106,2021-03-10T16:22:09.524Z,dog,NA
1615391948359,click,NA,2021-03-10T16:22:09.527Z,dog,F
1615391948359,hover,0.48,2021-03-10T16:22:09.830Z,dog,F
1615391948359,drag,0.107,2021-03-10T16:22:10.192Z,dog,NA
1615391948359,click,NA,2021-03-10T16:22:10.196Z,dog,T
1615391948359,hover,0.483,2021-03-10T16:22:10.397Z,dog,T
1615391948359,drag,0.123,2021-03-10T16:22:11.068Z,dog,NA
1615391948359,click,NA,2021-03-10T16:22:11.072Z,dog,T
1615391948359,hover,0.898,2021-03-10T16:22:11.329Z,dog,T
1615391948359,hover,0.015,2021-03-10T16:22:11.346Z,dog,F
1615391948359,set_attribute_weight_vector_select,NA,2021-03-10T16:22:16.212Z,dog,NA
1615391948359,set_attribute_weight_vector_select,NA,2021-03-10T16:22:20.644Z,dog,NA
1615391948359,set_attribute_weight_vector_select,NA,2021-03-10T16:22:22.566Z,dog,NA
1615391948359,set_attribute_weight_vector_select,NA,2021-03-10T16:22:26.057Z,dog,NA
1615391948359,drag,0.064,2021-03-10T16:22:30.359Z,dog,NA
1615391948359,click,NA,2021-03-10T16:22:30.365Z,dog,F
1615391948359,hover,0.572,2021-03-10T16:22:30.567Z,dog,F
1615391948359,hover,0.017,2021-03-10T16:22:30.611Z,dog,F
1615391948359,set_attribute_weight_vector_select,NA,2021-03-10T16:22:32.477Z,dog,NA
1615391948359,set_attribute_weight_vector_select,NA,2021-03-10T16:22:37.498Z,dog,NA
1615391948359,set_attribute_weight_vector_select,NA,2021-03-10T16:22:40.317Z,dog,NA
1615391948359,set_attribute_weight_vector_select,NA,2021-03-10T16:22:44.054Z,dog,NA
1615391948359,category_click,NA,2021-03-10T16:22:51.269Z,dog,NA
1615391948359,hover,0.017,2021-03-10T16:22:51.575Z,dog,T
1615391948359,drag,0.078,2021-03-10T16:22:52.260Z,dog,NA
1615391948359,click,NA,2021-03-10T16:22:52.264Z,dog,F
1615391948359,hover,0.471,2021-03-10T16:22:52.495Z,dog,F
1615391948359,set_attribute_weight_vector_init,NA,2021-03-10T16:23:34.574Z,bball,NA
1615391948359,set_attribute_weight_vector_init,NA,2021-03-10T16:23:34.575Z,bball,NA
1615391948359,hover,0.245,2021-03-10T16:23:35.063Z,bball,F
1615391948359,set_attribute_weight_vector_select,NA,2021-03-10T16:23:47.925Z,bball,NA
1615391948359,set_attribute_weight_vector_select,NA,2021-03-10T16:23:52.855Z,bball,NA
1615391948359,set_attribute_weight_vector_select,NA,2021-03-10T16:23:57.040Z,bball,NA
1615391948359,set_attribute_weight_vector_select,NA,2021-03-10T16:24:00.037Z,bball,NA
1615391948359,set_attribute_weight_vector_select,NA,2021-03-10T16:24:02.278Z,bball,NA
1615391948359,set_attribute_weight_vector_select,NA,2021-03-10T16:24:05.689Z,bball,NA
1615391948359,set_attribute_weight_vector_select,NA,2021-03-10T16:24:09.197Z,bball,NA
1615391948359,set_attribute_weight_vector_select,NA,2021-03-10T16:24:14.947Z,bball,NA
1615391948359,hover,0.084,2021-03-10T16:24:24.754Z,bball,T
1615391948359,hover,5.728,2021-03-10T16:24:24.655Z,bball,T
1615391948359,hover,0.016,2021-03-10T16:24:25.287Z,bball,F
1615391948359,hover,0.03,2021-03-10T16:24:25.321Z,bball,T
1615391948359,hover,0.134,2021-03-10T16:24:25.521Z,bball,F
1615391948359,hover,0.068,2021-03-10T16:24:25.637Z,bball,T
1615391948359,hover,0.113,2021-03-10T16:24:25.753Z,bball,F
1615391948359,hover,0.023,2021-03-10T16:24:25.902Z,bball,F
1615391948359,set_attribute_weight_vector_select,NA,2021-03-10T16:24:29.423Z,bball,NA
1615391948359,set_attribute_weight_vector_select,NA,2021-03-10T16:24:40.851Z,bball,NA
1615391948359,set_attribute_weight_vector_select,NA,2021-03-10T16:24:51.438Z,bball,NA
1615391948359,set_attribute_weight_vector_select,NA,2021-03-10T16:25:11.553Z,bball,NA
1615391948359,hover,0.016,2021-03-10T16:25:14.474Z,bball,F
1615391948359,set_attribute_weight_vector_select,NA,2021-03-10T16:25:56.221Z,bball,NA
1615391948359,set_attribute_weight_vector_select,NA,2021-03-10T16:26:00.008Z,bball,NA
1615391948359,set_attribute_weight_vector_select,NA,2021-03-10T16:26:06.869Z,bball,NA
1615391948359,set_attribute_weight_vector_select,NA,2021-03-10T16:26:19.840Z,bball,NA
1615391948359,set_attribute_weight_vector_select,NA,2021-03-10T16:26:24.132Z,bball,NA
1615391948359,hover,0.016,2021-03-10T16:26:24.892Z,bball,F
1615391948359,set_attribute_weight_vector_select,NA,2021-03-10T16:26:40.752Z,bball,NA
1615391948359,set_attribute_weight_vector_select,NA,2021-03-10T16:27:06.934Z,bball,NA
1615391948359,set_attribute_weight_vector_select,NA,2021-03-10T16:27:09.541Z,bball,NA
1615391948359,set_attribute_weight_vector_select,NA,2021-03-10T16:27:15.647Z,bball,NA
1615391948359,set_attribute_weight_vector_select,NA,2021-03-10T16:27:19.148Z,bball,NA
1615391948359,set_attribute_weight_vector_select,NA,2021-03-10T16:27:31.720Z,bball,NA
1615391948359,set_attribute_weight_vector_select,NA,2021-03-10T16:27:37.376Z,bball,NA
1615391948359,set_attribute_weight_vector_select,NA,2021-03-10T16:27:39.577Z,bball,NA
1615391948359,set_attribute_weight_vector_select,NA,2021-03-10T16:27:42.668Z,bball,NA
1615391948359,set_attribute_weight_vector_select,NA,2021-03-10T16:27:44.575Z,bball,NA
1615391948359,set_attribute_weight_vector_select,NA,2021-03-10T16:27:47.437Z,bball,NA
1615391948359,set_attribute_weight_vector_select,NA,2021-03-10T16:27:50.420Z,bball,NA
1615391948359,set_attribute_weight_vector_select,NA,2021-03-10T16:27:56.276Z,bball,NA
1615391948359,set_attribute_weight_vector_select,NA,2021-03-10T16:27:58.288Z,bball,NA
1615391948359,hover,3.377,2021-03-10T16:28:07.144Z,bball,F
1615391948359,drag,4.572,2021-03-10T16:28:12.578Z,bball,NA
1615391948359,hover,0.016,2021-03-10T16:28:14.872Z,bball,F
1615391948359,hover,0.033,2021-03-10T16:28:15.221Z,bball,F
1615391948359,drag,0.623,2021-03-10T16:28:18.878Z,bball,NA
1615391948359,set_attribute_weight_vector_calc,NA,2021-03-10T16:28:18.883Z,bball,NA
1615391948359,hover,0.098,2021-03-10T16:28:33.069Z,bball,F
1615391948359,hover,0.063,2021-03-10T16:28:33.822Z,bball,F
1615391948359,hover,2.839,2021-03-10T16:28:36.720Z,bball,F
1615391948359,hover,0.016,2021-03-10T16:28:42.080Z,bball,F
1615391948359,hover,0.016,2021-03-10T16:28:45.260Z,bball,F
1615391948359,hover,0.016,2021-03-10T16:28:45.294Z,bball,F
1615391948359,hover,0.017,2021-03-10T16:28:45.627Z,bball,T
1615391948359,hover,0.016,2021-03-10T16:28:45.677Z,bball,T
1615391948359,set_attribute_weight_vector_select,NA,2021-03-10T16:28:50.047Z,bball,NA
1615391948359,set_attribute_weight_vector_select,NA,2021-03-10T16:28:52.186Z,bball,NA
1615391948359,set_attribute_weight_vector_select,NA,2021-03-10T16:28:58.325Z,bball,NA
1615391948359,set_attribute_weight_vector_select,NA,2021-03-10T16:29:05.972Z,bball,NA
1615391948359,set_attribute_weight_vector_select,NA,2021-03-10T16:29:10.968Z,bball,NA
1615391948359,set_attribute_weight_vector_select,NA,2021-03-10T16:29:13.564Z,bball,NA
1615391948359,set_attribute_weight_vector_select,NA,2021-03-10T16:29:20.278Z,bball,NA
1615391948359,set_attribute_weight_vector_select,NA,2021-03-10T16:29:27.039Z,bball,NA
1615391948359,hover,0.033,2021-03-10T16:29:28.970Z,bball,F
1615391948359,set_attribute_weight_vector_select,NA,2021-03-10T16:29:36.135Z,bball,NA
1615391948359,set_attribute_weight_vector_select,NA,2021-03-10T16:29:38.087Z,bball,NA
1615391948359,set_attribute_weight_vector_select,NA,2021-03-10T16:29:41.444Z,bball,NA
1615391948359,drag,0.411,2021-03-10T16:29:46.946Z,bball,NA
1615391948359,hover,0.297,2021-03-10T16:29:47.248Z,bball,F
1615391948359,hover,0.05,2021-03-10T16:29:48.001Z,bball,F
1615391948359,drag,0.904,2021-03-10T16:29:49.493Z,bball,NA
1615391948359,set_attribute_weight_vector_calc,NA,2021-03-10T16:29:49.499Z,bball,NA
1615391948359,hover,0.05,2021-03-10T16:29:53.462Z,bball,F
1615391948359,drag,0.485,2021-03-10T16:29:54.907Z,bball,NA
1615391948359,set_attribute_weight_vector_calc,NA,2021-03-10T16:29:54.911Z,bball,NA
1615391948359,hover,0.133,2021-03-10T16:29:55.056Z,bball,F
1615391948359,drag,0.543,2021-03-10T16:29:56.373Z,bball,NA
1615391948359,set_attribute_weight_vector_calc,NA,2021-03-10T16:29:56.375Z,bball,NA
1615391948359,drag,0.5,2021-03-10T16:29:57.950Z,bball,NA
1615391948359,set_attribute_weight_vector_calc,NA,2021-03-10T16:29:57.953Z,bball,NA
1615391948359,drag,0.545,2021-03-10T16:29:59.746Z,bball,NA
1615391948359,set_attribute_weight_vector_calc,NA,2021-03-10T16:29:59.747Z,bball,NA
1615391948359,hover,0.034,2021-03-10T16:29:59.990Z,bball,F
1615391948359,drag,0.503,2021-03-10T16:30:01.742Z,bball,NA
1615391948359,set_attribute_weight_vector_calc,NA,2021-03-10T16:30:01.743Z,bball,NA
1615391948359,hover,0.387,2021-03-10T16:30:02.143Z,bball,F
1615391948359,hover,0.017,2021-03-10T16:30:02.637Z,bball,T
1615391948359,drag,0.725,2021-03-10T16:30:03.967Z,bball,NA
1615391948359,set_attribute_weight_vector_calc,NA,2021-03-10T16:30:03.970Z,bball,NA
1615391948359,hover,0.12,2021-03-10T16:30:04.103Z,bball,F
1615391948359,hover,0.033,2021-03-10T16:30:04.685Z,bball,F
1615391948359,drag,3.37,2021-03-10T16:30:09.243Z,bball,NA
1615391948359,click,NA,2021-03-10T16:30:09.246Z,bball,NA
1615391948359,hover,4.228,2021-03-10T16:30:09.248Z,bball,F
1615391948359,hover,0.017,2021-03-10T16:30:09.464Z,bball,T
1615391948359,hover,0.632,2021-03-10T16:30:11.546Z,bball,F
1615391948359,hover,0.016,2021-03-10T16:30:12.594Z,bball,F
1615391948359,drag,0.1,2021-03-10T16:30:13.143Z,bball,NA
1615391948359,click,NA,2021-03-10T16:30:13.149Z,bball,NA
1615391948359,hover,0.982,2021-03-10T16:30:13.610Z,bball,F
1615391948359,hover,0.333,2021-03-10T16:30:14.677Z,bball,F
1615391948359,hover,0.048,2021-03-10T16:30:16.041Z,bball,F
1615391948359,hover,0.548,2021-03-10T16:30:16.907Z,bball,F
1615391948359,hover,2.196,2021-03-10T16:30:20.087Z,bball,F
1615391948359,hover,0.666,2021-03-10T16:30:21.138Z,bball,F
1615391948359,drag,0.152,2021-03-10T16:30:23.143Z,bball,NA
1615391948359,click,NA,2021-03-10T16:30:23.148Z,bball,NA
1615391948359,drag,0.281,2021-03-10T16:30:23.725Z,bball,NA
1615391948359,click,NA,2021-03-10T16:30:23.728Z,bball,NA
1615391948359,hover,0.861,2021-03-10T16:30:23.730Z,bball,F
1615391948359,hover,0.034,2021-03-10T16:30:24.583Z,bball,F
1615391948359,hover,0.067,2021-03-10T16:30:24.966Z,bball,F
1615391948359,drag,0.556,2021-03-10T16:30:25.752Z,bball,NA
1615391948359,set_attribute_weight_vector_calc,NA,2021-03-10T16:30:25.753Z,bball,NA
1615391948359,hover,0.048,2021-03-10T16:30:26.165Z,bball,F
1615391948359,hover,0.15,2021-03-10T16:30:26.682Z,bball,F
1615391948359,hover,0.475,2021-03-10T16:30:27.635Z,bball,F
1615391948359,hover,0.033,2021-03-10T16:30:32.859Z,bball,F
1615391948359,hover,0.016,2021-03-10T16:30:33.008Z,bball,F
1615391948359,hover,0.015,2021-03-10T16:30:32.808Z,bball,F
1615391948359,category_click,NA,2021-03-10T16:30:36.600Z,bball,NA
1615391948359,hover,0.003,2021-03-10T16:30:37.158Z,bball,F
1615391948359,hover,0.016,2021-03-10T16:30:37.188Z,bball,F
1615391948359,drag,0.079,2021-03-10T16:30:37.925Z,bball,NA
1615391948359,click,NA,2021-03-10T16:30:37.930Z,bball,F
1615391948359,hover,0.633,2021-03-10T16:30:38.154Z,bball,F
1615391948359,hover,0.002,2021-03-10T16:30:38.522Z,bball,F
1615391948359,hover,0.071,2021-03-10T16:30:38.608Z,bball,F
1615391948359,hover,0.032,2021-03-10T16:30:39.070Z,bball,F
1615391948359,hover,0.124,2021-03-10T16:30:39.736Z,bball,F
1615391948359,hover,0.016,2021-03-10T16:30:39.769Z,bball,F
1615391948359,hover,0.013,2021-03-10T16:30:39.785Z,bball,F
1615391948359,hover,0.002,2021-03-10T16:30:40.188Z,bball,F
1615391948359,drag,0.067,2021-03-10T16:30:40.561Z,bball,NA
1615391948359,click,NA,2021-03-10T16:30:40.566Z,bball,F
1615391948359,hover,0.666,2021-03-10T16:30:40.868Z,bball,F
1615391948359,hover,0.012,2021-03-10T16:30:40.885Z,bball,F
1615391948359,hover,0.002,2021-03-10T16:30:41.087Z,bball,F
1615391948359,drag,0.088,2021-03-10T16:30:41.792Z,bball,NA
1615391948359,click,NA,2021-03-10T16:30:41.797Z,bball,F
1615391948359,hover,0.949,2021-03-10T16:30:42.050Z,bball,F
1615391948359,hover,0.033,2021-03-10T16:30:42.466Z,bball,F
1615391948359,drag,0.108,2021-03-10T16:30:42.821Z,bball,NA
1615391948359,click,NA,2021-03-10T16:30:42.825Z,bball,F
1615391948359,hover,0.559,2021-03-10T16:30:43.082Z,bball,F
1615391948359,drag,0.114,2021-03-10T16:30:43.574Z,bball,NA
1615391948359,click,NA,2021-03-10T16:30:43.576Z,bball,F
1615391948359,hover,0.682,2021-03-10T16:30:43.798Z,bball,F
1615391948359,drag,0.101,2021-03-10T16:30:45.394Z,bball,NA
1615391948359,click,NA,2021-03-10T16:30:45.398Z,bball,F
1615391948359,hover,0.72,2021-03-10T16:30:45.847Z,bball,F
1615391948359,category_click,NA,2021-03-10T16:30:54.770Z,bball,NA
1615391948359,hover,0.017,2021-03-10T16:30:55.671Z,bball,F
1615391948359,hover,0.011,2021-03-10T16:30:55.687Z,bball,F
1615391948359,hover,0.003,2021-03-10T16:30:55.873Z,bball,F
1615391948359,hover,0.002,2021-03-10T16:30:55.906Z,bball,F
1615391948359,drag,0.079,2021-03-10T16:30:56.417Z,bball,NA
1615391948359,click,NA,2021-03-10T16:30:56.420Z,bball,F
1615391948359,hover,0.699,2021-03-10T16:30:56.654Z,bball,F
1615391948359,set_attribute_weight_vector_select,NA,2021-03-10T16:30:59.348Z,bball,NA
1615391948359,set_attribute_weight_vector_select,NA,2021-03-10T16:31:11.522Z,bball,NA
1615391948359,set_attribute_weight_vector_select,NA,2021-03-10T16:31:15.374Z,bball,NA
1615391948359,hover,0.033,2021-03-10T16:31:22.962Z,bball,F
1615391948359,hover,0.368,2021-03-10T16:31:23.397Z,bball,F
1615391948359,hover,0.276,2021-03-10T16:31:23.844Z,bball,F
1615391948359,set_attribute_weight_vector_select,NA,2021-03-10T16:31:28.912Z,bball,NA
1615391948359,set_attribute_weight_vector_select,NA,2021-03-10T16:31:49.720Z,bball,NA
1615391948359,set_attribute_weight_vector_select,NA,2021-03-10T16:31:53.678Z,bball,NA
1615391948359,hover,0.017,2021-03-10T16:32:10.768Z,bball,F
1615391948359,drag,0.206,2021-03-10T16:33:09.906Z,bball,NA
1615391948359,click,NA,2021-03-10T16:33:09.910Z,bball,T
1615391948359,hover,0.514,2021-03-10T16:33:10.011Z,bball,F
1615391948359,drag,0.101,2021-03-10T16:33:10.731Z,bball,NA
1615391948359,click,NA,2021-03-10T16:33:10.734Z,bball,T
1615391948359,hover,0.415,2021-03-10T16:33:10.928Z,bball,F
1615391948359,drag,0.108,2021-03-10T16:33:11.277Z,bball,NA
1615391948359,click,NA,2021-03-10T16:33:11.281Z,bball,T
1615391948359,hover,0.699,2021-03-10T16:33:11.644Z,bball,F
1615391948359,hover,0.016,2021-03-10T16:33:11.710Z,bball,F
1615391948359,drag,0.074,2021-03-10T16:33:12.490Z,bball,NA
1615391948359,click,NA,2021-03-10T16:33:12.493Z,bball,T
1615391948359,hover,0.582,2021-03-10T16:33:12.776Z,bball,F
1615391948359,drag,0.085,2021-03-10T16:33:13.160Z,bball,NA
1615391948359,click,NA,2021-03-10T16:33:13.165Z,bball,T
1615391948359,hover,0.466,2021-03-10T16:33:13.375Z,bball,F
1615391948359,drag,0.071,2021-03-10T16:33:13.807Z,bball,NA
1615391948359,click,NA,2021-03-10T16:33:13.811Z,bball,T
1615391948359,hover,0.703,2021-03-10T16:33:14.129Z,bball,F
1615391948359,hover,0.017,2021-03-10T16:33:14.641Z,bball,T
1615391948359,hover,0.013,2021-03-10T16:33:14.658Z,bball,F
1615391948359,category_click,NA,2021-03-10T16:33:16.836Z,bball,NA
1615391948359,hover,0.016,2021-03-10T16:33:17.388Z,bball,T
1615391948359,hover,0.134,2021-03-10T16:33:17.838Z,bball,T
1615391948359,drag,0.078,2021-03-10T16:33:18.562Z,bball,NA
1615391948359,click,NA,2021-03-10T16:33:18.566Z,bball,T
1615391948359,hover,0.484,2021-03-10T16:33:18.788Z,bball,T
1615391948359,drag,0.12,2021-03-10T16:33:19.321Z,bball,NA
1615391948359,click,NA,2021-03-10T16:33:19.325Z,bball,T
1615391948359,hover,0.632,2021-03-10T16:33:19.686Z,bball,T
1615391948359,drag,0.094,2021-03-10T16:33:19.920Z,bball,NA
1615391948359,click,NA,2021-03-10T16:33:19.926Z,bball,T
1615391948359,hover,0.381,2021-03-10T16:33:20.069Z,bball,F
1615391948359,hover,0.064,2021-03-10T16:33:20.136Z,bball,T
1615391948359,hover,0.016,2021-03-10T16:33:20.202Z,bball,T
1615391948359,drag,0.115,2021-03-10T16:33:20.546Z,bball,NA
1615391948359,click,NA,2021-03-10T16:33:20.552Z,bball,T
1615391948359,hover,0.632,2021-03-10T16:33:20.852Z,bball,T
1615391948359,drag,0.113,2021-03-10T16:33:21.192Z,bball,NA
1615391948359,click,NA,2021-03-10T16:33:21.197Z,bball,T
1615391948359,hover,0.564,2021-03-10T16:33:21.418Z,bball,T
1615391948359,drag,0.114,2021-03-10T16:33:23.111Z,bball,NA
1615391948359,click,NA,2021-03-10T16:33:23.116Z,bball,T
1615391948359,hover,0.653,2021-03-10T16:33:23.554Z,bball,T
1615391948359,drag,0.093,2021-03-10T16:33:26.970Z,bball,NA
1615391948359,click,NA,2021-03-10T16:33:26.975Z,bball,T
1615391948359,hover,0.428,2021-03-10T16:33:27.191Z,bball,F
1615391948359,set_attribute_weight_vector_select,NA,2021-03-10T16:33:46.089Z,bball,NA
1615391948359,set_attribute_weight_vector_select,NA,2021-03-10T16:33:51.539Z,bball,NA
1615391948359,set_attribute_weight_vector_select,NA,2021-03-10T16:33:55.530Z,bball,NA
1615391948359,set_attribute_weight_vector_select,NA,2021-03-10T16:33:58.923Z,bball,NA
1615391948359,set_attribute_weight_vector_select,NA,2021-03-10T16:34:02.938Z,bball,NA
1615391948359,hover,0.032,2021-03-10T16:34:11.104Z,bball,F
1615391948359,hover,0.05,2021-03-10T16:34:11.770Z,bball,F
1615391948359,drag,0.782,2021-03-10T16:34:12.979Z,bball,NA
1615391948359,hover,0.011,2021-03-10T16:34:13.302Z,bball,F
1615391948359,drag,1.265,2021-03-10T16:34:17.170Z,bball,NA
1615391948359,set_attribute_weight_vector_calc,NA,2021-03-10T16:34:17.175Z,bball,NA
1615391948359,hover,0.166,2021-03-10T16:34:22.277Z,bball,T
1615391948359,hover,0.198,2021-03-10T16:34:28.837Z,bball,T
1615391948359,hover,0.047,2021-03-10T16:34:30.119Z,bball,T
1615391948359,hover,1.24,2021-03-10T16:34:31.578Z,bball,T
1615391948359,hover,0.017,2021-03-10T16:34:34.649Z,bball,F
1615391948359,hover,2.43,2021-03-10T16:34:37.413Z,bball,T
1615391948359,hover,0.066,2021-03-10T16:34:38.595Z,bball,T
1615391948359,hover,2.996,2021-03-10T16:34:41.959Z,bball,T
1615391948359,hover,0.016,2021-03-10T16:35:42.685Z,bball,F
1615391948359,hover,0.016,2021-03-10T16:35:43.035Z,bball,F
1615391948359,hover,0.016,2021-03-10T16:35:43.085Z,bball,F
1615391948359,hover,0.017,2021-03-10T16:35:43.767Z,bball,F
1615391948359,hover,0.016,2021-03-10T16:35:49.296Z,bball,F
1615391948359,hover,0.017,2021-03-10T16:35:50.112Z,bball,T
1615391948359,hover,0.016,2021-03-10T16:35:54.191Z,bball,F
1615391948359,set_attribute_weight_vector_select,NA,2021-03-10T16:36:13.409Z,bball,NA
1615391948359,set_attribute_weight_vector_select,NA,2021-03-10T16:36:21.673Z,bball,NA
1615391948359,hover,0.016,2021-03-10T16:36:35.552Z,bball,F
1615391948359,set_attribute_weight_vector_select,NA,2021-03-10T16:36:43.866Z,bball,NA
1615391948359,hover,0.034,2021-03-10T16:36:46.842Z,bball,T
1615391948359,set_attribute_weight_vector_select,NA,2021-03-10T16:36:50.974Z,bball,NA
1615391948359,set_attribute_weight_vector_select,NA,2021-03-10T16:36:54.360Z,bball,NA
1615391948359,set_attribute_weight_vector_select,NA,2021-03-10T16:36:58.823Z,bball,NA
1615391948359,set_attribute_weight_vector_select,NA,2021-03-10T16:37:07.087Z,bball,NA
1615391948359,hover,0.016,2021-03-10T16:37:28.736Z,bball,F
1615391948359,set_attribute_weight_vector_select,NA,2021-03-10T16:37:44.300Z,bball,NA
1615391948359,drag,0.463,2021-03-10T16:37:50.502Z,bball,NA
1615391948359,hover,0.016,2021-03-10T16:37:50.800Z,bball,F
1615391948359,hover,0.016,2021-03-10T16:37:51.764Z,bball,F
1615391948359,hover,0.016,2021-03-10T16:37:52.181Z,bball,F
1615391948359,hover,0.033,2021-03-10T16:37:54.030Z,bball,F
1615391948359,drag,0.771,2021-03-10T16:37:55.812Z,bball,NA
1615391948359,set_attribute_weight_vector_calc,NA,2021-03-10T16:37:55.817Z,bball,NA
1615391948359,hover,0.129,2021-03-10T16:37:55.960Z,bball,F
1615391948359,hover,0.032,2021-03-10T16:38:01.105Z,bball,F
1615391948359,hover,1.822,2021-03-10T16:38:03.495Z,bball,F
1615391948359,hover,0.765,2021-03-10T16:38:05.418Z,bball,F
1615391948359,category_click,NA,2021-03-10T16:38:06.802Z,bball,NA
1615391948359,hover,0.002,2021-03-10T16:38:07.602Z,bball,F
1615391948359,drag,0.086,2021-03-10T16:38:07.927Z,bball,NA
1615391948359,click,NA,2021-03-10T16:38:07.932Z,bball,F
1615391948359,hover,0.517,2021-03-10T16:38:08.134Z,bball,F
1615391948359,drag,0.092,2021-03-10T16:38:08.553Z,bball,NA
1615391948359,click,NA,2021-03-10T16:38:08.557Z,bball,F
1615391948359,hover,0.567,2021-03-10T16:38:08.833Z,bball,F
1615391948359,drag,0.128,2021-03-10T16:38:13.187Z,bball,NA
1615391948359,click,NA,2021-03-10T16:38:13.192Z,bball,F
1615391948359,hover,4.196,2021-03-10T16:38:13.394Z,bball,F
1615391948359,drag,0.108,2021-03-10T16:38:13.708Z,bball,NA
1615391948359,click,NA,2021-03-10T16:38:13.712Z,bball,T
1615391948359,hover,0.349,2021-03-10T16:38:13.911Z,bball,T
1615391948359,drag,0.107,2021-03-10T16:38:14.207Z,bball,NA
1615391948359,click,NA,2021-03-10T16:38:14.211Z,bball,F
1615391948359,hover,0.466,2021-03-10T16:38:14.426Z,bball,F
1615391948359,drag,0.122,2021-03-10T16:38:14.984Z,bball,NA
1615391948359,click,NA,2021-03-10T16:38:14.989Z,bball,F
1615391948359,hover,0.41,2021-03-10T16:38:15.209Z,bball,F
1615391948359,hover,0.065,2021-03-10T16:38:15.435Z,bball,F
1615391948359,drag,0.086,2021-03-10T16:38:15.662Z,bball,NA
1615391948359,click,NA,2021-03-10T16:38:15.666Z,bball,T
1615391948359,hover,0.437,2021-03-10T16:38:15.877Z,bball,T
1615391948359,drag,0.143,2021-03-10T16:38:16.182Z,bball,NA
1615391948359,click,NA,2021-03-10T16:38:16.188Z,bball,F
1615391948359,hover,0.561,2021-03-10T16:38:16.441Z,bball,F
1615391948359,drag,0.09,2021-03-10T16:38:16.966Z,bball,NA
1615391948359,click,NA,2021-03-10T16:38:16.970Z,bball,F
1615391948359,hover,0.77,2021-03-10T16:38:17.344Z,bball,F
1615391948359,hover,0.099,2021-03-10T16:38:17.923Z,bball,F
1615391948359,category_click,NA,2021-03-10T16:38:20.241Z,bball,NA
1615391948359,hover,0.033,2021-03-10T16:38:21.070Z,bball,F
1615391948359,drag,0.1,2021-03-10T16:38:21.522Z,bball,NA
1615391948359,click,NA,2021-03-10T16:38:21.525Z,bball,F
1615391948359,hover,0.367,2021-03-10T16:38:21.687Z,bball,F
1615391948359,drag,0.102,2021-03-10T16:38:22.072Z,bball,NA
1615391948359,click,NA,2021-03-10T16:38:22.076Z,bball,F
1615391948359,hover,0.411,2021-03-10T16:38:22.165Z,bball,F
1615391948359,hover,0.016,2021-03-10T16:38:22.203Z,bball,F
1615391948359,drag,0.113,2021-03-10T16:38:23.425Z,bball,NA
1615391948359,click,NA,2021-03-10T16:38:23.428Z,bball,F
1615391948359,hover,0.356,2021-03-10T16:38:23.585Z,bball,F
1615391948359,drag,0.129,2021-03-10T16:38:24.574Z,bball,NA
1615391948359,click,NA,2021-03-10T16:38:24.578Z,bball,F
1615391948359,hover,0.366,2021-03-10T16:38:24.733Z,bball,F
1615391948359,hover,0.117,2021-03-10T16:38:24.251Z,bball,F
1615391948359,drag,0.128,2021-03-10T16:38:25.243Z,bball,NA
1615391948359,click,NA,2021-03-10T16:38:25.246Z,bball,F
1615391948359,hover,0.565,2021-03-10T16:38:25.666Z,bball,F
1615391948359,drag,0.108,2021-03-10T16:38:26.007Z,bball,NA
1615391948359,click,NA,2021-03-10T16:38:26.012Z,bball,F
1615391948359,hover,0.333,2021-03-10T16:38:26.100Z,bball,F
1615391948359,hover,0.016,2021-03-10T16:38:26.132Z,bball,F
1615391948359,drag,0.091,2021-03-10T16:38:26.540Z,bball,NA
1615391948359,click,NA,2021-03-10T16:38:26.543Z,bball,F
1615391948359,hover,0.65,2021-03-10T16:38:26.865Z,bball,F
1615391948359,hover,0.017,2021-03-10T16:38:26.915Z,bball,F
1615391948359,hover,0.399,2021-03-10T16:38:27.414Z,bball,F
1615391948359,drag,0.058,2021-03-10T16:38:28.032Z,bball,NA
1615391948359,click,NA,2021-03-10T16:38:28.037Z,bball,F
1615391948359,hover,0.453,2021-03-10T16:38:28.317Z,bball,F
1615391948359,hover,0.017,2021-03-10T16:38:29.713Z,bball,F
1615391948359,hover,0.2,2021-03-10T16:38:29.995Z,bball,F
1615391948359,hover,0.664,2021-03-10T16:38:29.161Z,bball,F
1615391948359,hover,0.465,2021-03-10T16:38:31.013Z,bball,F
1615391948359,drag,0.098,2021-03-10T16:38:31.525Z,bball,NA
1615391948359,click,NA,2021-03-10T16:38:31.528Z,bball,F
1615391948359,hover,0.715,2021-03-10T16:38:31.760Z,bball,F
1615391948359,drag,0.107,2021-03-10T16:38:31.946Z,bball,NA
1615391948359,click,NA,2021-03-10T16:38:31.950Z,bball,F
1615391948359,hover,0.384,2021-03-10T16:38:32.162Z,bball,F
1615391948359,hover,0.011,2021-03-10T16:38:32.177Z,bball,F
1615391948359,category_click,NA,2021-03-10T16:38:33.251Z,bball,NA
1615391948359,hover,0.014,2021-03-10T16:38:34.324Z,bball,F
1615391948359,drag,0.107,2021-03-10T16:38:35.027Z,bball,NA
1615391948359,click,NA,2021-03-10T16:38:35.031Z,bball,F
1615391948359,hover,0.432,2021-03-10T16:38:35.190Z,bball,F
1615391948359,drag,0.107,2021-03-10T16:38:36.122Z,bball,NA
1615391948359,click,NA,2021-03-10T16:38:36.126Z,bball,F
1615391948359,hover,0.367,2021-03-10T16:38:36.290Z,bball,F
1615391948359,drag,0.093,2021-03-10T16:38:37.250Z,bball,NA
1615391948359,click,NA,2021-03-10T16:38:37.254Z,bball,F
1615391948359,hover,0.416,2021-03-10T16:38:37.455Z,bball,F
1615391948359,hover,0.033,2021-03-10T16:38:37.821Z,bball,F
1615391948359,drag,0.107,2021-03-10T16:38:38.461Z,bball,NA
1615391948359,click,NA,2021-03-10T16:38:38.465Z,bball,F
1615391948359,hover,0.367,2021-03-10T16:38:38.655Z,bball,F
1615391948359,hover,0.012,2021-03-10T16:38:39.303Z,bball,F
1615391948359,drag,0.1,2021-03-10T16:38:40.787Z,bball,NA
1615391948359,click,NA,2021-03-10T16:38:40.792Z,bball,F
1615391948359,hover,0.357,2021-03-10T16:38:40.968Z,bball,F
1615391948359,drag,0.093,2021-03-10T16:38:41.329Z,bball,NA
1615391948359,click,NA,2021-03-10T16:38:41.334Z,bball,F
1615391948359,hover,0.37,2021-03-10T16:38:41.471Z,bball,F
1615391948359,hover,0.189,2021-03-10T16:38:41.723Z,bball,F
1615391948359,hover,0.016,2021-03-10T16:38:41.918Z,bball,F
1615391948359,drag,0.106,2021-03-10T16:38:42.526Z,bball,NA
1615391948359,click,NA,2021-03-10T16:38:42.531Z,bball,F
1615391948359,drag,0.122,2021-03-10T16:38:42.919Z,bball,NA
1615391948359,click,NA,2021-03-10T16:38:42.924Z,bball,F
1615391948359,hover,1.072,2021-03-10T16:38:43.267Z,bball,F
1615391948359,drag,0.1,2021-03-10T16:38:43.404Z,bball,NA
1615391948359,click,NA,2021-03-10T16:38:43.408Z,bball,F
1615391948359,hover,0.42,2021-03-10T16:38:43.691Z,bball,F
1615391948359,hover,0.017,2021-03-10T16:38:43.749Z,bball,F
1615391948359,hover,0.099,2021-03-10T16:38:44.414Z,bball,F
1615391948359,hover,0.016,2021-03-10T16:38:44.464Z,bball,F
1615391948359,hover,0.05,2021-03-10T16:38:44.548Z,bball,F
1615391948359,hover,0.071,2021-03-10T16:38:45.053Z,bball,F
1615391948359,hover,0.293,2021-03-10T16:38:45.857Z,bball,F
1615391948359,hover,0.017,2021-03-10T16:38:47.445Z,bball,F
1615391948359,category_click,NA,2021-03-10T16:38:48.907Z,bball,NA
1615391948359,hover,0.033,2021-03-10T16:38:49.344Z,bball,F
1615391948359,hover,0.299,2021-03-10T16:38:49.694Z,bball,F
1615391948359,drag,0.066,2021-03-10T16:38:49.859Z,bball,NA
1615391948359,click,NA,2021-03-10T16:38:49.863Z,bball,F
1615391948359,hover,0.341,2021-03-10T16:38:50.051Z,bball,F
1615391948359,hover,0.017,2021-03-10T16:38:50.110Z,bball,F
1615391948359,category_click,NA,2021-03-10T16:38:51.904Z,bball,NA
1615391948359,category_click,NA,2021-03-10T16:38:52.322Z,bball,NA
1615391948359,hover,0.016,2021-03-10T16:38:52.906Z,bball,F
1615391948359,drag,0.104,2021-03-10T16:38:54.117Z,bball,NA
1615391948359,click,NA,2021-03-10T16:38:54.121Z,bball,F
1615391948359,hover,0.72,2021-03-10T16:38:54.305Z,bball,F
1615391948359,drag,0.15,2021-03-10T16:38:55.269Z,bball,NA
1615391948359,click,NA,2021-03-10T16:38:55.274Z,bball,F
1615391948359,hover,0.524,2021-03-10T16:38:55.438Z,bball,F
1615391948359,drag,0.115,2021-03-10T16:38:55.918Z,bball,NA
1615391948359,click,NA,2021-03-10T16:38:55.922Z,bball,F
1615391948359,hover,0.472,2021-03-10T16:38:56.111Z,bball,F
1615391948359,hover,0.003,2021-03-10T16:38:56.457Z,bball,F
1615391948359,hover,0.003,2021-03-10T16:38:56.473Z,bball,F
1615391948359,hover,0.016,2021-03-10T16:38:56.686Z,bball,F
1615391948359,hover,0.116,2021-03-10T16:38:58.785Z,bball,F
1615391948359,hover,0.003,2021-03-10T16:38:58.655Z,bball,F
1615391948359,hover,0.012,2021-03-10T16:38:58.801Z,bball,F
1615391948359,hover,0.003,2021-03-10T16:38:59.836Z,bball,F
1615391948359,drag,0.1,2021-03-10T16:39:00.165Z,bball,NA
1615391948359,click,NA,2021-03-10T16:39:00.169Z,bball,F
1615391948359,hover,0.501,2021-03-10T16:39:00.353Z,bball,F
1615391948359,category_click,NA,2021-03-10T16:39:01.480Z,bball,NA
1615391948359,category_click,NA,2021-03-10T16:39:03.632Z,bball,NA
1615391948359,hover,0.015,2021-03-10T16:39:03.930Z,bball,F
1615391948359,hover,0.003,2021-03-10T16:39:04.916Z,bball,F
1615391948359,drag,0.073,2021-03-10T16:39:05.236Z,bball,NA
1615391948359,click,NA,2021-03-10T16:39:05.242Z,bball,F
1615391948359,hover,0.543,2021-03-10T16:39:05.474Z,bball,F
1615391948359,hover,0.017,2021-03-10T16:39:05.545Z,bball,F
1615391948359,drag,0.105,2021-03-10T16:39:06.175Z,bball,NA
1615391948359,click,NA,2021-03-10T16:39:06.179Z,bball,F
1615391948359,hover,0.571,2021-03-10T16:39:06.400Z,bball,F
1615391948359,drag,0.114,2021-03-10T16:39:07.326Z,bball,NA
1615391948359,click,NA,2021-03-10T16:39:07.330Z,bball,F
1615391948359,hover,0.383,2021-03-10T16:39:07.460Z,bball,F
1615391948359,drag,0.133,2021-03-10T16:39:08.001Z,bball,NA
1615391948359,click,NA,2021-03-10T16:39:08.004Z,bball,F
1615391948359,hover,0.599,2021-03-10T16:39:08.243Z,bball,F
1615391948359,drag,0.115,2021-03-10T16:39:08.716Z,bball,NA
1615391948359,click,NA,2021-03-10T16:39:08.720Z,bball,F
1615391948359,hover,0.383,2021-03-10T16:39:08.858Z,bball,F
1615391948359,drag,0.12,2021-03-10T16:39:09.435Z,bball,NA
1615391948359,click,NA,2021-03-10T16:39:09.439Z,bball,F
1615391948359,hover,0.702,2021-03-10T16:39:09.744Z,bball,F
1615415175670,set_attribute_weight_vector_init,NA,2021-03-10T22:27:25.349Z,bball,NA
1615415175670,set_attribute_weight_vector_init,NA,2021-03-10T22:27:25.353Z,bball,NA
1615415175670,drag,0.007,2021-03-10T22:27:37.021Z,bball,NA
1615415175670,click,NA,2021-03-10T22:27:37.031Z,bball,NA
1615415175670,hover,0.981,2021-03-10T22:27:37.720Z,bball,F
1615415175670,hover,3.95,2021-03-10T22:27:42.418Z,bball,F
1615415175670,set_attribute_weight_vector_select,NA,2021-03-10T22:27:44.491Z,bball,NA
1615415175670,set_attribute_weight_vector_select,NA,2021-03-10T22:27:46.709Z,bball,NA
1615415175670,set_attribute_weight_vector_select,NA,2021-03-10T22:27:49.337Z,bball,NA
1615415175670,category_click,NA,2021-03-10T22:27:57.182Z,bball,NA
1615415175670,drag,0.008,2021-03-10T22:27:58.957Z,bball,NA
1615415175670,click,NA,2021-03-10T22:27:58.964Z,bball,T
1615415175670,hover,0.448,2021-03-10T22:27:59.122Z,bball,T
1615415175670,hover,0.131,2021-03-10T22:27:59.421Z,bball,F
1615415175670,drag,0.008,2021-03-10T22:28:00.004Z,bball,NA
1615415175670,drag,0.011,2021-03-10T22:28:00.174Z,bball,NA
1615415175670,click,NA,2021-03-10T22:28:00.179Z,bball,F
1615415175670,click,NA,2021-03-10T22:28:00.013Z,bball,F
1615415175670,hover,0.449,2021-03-10T22:28:00.387Z,bball,F
1615415175670,click,NA,2021-03-10T22:28:00.984Z,bball,F
1615415175670,hover,0.451,2021-03-10T22:28:01.206Z,bball,F
1615415175670,drag,0.008,2021-03-10T22:28:00.976Z,bball,NA
1615415175670,drag,0.008,2021-03-10T22:28:01.616Z,bball,NA
1615415175670,click,NA,2021-03-10T22:28:01.625Z,bball,F
1615415175670,hover,0.684,2021-03-10T22:28:01.955Z,bball,F
1615415175670,category_click,NA,2021-03-10T22:28:05.239Z,bball,NA
1615415175670,drag,0.008,2021-03-10T22:28:06.501Z,bball,NA
1615415175670,click,NA,2021-03-10T22:28:06.510Z,bball,F
1615415175670,hover,0.441,2021-03-10T22:28:06.678Z,bball,F
1615415175670,drag,0.01,2021-03-10T22:28:07.064Z,bball,NA
1615415175670,click,NA,2021-03-10T22:28:07.071Z,bball,F
1615415175670,hover,0.483,2021-03-10T22:28:07.271Z,bball,F
1615415175670,hover,0.068,2021-03-10T22:28:07.388Z,bball,T
1615415175670,drag,0.008,2021-03-10T22:28:08.166Z,bball,NA
1615415175670,click,NA,2021-03-10T22:28:08.175Z,bball,T
1615415175670,hover,0.649,2021-03-10T22:28:08.605Z,bball,T
1615415175670,drag,0.008,2021-03-10T22:28:09.251Z,bball,NA
1615415175670,click,NA,2021-03-10T22:28:09.260Z,bball,T
1615415175670,hover,0.669,2021-03-10T22:28:09.574Z,bball,T
1615415175670,set_attribute_weight_vector_select,NA,2021-03-10T22:28:14.033Z,bball,NA
1615415175670,set_attribute_weight_vector_select,NA,2021-03-10T22:28:16.345Z,bball,NA
1615415175670,category_click,NA,2021-03-10T22:28:20.026Z,bball,NA
1615415175670,hover,0.432,2021-03-10T22:28:22.107Z,bball,F
1615415175670,drag,0.009,2021-03-10T22:28:29.189Z,bball,NA
1615415175670,click,NA,2021-03-10T22:28:29.197Z,bball,F
1615415175670,hover,0.533,2021-03-10T22:28:29.340Z,bball,F
1615415175670,drag,0.008,2021-03-10T22:28:29.904Z,bball,NA
1615415175670,click,NA,2021-03-10T22:28:29.913Z,bball,F
1615415175670,hover,0.551,2021-03-10T22:28:30.158Z,bball,F
1615415175670,drag,0.007,2021-03-10T22:28:31.008Z,bball,NA
1615415175670,click,NA,2021-03-10T22:28:31.016Z,bball,F
1615415175670,hover,0.632,2021-03-10T22:28:31.206Z,bball,F
1615415175670,hover,0.09,2021-03-10T22:28:31.307Z,bball,F
1615415175670,drag,0.008,2021-03-10T22:28:31.640Z,bball,NA
1615415175670,click,NA,2021-03-10T22:28:31.649Z,bball,F
1615415175670,hover,0.6,2021-03-10T22:28:31.923Z,bball,F
1615415175670,drag,0.008,2021-03-10T22:28:32.352Z,bball,NA
1615415175670,click,NA,2021-03-10T22:28:32.360Z,bball,F
1615415175670,hover,0.668,2021-03-10T22:28:32.642Z,bball,F
1615415175670,category_click,NA,2021-03-10T22:28:37.243Z,bball,NA
1615415175670,category_click,NA,2021-03-10T22:28:38.161Z,bball,NA
1615415175670,hover,0.149,2021-03-10T22:28:40.274Z,bball,F
1615415175670,drag,0.008,2021-03-10T22:28:40.607Z,bball,NA
1615415175670,click,NA,2021-03-10T22:28:40.614Z,bball,F
1615415175670,hover,0.483,2021-03-10T22:28:40.807Z,bball,F
1615415175670,drag,0.008,2021-03-10T22:28:41.525Z,bball,NA
1615415175670,click,NA,2021-03-10T22:28:41.534Z,bball,F
1615415175670,hover,0.865,2021-03-10T22:28:41.940Z,bball,F
1615415175670,drag,0.008,2021-03-10T22:28:42.225Z,bball,NA
1615415175670,click,NA,2021-03-10T22:28:42.233Z,bball,F
1615415175670,hover,0.558,2021-03-10T22:28:42.507Z,bball,F
1615415175670,click,NA,2021-03-10T22:28:43.169Z,bball,F
1615415175670,hover,0.568,2021-03-10T22:28:43.360Z,bball,F
1615415175670,category_click,NA,2021-03-10T22:28:44.393Z,bball,NA
1615415175670,drag,0.008,2021-03-10T22:28:43.162Z,bball,NA
1615415175670,drag,0.005,2021-03-10T22:28:45.399Z,bball,NA
1615415175670,click,NA,2021-03-10T22:28:45.407Z,bball,F
1615415175670,hover,0.567,2021-03-10T22:28:45.625Z,bball,F
1615415175670,drag,0.007,2021-03-10T22:28:45.898Z,bball,NA
1615415175670,click,NA,2021-03-10T22:28:45.905Z,bball,F
1615415175670,hover,0.423,2021-03-10T22:28:46.057Z,bball,F
1615415175670,hover,0.032,2021-03-10T22:28:46.174Z,bball,F
1615415175670,drag,0.007,2021-03-10T22:28:46.479Z,bball,NA
1615415175670,click,NA,2021-03-10T22:28:46.487Z,bball,F
1615415175670,hover,0.468,2021-03-10T22:28:46.658Z,bball,F
1615415175670,drag,0.008,2021-03-10T22:28:47.094Z,bball,NA
1615415175670,click,NA,2021-03-10T22:28:47.101Z,bball,F
1615415175670,hover,0.713,2021-03-10T22:28:47.472Z,bball,F
1615415175670,hover,0.017,2021-03-10T22:28:47.575Z,bball,F
1615415175670,hover,0.016,2021-03-10T22:28:47.624Z,bball,F
1615415175670,category_click,NA,2021-03-10T22:28:48.854Z,bball,NA
1615415175670,hover,0.047,2021-03-10T22:28:49.542Z,bball,T
1615415175670,hover,0.111,2021-03-10T22:28:49.658Z,bball,F
1615415175670,hover,0.257,2021-03-10T22:28:49.926Z,bball,T
1615415175670,drag,0.01,2021-03-10T22:28:50.243Z,bball,NA
1615415175670,click,NA,2021-03-10T22:28:50.250Z,bball,T
1615415175670,hover,0.525,2021-03-10T22:28:50.460Z,bball,T
1615415175670,category_click,NA,2021-03-10T22:28:51.547Z,bball,NA
1615415175670,hover,0.016,2021-03-10T22:28:51.860Z,bball,F
1615415175670,hover,0.007,2021-03-10T22:28:51.875Z,bball,F
1615415175670,drag,0.005,2021-03-10T22:28:52.540Z,bball,NA
1615415175670,click,NA,2021-03-10T22:28:52.544Z,bball,F
1615415175670,hover,0.433,2021-03-10T22:28:52.742Z,bball,F
1615415175670,hover,0.014,2021-03-10T22:28:52.858Z,bball,F
1615415175670,drag,0.006,2021-03-10T22:28:54.542Z,bball,NA
1615415175670,click,NA,2021-03-10T22:28:54.546Z,bball,F
1615415175670,hover,0.618,2021-03-10T22:28:54.809Z,bball,F
1615415175670,category_click,NA,2021-03-10T22:28:55.969Z,bball,NA
1615415175670,drag,0.007,2021-03-10T22:28:57.277Z,bball,NA
1615415175670,click,NA,2021-03-10T22:28:57.284Z,bball,F
1615415175670,hover,0.481,2021-03-10T22:28:57.492Z,bball,F
1615415175670,drag,0.009,2021-03-10T22:28:58.046Z,bball,NA
1615415175670,click,NA,2021-03-10T22:28:58.052Z,bball,F
1615415175670,hover,0.631,2021-03-10T22:28:58.242Z,bball,F
1615415175670,drag,0.008,2021-03-10T22:28:58.738Z,bball,NA
1615415175670,click,NA,2021-03-10T22:28:58.746Z,bball,F
1615415175670,hover,0.451,2021-03-10T22:28:58.926Z,bball,F
1615415175670,drag,0.007,2021-03-10T22:28:59.856Z,bball,NA
1615415175670,click,NA,2021-03-10T22:28:59.865Z,bball,F
1615415175670,hover,0.533,2021-03-10T22:29:00.127Z,bball,F
1615415175670,set_attribute_weight_vector_select,NA,2021-03-10T22:29:04.837Z,bball,NA
1615415175670,set_attribute_weight_vector_select,NA,2021-03-10T22:29:11.301Z,bball,NA
1615415175670,category_click,NA,2021-03-10T22:29:13.646Z,bball,NA
1615415175670,drag,0.01,2021-03-10T22:29:14.928Z,bball,NA
1615415175670,click,NA,2021-03-10T22:29:14.936Z,bball,F
1615415175670,hover,0.684,2021-03-10T22:29:15.146Z,bball,F
1615415175670,drag,0.005,2021-03-10T22:29:15.620Z,bball,NA
1615415175670,click,NA,2021-03-10T22:29:15.628Z,bball,F
1615415175670,hover,0.453,2021-03-10T22:29:15.830Z,bball,F
1615415175670,drag,0.008,2021-03-10T22:29:16.566Z,bball,NA
1615415175670,click,NA,2021-03-10T22:29:16.577Z,bball,F
1615415175670,hover,0.437,2021-03-10T22:29:16.783Z,bball,F
1615415175670,category_click,NA,2021-03-10T22:29:18.181Z,bball,NA
1615415175670,drag,0.007,2021-03-10T22:29:19.211Z,bball,NA
1615415175670,click,NA,2021-03-10T22:29:19.219Z,bball,T
1615415175670,hover,0.482,2021-03-10T22:29:19.427Z,bball,T
1615415175670,drag,0.01,2021-03-10T22:29:20.083Z,bball,NA
1615415175670,click,NA,2021-03-10T22:29:20.088Z,bball,F
1615415175670,hover,0.433,2021-03-10T22:29:20.295Z,bball,F
1615415175670,drag,0.005,2021-03-10T22:29:20.857Z,bball,NA
1615415175670,click,NA,2021-03-10T22:29:20.865Z,bball,F
1615415175670,hover,0.602,2021-03-10T22:29:21.045Z,bball,F
1615415175670,drag,0.007,2021-03-10T22:29:21.323Z,bball,NA
1615415175670,click,NA,2021-03-10T22:29:21.331Z,bball,F
1615415175670,hover,0.509,2021-03-10T22:29:21.563Z,bball,F
1615415175670,drag,0.007,2021-03-10T22:29:21.788Z,bball,NA
1615415175670,click,NA,2021-03-10T22:29:21.796Z,bball,T
1615415175670,hover,0.441,2021-03-10T22:29:22.012Z,bball,T
1615415175670,hover,0.007,2021-03-10T22:29:22.028Z,bball,F
1615415175670,hover,0.067,2021-03-10T22:29:22.129Z,bball,F
1615415175670,hover,0.105,2021-03-10T22:29:22.245Z,bball,F
1615415175670,drag,0.007,2021-03-10T22:29:22.476Z,bball,NA
1615415175670,click,NA,2021-03-10T22:29:22.483Z,bball,F
1615415175670,hover,0.442,2021-03-10T22:29:22.695Z,bball,F
1615415175670,click,NA,2021-03-10T22:29:23.052Z,bball,F
1615415175670,hover,0.575,2021-03-10T22:29:23.279Z,bball,F
1615415175670,hover,0.016,2021-03-10T22:29:23.328Z,bball,T
1615415175670,hover,0.017,2021-03-10T22:29:23.363Z,bball,F
1615415175670,drag,0.008,2021-03-10T22:29:23.044Z,bball,NA
1615415175670,category_click,NA,2021-03-10T22:29:24.500Z,bball,NA
1615415175670,hover,0.017,2021-03-10T22:29:25.146Z,bball,F
1615415175670,hover,0.015,2021-03-10T22:29:25.194Z,bball,F
1615415175670,hover,0.012,2021-03-10T22:29:25.212Z,bball,F
1615415175670,hover,0.132,2021-03-10T22:29:25.361Z,bball,F
1615415175670,drag,0.007,2021-03-10T22:29:25.953Z,bball,NA
1615415175670,click,NA,2021-03-10T22:29:25.962Z,bball,F
1615415175670,hover,0.515,2021-03-10T22:29:26.195Z,bball,F
1615415175670,drag,0.008,2021-03-10T22:29:26.513Z,bball,NA
1615415175670,click,NA,2021-03-10T22:29:26.521Z,bball,F
1615415175670,hover,0.616,2021-03-10T22:29:26.828Z,bball,F
1615415175670,drag,0.007,2021-03-10T22:29:27.189Z,bball,NA
1615415175670,click,NA,2021-03-10T22:29:27.197Z,bball,T
1615415175670,hover,0.659,2021-03-10T22:29:27.495Z,bball,T
1615415175670,drag,0.008,2021-03-10T22:29:27.869Z,bball,NA
1615415175670,click,NA,2021-03-10T22:29:27.878Z,bball,F
1615415175670,hover,0.536,2021-03-10T22:29:28.038Z,bball,F
1615415175670,drag,0.008,2021-03-10T22:29:28.590Z,bball,NA
1615415175670,click,NA,2021-03-10T22:29:28.598Z,bball,T
1615415175670,hover,0.666,2021-03-10T22:29:28.813Z,bball,T
1615415175670,drag,0.008,2021-03-10T22:29:29.142Z,bball,NA
1615415175670,click,NA,2021-03-10T22:29:29.150Z,bball,F
1615415175670,hover,0.542,2021-03-10T22:29:29.364Z,bball,F
1615415175670,category_click,NA,2021-03-10T22:29:30.604Z,bball,NA
1615415175670,drag,0.007,2021-03-10T22:29:31.882Z,bball,NA
1615415175670,click,NA,2021-03-10T22:29:31.890Z,bball,F
1615415175670,hover,0.65,2021-03-10T22:29:32.080Z,bball,F
1615415175670,hover,0.067,2021-03-10T22:29:32.265Z,bball,T
1615415175670,drag,0.007,2021-03-10T22:29:32.841Z,bball,NA
1615415175670,click,NA,2021-03-10T22:29:32.850Z,bball,T
1615415175670,click,NA,2021-03-10T22:29:33.002Z,bball,T
1615415175670,hover,0.366,2021-03-10T22:29:33.163Z,bball,T
1615415175670,drag,0.008,2021-03-10T22:29:32.993Z,bball,NA
1615415175670,hover,0.014,2021-03-10T22:29:33.279Z,bball,F
1615415175670,drag,0.007,2021-03-10T22:29:33.899Z,bball,NA
1615415175670,click,NA,2021-03-10T22:29:33.906Z,bball,F
1615415175670,hover,0.534,2021-03-10T22:29:34.113Z,bball,F
1615415175670,hover,0.05,2021-03-10T22:29:34.213Z,bball,F
1615415175670,hover,0.166,2021-03-10T22:29:35.196Z,bball,F
1615415175670,drag,0.006,2021-03-10T22:29:35.486Z,bball,NA
1615415175670,click,NA,2021-03-10T22:29:35.495Z,bball,F
1615415175670,hover,0.382,2021-03-10T22:29:35.680Z,bball,F
1615415175670,drag,0.008,2021-03-10T22:29:36.137Z,bball,NA
1615415175670,click,NA,2021-03-10T22:29:36.144Z,bball,F
1615415175670,hover,0.532,2021-03-10T22:29:36.347Z,bball,F
1615415175670,drag,0.008,2021-03-10T22:29:36.615Z,bball,NA
1615415175670,click,NA,2021-03-10T22:29:36.623Z,bball,T
1615415175670,hover,0.392,2021-03-10T22:29:36.775Z,bball,T
1615415175670,hover,0.009,2021-03-10T22:29:36.798Z,bball,T
1615415175670,drag,0.007,2021-03-10T22:29:37.438Z,bball,NA
1615415175670,click,NA,2021-03-10T22:29:37.447Z,bball,F
1615415175670,hover,0.465,2021-03-10T22:29:37.679Z,bball,F
1615415175670,set_attribute_weight_vector_init,NA,2021-03-10T22:29:55.484Z,dog,NA
1615415175670,set_attribute_weight_vector_init,NA,2021-03-10T22:29:55.487Z,dog,NA
1615415175670,hover,0.016,2021-03-10T22:29:56.133Z,dog
1615415175670,drag,0.01,2021-03-10T22:29:57.386Z,dog,NA
1615415175670,click,NA,2021-03-10T22:29:57.393Z,dog,NA
1615415175670,hover,0.482,2021-03-10T22:29:57.599Z,dog,F
1615415175670,drag,0.008,2021-03-10T22:29:57.919Z,dog,NA
1615415175670,click,NA,2021-03-10T22:29:57.927Z,dog,NA
1615415175670,hover,0.607,2021-03-10T22:29:58.215Z,dog,F
1615415175670,drag,0.008,2021-03-10T22:29:58.423Z,dog,NA
1615415175670,click,NA,2021-03-10T22:29:58.431Z,dog,NA
1615415175670,hover,0.443,2021-03-10T22:29:58.665Z,dog,F
1615415175670,drag,0.007,2021-03-10T22:29:58.943Z,dog,NA
1615415175670,click,NA,2021-03-10T22:29:58.951Z,dog,NA
1615415175670,hover,0.487,2021-03-10T22:29:59.164Z,dog,F
1615415175670,hover,0.098,2021-03-10T22:29:59.348Z,dog,F
1615415175670,drag,0.008,2021-03-10T22:29:59.786Z,dog,NA
1615415175670,click,NA,2021-03-10T22:29:59.793Z,dog,NA
1615415175670,click,NA,2021-03-10T22:30:00.317Z,dog,NA
1615415175670,drag,0.007,2021-03-10T22:30:00.307Z,dog,NA
1615415175670,hover,0.445,2021-03-10T22:30:00.531Z,dog,F
1615415175670,hover,0.599,2021-03-10T22:30:00.081Z,dog,F
1615415175670,click,NA,2021-03-10T22:30:00.820Z,dog,NA
1615415175670,drag,0.007,2021-03-10T22:30:00.811Z,dog,NA
1615415175670,drag,0.008,2021-03-10T22:30:01.307Z,dog,NA
1615415175670,click,NA,2021-03-10T22:30:01.317Z,dog,NA
1615415175670,hover,1.023,2021-03-10T22:30:01.563Z,dog,F
1615415175670,hover,0.092,2021-03-10T22:30:01.665Z,dog,F
1615415175670,hover,0.067,2021-03-10T22:30:02.199Z,dog,F
1615415175670,drag,0.008,2021-03-10T22:30:02.452Z,dog,NA
1615415175670,click,NA,2021-03-10T22:30:02.463Z,dog,NA
1615415175670,hover,0.572,2021-03-10T22:30:02.782Z,dog,F
1615415175670,hover,0.017,2021-03-10T22:30:02.816Z,dog,F
1615415175670,hover,0.029,2021-03-10T22:30:02.852Z,dog,F
1615415175670,hover,0.033,2021-03-10T22:30:16.102Z,dog
1615415175670,category_click,NA,2021-03-10T22:30:22.185Z,dog,NA
1615415175670,category_click,NA,2021-03-10T22:30:22.370Z,dog,NA
1615415175670,double_click,NA,2021-03-10T22:30:22.377Z,dog,NA
1615415175670,category_click,NA,2021-03-10T22:30:22.852Z,dog,NA
1615415175670,category_click,NA,2021-03-10T22:30:23.019Z,dog,NA
1615415175670,double_click,NA,2021-03-10T22:30:23.024Z,dog,NA
1615415175670,category_click,NA,2021-03-10T22:30:23.524Z,dog,NA
1615415175670,category_click,NA,2021-03-10T22:30:23.707Z,dog,NA
1615415175670,double_click,NA,2021-03-10T22:30:23.711Z,dog,NA
1615415175670,category_click,NA,2021-03-10T22:30:24.256Z,dog,NA
1615415175670,category_click,NA,2021-03-10T22:30:24.440Z,dog,NA
1615415175670,double_click,NA,2021-03-10T22:30:24.445Z,dog,NA
1615415175670,category_click,NA,2021-03-10T22:30:25.039Z,dog,NA
1615415175670,category_click,NA,2021-03-10T22:30:25.368Z,dog,NA
1615415175670,double_click,NA,2021-03-10T22:30:25.374Z,dog,NA
1615415175670,category_click,NA,2021-03-10T22:30:26.193Z,dog,NA
1615415175670,category_click,NA,2021-03-10T22:30:31.390Z,dog,NA
1615415175670,category_click,NA,2021-03-10T22:30:32.829Z,dog,NA
1615415175670,category_click,NA,2021-03-10T22:30:33.454Z,dog,NA
1615415175670,category_click,NA,2021-03-10T22:30:34.054Z,dog,NA
1615415175670,set_attribute_weight_vector_select,NA,2021-03-10T22:30:45.183Z,dog,NA
1615415175670,drag,0.01,2021-03-10T22:30:48.958Z,dog,NA
1615415175670,click,NA,2021-03-10T22:30:48.966Z,dog,F
1615415175670,hover,1.748,2021-03-10T22:30:50.185Z,dog,F
1615415175670,hover,0.155,2021-03-10T22:30:50.348Z,dog,F
1615415175670,hover,0.298,2021-03-10T22:30:50.654Z,dog,F
1615415175670,hover,0.881,2021-03-10T22:30:51.804Z,dog,F
1615415175670,hover,0.031,2021-03-10T22:30:55.770Z,dog,F
1615415175670,hover,0.084,2021-03-10T22:30:55.872Z,dog,F
1615415175670,hover,0.25,2021-03-10T22:30:56.154Z,dog,F
1615415175670,drag,0.008,2021-03-10T22:30:56.581Z,dog,NA
1615415175670,click,NA,2021-03-10T22:30:56.589Z,dog,F
1615415175670,hover,0.657,2021-03-10T22:30:56.821Z,dog,F
1615415175670,hover,0.124,2021-03-10T22:30:56.955Z,dog,F
1615415175670,hover,0.017,2021-03-10T22:30:57.488Z,dog,F
1615415175670,drag,0.008,2021-03-10T22:30:58.029Z,dog,NA
1615415175670,click,NA,2021-03-10T22:30:58.038Z,dog,F
1615415175670,hover,0.7,2021-03-10T22:30:58.221Z,dog,F
1615415175670,hover,0.017,2021-03-10T22:30:58.287Z,dog
1615415175670,drag,0.007,2021-03-10T22:30:58.629Z,dog,NA
1615415175670,click,NA,2021-03-10T22:30:58.638Z,dog,F
1615415175670,hover,0.017,2021-03-10T22:30:58.254Z,dog,F
1615415175670,hover,0.612,2021-03-10T22:30:58.904Z,dog,F
1615415175670,set_attribute_weight_vector_select,NA,2021-03-10T22:31:06.311Z,dog,NA
1615415175670,category_click,NA,2021-03-10T22:31:12.988Z,dog,NA
1615415175670,drag,0.008,2021-03-10T22:31:14.141Z,dog,NA
1615415175670,click,NA,2021-03-10T22:31:14.150Z,dog,F
1615415175670,hover,0.548,2021-03-10T22:31:14.357Z,dog,F
1615415175670,hover,0.018,2021-03-10T22:31:14.407Z,dog,F
1615415175670,hover,0.223,2021-03-10T22:31:14.638Z,dog,T
1615415175670,hover,0.131,2021-03-10T22:31:14.773Z,dog,F
1615415175670,hover,0.025,2021-03-10T22:31:14.806Z,dog
1615415175670,drag,0.008,2021-03-10T22:31:15.066Z,dog,NA
1615415175670,click,NA,2021-03-10T22:31:15.074Z,dog,F
1615415175670,hover,0.512,2021-03-10T22:31:15.322Z,dog,F
1615415175670,hover,0.026,2021-03-10T22:31:15.357Z,dog,F
1615415175670,drag,0.005,2021-03-10T22:31:15.601Z,dog,NA
1615415175670,click,NA,2021-03-10T22:31:15.608Z,dog,F
1615415175670,hover,0.497,2021-03-10T22:31:15.875Z,dog,F
1615415175670,hover,0.039,2021-03-10T22:31:15.922Z,dog,F
1615415175670,category_click,NA,2021-03-10T22:31:16.833Z,dog,NA
1615415175670,hover,0.264,2021-03-10T22:31:17.723Z,dog,T
1615415175670,drag,0.007,2021-03-10T22:31:18.026Z,dog,NA
1615415175670,click,NA,2021-03-10T22:31:18.035Z,dog,F
1615415175670,hover,0.556,2021-03-10T22:31:18.290Z,dog,F
1615415175670,hover,0.082,2021-03-10T22:31:18.389Z,dog,F
1615415175670,drag,0.007,2021-03-10T22:31:18.595Z,dog,NA
1615415175670,click,NA,2021-03-10T22:31:18.603Z,dog,T
1615415175670,hover,0.389,2021-03-10T22:31:18.789Z,dog,T
1615415175670,hover,0.109,2021-03-10T22:31:18.907Z,dog,F
1615415175670,drag,0.008,2021-03-10T22:31:19.167Z,dog,NA
1615415175670,click,NA,2021-03-10T22:31:19.176Z,dog,T
1615415175670,hover,0.46,2021-03-10T22:31:19.375Z,dog,T
1615415175670,hover,0.007,2021-03-10T22:31:19.391Z,dog,F
1615415175670,hover,0.028,2021-03-10T22:31:19.424Z,dog,F
1615415175670,hover,0.183,2021-03-10T22:31:19.639Z,dog,T
1615415175670,drag,0.009,2021-03-10T22:31:20.050Z,dog,NA
1615415175670,click,NA,2021-03-10T22:31:20.058Z,dog,F
1615415175670,hover,0.532,2021-03-10T22:31:20.323Z,dog,F
1615415175670,category_click,NA,2021-03-10T22:31:21.211Z,dog,NA
1615415175670,drag,0.008,2021-03-10T22:31:22.561Z,dog,NA
1615415175670,click,NA,2021-03-10T22:31:22.569Z,dog,T
1615415175670,hover,0.917,2021-03-10T22:31:22.792Z,dog,T
1615415175670,hover,0.031,2021-03-10T22:31:23.292Z,dog
1615415175670,hover,1.038,2021-03-10T22:31:24.340Z,dog,F
1615415175670,hover,0.016,2021-03-10T22:31:25.423Z,dog
1615415175670,hover,0.009,2021-03-10T22:31:25.439Z,dog,F
1615415175670,hover,0.076,2021-03-10T22:31:25.550Z,dog,F
1615415175670,hover,0.011,2021-03-10T22:31:25.575Z,dog,F
1615415175670,hover,0.06,2021-03-10T22:31:25.640Z,dog,F
1615415175670,hover,0.126,2021-03-10T22:31:25.774Z,dog,T
1615415175670,drag,0.008,2021-03-10T22:31:26.702Z,dog,NA
1615415175670,click,NA,2021-03-10T22:31:26.710Z,dog,T
1615415175670,hover,1.183,2021-03-10T22:31:27.024Z,dog,T
1615415175670,hover,0.013,2021-03-10T22:31:27.073Z,dog,F
1615415175670,drag,0.007,2021-03-10T22:31:28.218Z,dog,NA
1615415175670,click,NA,2021-03-10T22:31:28.226Z,dog,F
1615415175670,hover,0.616,2021-03-10T22:31:28.457Z,dog,F
1615415175670,hover,0.058,2021-03-10T22:31:28.523Z,dog,F
1615415175670,drag,0.007,2021-03-10T22:31:28.843Z,dog,NA
1615415175670,click,NA,2021-03-10T22:31:28.851Z,dog,T
1615415175670,hover,0.625,2021-03-10T22:31:29.187Z,dog,F
1615415175670,hover,0.065,2021-03-10T22:31:39.943Z,dog,F
1615415175670,hover,0.056,2021-03-10T22:31:40.008Z,dog,F
1615415175670,drag,0.008,2021-03-10T22:31:40.368Z,dog,NA
1615415175670,click,NA,2021-03-10T22:31:40.376Z,dog,F
1615415175670,hover,0.659,2021-03-10T22:31:40.676Z,dog,F
1615415175670,hover,0.081,2021-03-10T22:31:40.768Z,dog,F
1615415175670,drag,0.007,2021-03-10T22:31:41.637Z,dog,NA
1615415175670,click,NA,2021-03-10T22:31:41.645Z,dog,F
1615415175670,hover,0.594,2021-03-10T22:31:41.859Z,dog,F
1615415175670,drag,0.008,2021-03-10T22:31:42.150Z,dog,NA
1615415175670,click,NA,2021-03-10T22:31:42.157Z,dog,F
1615415175670,hover,0.584,2021-03-10T22:31:42.460Z,dog,F
1615415175670,drag,0.008,2021-03-10T22:31:42.917Z,dog,NA
1615415175670,click,NA,2021-03-10T22:31:42.927Z,dog,F
1615415175670,hover,0.617,2021-03-10T22:31:43.192Z,dog,F
