0.23703703697711934,0.02962962954436214,0.0,0.02592592596798354,0.0,0.051851851780411524,0.0,0.0,0.022222222236049381,0.022222222236049381,0.022222222236049381,0.0,0.051851851780411524,0.0,0.022222222236049381,0.0,0.018518518504115226,0.0,0.0,0.02592592596798354,0.0,0.0,0.0,0.022222222236049381,0.0,0.0,0.0,0.0,0.0,0.0,0.0,0.051851851780411524,0.0,0.0,0.0,0.022222222236049381,0.022222222236049381,0.0,0.0,0.0,0.0,0.02592592596798354,0.0,0.051851851780411524,0.022222222236049381,0.0,0.0037037037319341561,0.0,0.02592592596798354,0.0,0.0,0.0,0.0,0.0,0.02592592596798354,0.0,0.0,0.02592592596798354,0.022222222236049381,0.0,0.0,0.0,0.0,0.0,0.044444444472098762,0.0,0.0,0.0,0.0,0.0,0.0,0.0,0.0,0.0,0.0,0.0,0.0,0.0,0.0,0.0,0.02592592596798354,0.051851851780411524,0.0,0.0,0.022222222236049381,0.0,0.0,0.0,0.0037037037319341561,0.0,0.0,0.0,0.0,0.0,0.0,0.0,0.0,0.0,0.0,0.0
0.0053763441272979533,0.16666666659139784,0.032258064537981267,0.037634408665279222,0.032258064537981267,0.091397849260839409,0.064516129075962533,0.037634408665279222,0.026881720410683315,0.032258064537981267,0.11827956989732918,0.0,0.010752688028789455,0.0,0.0,0.037634408665279222,0.032258064537981267,0.032258064537981267,0.026881720410683315,0.043010752566770727,0.0,0.0,0.0,0.010752688028789455,0.0,0.0,0.0,0.0,0.0,0.0,0.0,0.0,0.0,0.0,0.0,0.0,0.0,0.0,0.0,0.0,0.0,0.0,0.0,0.0,0.0,0.021505376509191813,0.0,0.0,0.0,0.0,0.0,0.032258064537981267,0.032258064537981267,0.0,0.0,0.0,0.037634408665279222,0.0,0.0,0.0,0.0,0.0,0.037634408665279222,0.0,0.0,0.0,0.0,0.0,0.0,0.0,0.0,0.0,0.0,0.0,0.0,0.0,0.0,0.0,0.0,0.0,0.0,0.0,0.0,0.0,0.0,0.0,0.0,0.0,0.0,0.0,0.0,0.0,0.0,0.0,0.0,0.0,0.0,0.0,0.0,0.0
0.016317016340521955,0.013986013992175661,0.1841491840508257,0.041958041976526986,0.0,0.069930069862976216,0.041958041976526986,0.027972027984351323,0.013986013992175661,0.041958041976526986,0.013986013992175661,0.016317016340521955,0.041958041976526986,0.027972027984351323,0.0,0.065268065264185729,0.0,0.013986013992175661,0.016317016340521955,0.0,0.0,0.0,0.0,0.0,0.0,0.0,0.0,0.0,0.0,0.0,0.0,0.0,0.0,0.0,0.0,0.0,0.0,0.0,0.0,0.013986013992175661,0.013986013992175661,0.0,0.027972027984351323,0.016317016340521955,0.0,0.0,0.0,0.0,0.1118881118395032,0.0,0.027972027984351323,0.055944055870800549,0.0046620045987904885,0.0,0.016317016340521955,0.0,0.0,0.013986013992175661,0.0,0.0,0.0,0.0,0.0,0.0,0.0,0.0,0.0,0.0,0.0,0.0,0.0,0.0,0.0,0.0,0.016317016340521955,0.0,0.016317016340521955,0.0,0.0,0.0,0.0,0.0,0.0,0.016317016340521955,0.0,0.0,0.0,0.0,0.0,0.0,0.0,0.0,0.0,0.0,0.0,0.0,0.0,0.0,0.0,0.0
0.0044843049648293758,0.053811659201270901,0.107623318214201,0.013452914706147321,0.053811659201270901,0.053811659201270901,0.0044843049648293758,0.031390134565464828,0.02690582960063545,0.02690582960063545,0.031390134565464828,0.094170403508053682,0.04932735423644153,0.0,0.02690582960063545,0.02690582960063545,0.017937219859317503,0.031390134565464828,0.0,0.0,0.0,0.0,0.0,0.0,0.0,0.0,0.0,0.02690582960063545,0.0,0.0,0.0,0.0,0.0,0.0,0.0,0.0,0.0,0.0,0.02690582960063545,0.0,0.0,0.031390134565464828,0.0,0.0,0.0,0.022421524635806073,0.031390134565464828,0.0,0.0044843049648293758,0.0,0.0,0.0,0.0,0.062780268942588854,0.0,0.031390134565464828,0.0,0.0,0.02690582960063545,0.0,0.0,0.0,0.0,0.0,0.0,0.0,0.0,0.0,0.0,0.0,0.02690582960063545,0.0,0.0,0.0,0.0,0.0,0.0,0.0,0.0,0.0,0.0,0.0,0.0,0.0,0.0,0.02690582960063545,0.0,0.0,0.0,0.0,0.0,0.0,0.0,0.0,0.0,0.0,0.0,0.0,0.0,0.02690582960063545
0.0,0.059701492543550894,0.029850746271775447,0.059701492543550894,0.054726368130095786,0.029850746271775447,0.0,0.0,0.029850746271775447,0.034825870685230555,0.084577114192916011,0.0,0.029850746271775447,0.0,0.0,0.08955223881532634,0.0,0.0,0.034825870685230555,0.0099502486179549997,0.0,0.0,0.0,0.0,0.0,0.0,0.0,0.0,0.0,0.0,0.0,0.0,0.0,0.0,0.0,0.0,0.0,0.0,0.0,0.0,0.0,0.029850746271775447,0.0,0.0,0.034825870685230555,0.034825870685230555,0.0,0.0,0.0,0.0,0.034825870685230555,0.0,0.0,0.0,0.0,0.0,0.029850746271775447,0.0,0.029850746271775447,0.0,0.0,0.0,0.029850746271775447,0.0,0.0,0.0,0.0,0.0,0.0,0.0,0.0,0.0,0.0,0.0,0.0,0.0,0.0,0.0,0.059701492543550894,0.0,0.0,0.034825870685230555,0.0,0.0,0.0,0.029850746271775447,0.0,0.0,0.0,0.0,0.0,0.0,0.0,0.034825870685230555,0.0,0.0,0.034825870685230555,0.0,0.034825870685230555,0.0
0.032558139593942673,0.10232558141352084,0.11162790687225529,0.0837209303007031,0.032558139593942673,0.055813953533802065,0.023255813939859385,0.0,0.13023255818042187,0.0,0.04651162787971877,0.0,0.037209302225635482,0.027906976766901032,0.0,0.0,0.0,0.0,0.037209302225635482,0.0,0.0,0.0,0.0,0.0,0.0,0.0,0.0,0.0,0.0,0.0,0.0,0.0,0.0,0.0,0.0,0.0,0.0,0.0,0.0,0.0,0.0,0.0,0.0,0.0,0.0,0.0046511628270416447,0.065116278992536525,0.0,0.0,0.0,0.055813953533802065,0.0,0.0,0.027906976766901032,0.0,0.0,0.037209302225635482,0.032558139593942673,0.027906976766901032,0.0,0.0,0.0,0.0,0.0,0.0,0.0,0.0,0.0,0.0,0.0,0.0,0.0,0.0,0.0,0.0,0.0,0.0,0.0,0.0,0.0,0.0,0.0,0.0,0.0,0.0,0.0,0.0,0.0,0.027906976766901032,0.0,0.0,0.0,0.0,0.0,0.0,0.0,0.0,0.0,0.0,0.0
0.0,0.094736842154127407,0.094736842154127407,0.0,0.0,0.0052631579342936278,0.010526315647534623,0.026315789450415506,0.0,0.089473683998781153,0.0,0.0052631579342936278,0.031578947384709136,0.036842105319002762,0.0,0.0052631579342936278,0.0,0.078947368351246522,0.0,0.063157894769418271,0.031578947384709136,0.0,0.0,0.0,0.0,0.0,0.0,0.031578947384709136,0.0,0.0,0.0,0.031578947384709136,0.0,0.0,0.0,0.031578947384709136,0.0,0.0,0.0,0.0,0.0,0.0,0.0,0.0,0.0,0.0,0.0,0.11052631573595566,0.0,0.0052631579342936278,0.0,0.0,0.073684210416952903,0.0052631579342936278,0.036842105319002762,0.036842105319002762,0.0,0.026315789450415506,0.0,0.036842105319002762,0.0,0.0,0.0,0.0,0.0,0.0,0.0,0.0,0.0,0.0,0.0,0.0,0.0,0.0,0.0,0.0,0.0,0.0,0.0,0.0,0.0,0.0,0.0,0.0,0.0,0.0,0.0,0.0,0.0,0.0,0.0,0.0,0.0,0.0,0.0,0.0,0.0,0.0,0.0,0.0
0.0,0.050724637716446135,0.0072463768601134229,0.050724637716446135,0.0,0.0,0.043478260856332711,0.086956521712665422,0.0,0.0072463768601134229,0.086956521712665422,0.0,0.0,0.0,0.0,0.086956521712665422,0.086956521712665422,0.0,0.0072463768601134229,0.0,0.0,0.0,0.0,0.050724637716446135,0.0,0.0,0.0,0.0,0.0,0.0,0.0,0.0,0.0,0.0,0.0,0.0,0.0,0.0,0.0,0.0,0.0,0.0,0.0,0.0,0.0,0.050724637716446135,0.0,0.0,0.050724637716446135,0.0,0.0072463768601134229,0.043478260856332711,0.0,0.036231883996219287,0.0,0.0,0.0,0.0,0.0,0.1521739128449906,0.0,0.0,0.0,0.043478260856332711,0.0,0.0,0.0,0.0,0.0,0.0,0.0,0.0,0.0,0.050724637716446135,0.0,0.0,0.0,0.0,0.0,0.0,0.0,0.0,0.0,0.0,0.0,0.0,0.0,0.0,0.0,0.0,0.0,0.0,0.0,0.0,0.0,0.0,0.0,0.0,0.0,0.0
0.026871401119911875,0.021113243765864403,0.034548944366127446,0.013435700600263039,0.0019193858115538918,0.0038387715424935799,0.0,0.011516314788709146,0.26103646827536003,0.0,0.046065259074222389,0.0,0.0,0.034548944366127446,0.026871401119911875,0.0,0.0,0.011516314788709146,0.0,0.023032629577418293,0.0,0.0,0.0,0.0,0.0,0.0,0.0,0.0,0.0,0.0,0.0,0.0,0.013435700600263039,0.0,0.0,0.0,0.0,0.0,0.0,0.0,0.0,0.011516314788709146,0.0,0.0,0.0,0.013435700600263039,0.0,0.0,0.023032629577418293,0.0,0.011516314788709146,0.013435700600263039,0.0,0.0,0.0,0.0,0.011516314788709146,0.0,0.16122840688069967,0.011516314788709146,0.0,0.0,0.0,0.0,0.0,0.0,0.0,0.0,0.0,0.0,0.0,0.040307101720174918,0.011516314788709146,0.0,0.0,0.0,0.16122840688069967,0.0,0.0,0.0,0.0,0.0,0.0,0.0,0.0,0.0,0.0,0.0,0.0,0.0,0.0,0.0,0.0,0.0,0.0,0.0,0.0,0.0,0.0,0.0
0.0,0.039215686153402533,0.058823529435986149,0.0,0.11764705866608995,0.029411764717993075,0.053921568615340247,0.034313725538638977,0.0049019608206459049,0.078431372512687419,0.029411764717993075,0.0,0.088235294153979224,0.0,0.029411764717993075,0.034313725538638977,0.0,0.0049019608206459049,0.0,0.0,0.0,0.0,0.0,0.029411764717993075,0.0,0.0,0.0,0.029411764717993075,0.0,0.0,0.029411764717993075,0.0,0.0,0.0,0.0,0.0,0.0,0.0,0.0,0.0,0.034313725538638977,0.0,0.0,0.0,0.0,0.0,0.0,0.0,0.0,0.0,0.0,0.034313725538638977,0.0,0.068627450871395615,0.0,0.0,0.0,0.034313725538638977,0.07352941169204151,0.029411764717993075,0.0,0.0,0.034313725538638977,0.0,0.0,0.0,0.0,0.0,0.0,0.0,0.0,0.0,0.0,0.0,0.0,0.0,0.0,0.0,0.0,0.0,0.0,0.0,0.0,0.0,0.0,0.0,0.0,0.0,0.0,0.0,0.0,0.0,0.0,0.0,0.0,0.0,0.0,0.0,0.0,0.0
0.030837004442779797,0.066079295075937822,0.026431718067379536,0.0044052863754002599,0.052863436134759072,0.0044052863754002599,0.0044052863754002599,0.026431718067379536,0.13215859015187564,0.066079295075937822,0.035242290633158029,0.0,0.026431718067379536,0.052863436134759072,0.0,0.030837004442779797,0.026431718067379536,0.0088105725657784944,0.0,0.026431718067379536,0.0,0.0,0.0,0.030837004442779797,0.0,0.0,0.0,0.0,0.0,0.0,0.0,0.0,0.0,0.0,0.0,0.0,0.0,0.0,0.0,0.0,0.0,0.0,0.0,0.0,0.030837004442779797,0.030837004442779797,0.0,0.0,0.0,0.0,0.030837004442779797,0.0,0.0,0.0,0.026431718067379536,0.026431718067379536,0.026431718067379536,0.026431718067379536,0.0,0.0,0.0,0.0,0.0,0.030837004442779797,0.0,0.0,0.0,0.0,0.0,0.0,0.0,0.0,0.0,0.0,0.0,0.0,0.0,0.0,0.0,0.0,0.0,0.0,0.0,0.0,0.0,0.026431718067379536,0.0,0.030837004442779797,0.0,0.0,0.0,0.0,0.0,0.0,0.0,0.030837004442779797,0.0,0.030837004442779797,0.0,0.0
0.0,0.0,0.032110091785539932,0.032110091785539932,0.0,0.0,0.0,0.03669724758976517,0.0,0.032110091785539932,0.0,0.16972477053615012,0.0,0.032110091785539932,0.0,0.0,0.0,0.064220183378419324,0.004587155996885783,0.0,0.0,0.0,0.0,0.0,0.0,0.0,0.0,0.027522935788654151,0.0,0.0,0.0,0.0,0.0,0.027522935788654151,0.032110091785539932,0.0,0.0,0.0,0.0,0.0,0.0,0.064220183378419324,0.0,0.027522935788654151,0.0,0.0,0.0,0.027522935788654151,0.004587155996885783,0.0,0.0,0.0,0.082568807365962463,0.0,0.0,0.0,0.0,0.027522935788654151,0.0,0.027522935788654151,0.0,0.0,0.0,0.0,0.032110091785539932,0.0,0.0,0.0,0.0,0.0,0.032110091785539932,0.0,0.0,0.0,0.0,0.0,0.0,0.0,0.0,0.027522935788654151,0.0,0.0,0.0,0.032110091785539932,0.0,0.03669724758976517,0.0,0.0,0.027522935788654151,0.032110091785539932,0.0,0.0,0.0,0.0,0.027522935788654151,0.0,0.0,0.0,0.0,0.0
0.027667984234998215,0.0,0.023715415034854484,0.06324110670427599,0.047430830069708968,0.06324110670427599,0.023715415034854484,0.0,0.0,0.094861659973410034,0.031620553269134037,0.0,0.20553359674739499,0.027667984234998215,0.0,0.027667984234998215,0.043478260869565237,0.023715415034854484,0.031620553269134037,0.023715415034854484,0.0,0.0,0.0,0.0,0.0,0.0,0.0,0.0,0.0,0.023715415034854484,0.0,0.0,0.0,0.0,0.0,0.023715415034854484,0.0,0.0,0.023715415034854484,0.0,0.0,0.0,0.047430830069708968,0.0,0.0,0.023715415034854484,0.0,0.0,0.0,0.0,0.0,0.0,0.0,0.0,0.0,0.0,0.023715415034854484,0.0,0.023715415034854484,0.0,0.0,0.0,0.0,0.023715415034854484,0.0,0.027667984234998215,0.0,0.0,0.0,0.0,0.0,0.0,0.0,0.0,0.0,0.0,0.0,0.0,0.0,0.0,0.0,0.0,0.0,0.0,0.0,0.0,0.0,0.0,0.0,0.0,0.0,0.0,0.0,0.0,0.0,0.0,0.0,0.0,0.0,0.0
0.0,0.021582733818384141,0.021582733818384141,0.0,0.021582733818384141,0.0,0.025179856146628023,0.0035971223282438799,0.064748201455152435,0.0,0.021582733818384141,0.025179856146628023,0.0,0.32733812930184775,0.021582733818384141,0.0,0.025179856146628023,0.05035971214217691,0.0,0.025179856146628023,0.0,0.0,0.0,0.0,0.0,0.0,0.0,0.0,0.0,0.0,0.0,0.0,0.0,0.0,0.0,0.0,0.0,0.0,0.0,0.0,0.025179856146628023,0.025179856146628023,0.0,0.021582733818384141,0.0,0.025179856146628023,0.0,0.021582733818384141,0.0071942445054086228,0.021582733818384141,0.043165467636768283,0.0,0.025179856146628023,0.021582733818384141,0.0,0.021582733818384141,0.0,0.064748201455152435,0.0,0.0,0.0,0.0,0.0,0.0,0.0,0.021582733818384141,0.0,0.0,0.0,0.0,0.0,0.0,0.0,0.0,0.0,0.0,0.0,0.0,0.0,0.0,0.0,0.0,0.0,0.0,0.0,0.0,0.0,0.0,0.0,0.0,0.0,0.0,0.0,0.0,0.0,0.0,0.0,0.0,0.0,0.0
0.082840236537866346,0.0,0.035502958587234346,0.0,0.0,0.0,0.035502958587234346,0.035502958587234346,0.041420118393193525,0.035502958587234346,0.0,0.0,0.0,0.0,0.20118343191148771,0.0,0.0,0.0,0.0,0.0,0.0,0.0,0.0,0.0,0.0,0.0,0.0,0.0059171598059591761,0.0,0.0,0.0,0.0,0.0,0.0,0.035502958587234346,0.0,0.0,0.0,0.0,0.0,0.035502958587234346,0.0,0.0,0.0,0.0,0.0,0.0,0.0,0.0,0.041420118393193525,0.0,0.0,0.0,0.0,0.047337277950631987,0.041420118393193525,0.0,0.0,0.041420118393193525,0.0,0.041420118393193525,0.0,0.0,0.0,0.0,0.0,0.0,0.0,0.0,0.0,0.035502958587234346,0.0,0.0,0.0,0.0,0.0,0.082840236537866346,0.0,0.0,0.0,0.0,0.0,0.041420118393193525,0.0,0.0,0.0,0.0,0.0,0.041420118393193525,0.0,0.041420118393193525,0.0,0.0,0.0,0.0,0.0,0.0,0.0,0.0,0.0
0.0,0.05000000004500002,0.099999999790000044,0.0,0.0,0.042857142852857161,0.042857142852857161,0.042857142852857161,0.0,0.042857142852857161,0.042857142852857161,0.0,0.0,0.042857142852857161,0.0,0.078571428513571462,0.0,0.078571428513571462,0.042857142852857161,0.05000000004500002,0.0,0.0,0.0,0.0,0.0,0.0,0.0,0.0,0.0,0.0,0.0,0.0,0.0,0.0,0.0,0.0,0.0,0.0,0.0,0.0,0.0,0.0,0.0,0.0,0.0,0.0071428571921428596,0.0,0.0,0.0,0.0,0.05000000004500002,0.0,0.0,0.035714285660714301,0.05000000004500002,0.0,0.0071428571921428596,0.042857142852857161,0.0,0.0,0.0,0.0,0.0,0.0,0.0,0.0,0.0,0.0,0.0,0.0,0.0,0.0,0.0,0.0,0.0,0.05000000004500002,0.0,0.0,0.0,0.0,0.0,0.0,0.0,0.0,0.0,0.0,0.0,0.0,0.05000000004500002,0.0,0.0,0.0,0.0,0.05000000004500002,0.0,0.0,0.0,0.0,0.0,0.0
0.05365853658236764,0.0,0.034146341517382509,0.11707317059478881,0.034146341517382509,0.029268292699916713,0.0,0.0048780488174657933,0.034146341517382509,0.0,0.0,0.0,0.029268292699916713,0.029268292699916713,0.0,0.0,0.28780487777194524,0.0,0.0,0.009756097430053538,0.0,0.0,0.0,0.0,0.0,0.0,0.0,0.0,0.0,0.0,0.0,0.0048780488174657933,0.0,0.0,0.0,0.0,0.0,0.0,0.0,0.0,0.0,0.0,0.034146341517382509,0.029268292699916713,0.0,0.0,0.029268292699916713,0.0,0.034146341517382509,0.0,0.0,0.13658536586465198,0.0,0.0,0.034146341517382509,0.0,0.0,0.0,0.034146341517382509,0.0,0.0,0.0,0.0,0.0,0.0,0.0,0.0,0.0,0.0,0.0,0.0,0.0,0.0,0.0,0.0,0.0,0.0,0.0,0.0,0.0,0.0,0.0,0.0,0.0,0.0,0.0,0.0,0.0,0.0,0.0,0.0,0.0,0.0,0.0,0.0,0.0,0.0,0.0,0.0,0.0
0.0,0.0065359477608612068,0.078431372581314884,0.039215686290657442,0.0,0.0065359477608612068,0.098039215589388704,0.0,0.0,0.0065359477608612068,0.098039215589388704,0.13725490188004613,0.0,0.13725490188004613,0.0,0.039215686290657442,0.0,0.058823529298731254,0.039215686290657442,0.0,0.0,0.0,0.0,0.0,0.0,0.0,0.0,0.0,0.0,0.0,0.0,0.0,0.0,0.0,0.0,0.0,0.0,0.0,0.0,0.0,0.0,0.0,0.0,0.0,0.0,0.0,0.0,0.0,0.0,0.0,0.0,0.0,0.0,0.0,0.039215686290657442,0.0,0.04575163405151865,0.0,0.04575163405151865,0.0,0.0,0.0,0.0,0.0,0.04575163405151865,0.0,0.0,0.0,0.0,0.0,0.0,0.0,0.0,0.0,0.0,0.0,0.0,0.0,0.0,0.0,0.0,0.0,0.0,0.0,0.039215686290657442,0.0,0.0,0.0,0.0,0.0,0.0,0.0,0.0,0.039215686290657442,0.0,0.0,0.0,0.0,0.0,0.0
0.0,0.030303030256749311,0.0,0.084848484667988985,0.0060606061022589535,0.0060606061022589535,0.1090909090770248,0.04242424246126722,0.0,0.0,0.0,0.0060606061022589535,0.0060606061022589535,0.0,0.0,0.04242424246126722,0.0,0.0,0.22424242400176309,0.072727272718016531,0.0,0.0,0.0,0.04242424246126722,0.0,0.0,0.0,0.0,0.0,0.036363636359008265,0.0,0.0,0.0,0.0,0.0,0.0,0.0,0.0,0.0,0.0,0.0,0.0,0.0,0.0,0.04242424246126722,0.04242424246126722,0.0060606061022589535,0.0,0.0,0.0,0.0,0.036363636359008265,0.0,0.0,0.036363636359008265,0.0,0.04242424246126722,0.0,0.0,0.04242424246126722,0.0,0.0,0.0,0.0,0.04242424246126722,0.0,0.0,0.0,0.0,0.0,0.0,0.0,0.0,0.0,0.0,0.0,0.0,0.0,0.0,0.0,0.0,0.0,0.0,0.0,0.0,0.0,0.0,0.0,0.0,0.0,0.0,0.0,0.0,0.0,0.0,0.0,0.0,0.0,0.0,0.0
0.027149321283307049,0.0,0.054298642566614097,0.0,0.10407239803095757,0.027149321283307049,0.0090497736344055165,0.027149321283307049,0.0,0.0,0.0,0.0,0.0,0.031674208195532433,0.031674208195532433,0.027149321283307049,0.036199094917712567,0.0,0.081447963849921146,0.33031674193181954,0.0,0.0,0.0,0.0,0.0,0.0,0.0,0.0,0.0,0.027149321283307049,0.0,0.0,0.0,0.0,0.0,0.0,0.0,0.031674208195532433,0.0,0.0,0.0,0.0,0.0,0.0,0.0,0.0,0.0,0.0,0.0,0.0,0.031674208195532433,0.0,0.0,0.0,0.0,0.0,0.027149321283307049,0.0,0.0,0.0,0.0,0.0,0.0,0.0,0.0,0.0,0.0,0.0,0.0,0.0,0.0,0.0,0.0,0.0,0.0,0.0,0.0,0.0,0.0,0.0,0.0,0.0,0.0,0.0,0.0,0.031674208195532433,0.0,0.0,0.0,0.0,0.031674208195532433,0.0,0.0,0.031674208195532433,0.0,0.0,0.0,0.0,0.0,0.0
0.0,0.02898550726107961,0.033816425171742638,0.0,0.0,0.0,0.02898550726107961,0.0,0.0,0.0,0.0,0.0,0.0,0.0,0.0,0.0,0.0,0.033816425171742638,0.0,0.0,0.22705313997507531,0.02898550726107961,0.033816425171742638,0.05797101452215922,0.0,0.0,0.0,0.077294685961912774,0.02898550726107961,0.0,0.0,0.0,0.0,0.0,0.0,0.053140096611496199,0.033816425171742638,0.16908212545291609,0.0,0.0,0.0,0.0,0.0,0.0,0.0,0.0,0.0,0.02898550726107961,0.0,0.0,0.0,0.0,0.0,0.0,0.0,0.0,0.0,0.0,0.0,0.0,0.0,0.02898550726107961,0.0,0.0,0.0,0.0,0.0,0.033816425171742638,0.0,0.0,0.0,0.0,0.0,0.0,0.0,0.0,0.0,0.0,0.0,0.0,0.0,0.067632850140586731,0.0,0.0,0.0,0.0,0.0,0.0,0.0,0.0,0.0,0.0,0.0,0.0048309179106630264,0.0,0.0,0.0,0.0,0.0,0.0
0.0,0.0,0.0,0.0,0.0,0.0,0.0,0.0,0.0,0.0,0.0,0.0,0.0055248619220414517,0.0,0.038674033222245961,0.0,0.0,0.0,0.0,0.0,0.0,0.044198894912243214,0.02762430937816306,0.038674033222245961,0.0,0.1270718230467324,0.0,0.0,0.0,0.038674033222245961,0.0,0.0,0.038674033222245961,0.0,0.033149171300204512,0.19337016564714143,0.077348066212447733,0.033149171300204512,0.0,0.033149171300204512,0.0,0.0,0.0,0.0,0.0,0.0,0.0,0.0,0.0,0.0,0.0,0.0,0.0,0.0,0.0,0.0,0.0,0.0,0.0,0.0,0.0,0.0,0.0,0.0,0.038674033222245961,0.0,0.049723756834284663,0.0,0.0,0.0,0.0,0.0,0.0,0.0,0.0,0.0,0.0,0.0,0.0,0.033149171300204512,0.0,0.0,0.0,0.0,0.0,0.0,0.0,0.0,0.077348066212447733,0.0,0.0,0.0,0.0,0.033149171300204512,0.0,0.0,0.0,0.038674033222245961,0.0,0.0
0.0,0.0,0.0,0.0,0.0,0.0,0.0,0.0,0.0,0.04242424246126722,0.0,0.0,0.0,0.0,0.0,0.0,0.0,0.0,0.0,0.0,0.0,0.072727272718016531,0.26060606036077139,0.04242424246126722,0.04242424246126722,0.030303030256749311,0.0,0.0,0.036363636359008265,0.04242424246126722,0.0,0.0,0.036363636359008265,0.0,0.0,0.0,0.036363636359008265,0.04242424246126722,0.0,0.0,0.0,0.0,0.0,0.0,0.0,0.0,0.0,0.0,0.0,0.0,0.0,0.0,0.0,0.0,0.0,0.0,0.0,0.0,0.0,0.0,0.0,0.0,0.0,0.0,0.0060606061022589535,0.0,0.0,0.0,0.0,0.0,0.036363636359008265,0.0,0.036363636359008265,0.0,0.0,0.0,0.0,0.036363636359008265,0.0,0.0,0.0,0.0,0.0,0.036363636359008265,0.0,0.0,0.0,0.0,0.04242424246126722,0.0,0.0,0.0,0.04242424246126722,0.0,0.0,0.0,0.04242424246126722,0.036363636359008265,0.0,0.0
0.015113350136870355,0.0,0.0,0.015113350136870355,0.0,0.015113350136870355,0.0,0.0,0.017632241843980989,0.0,0.0,0.0,0.0,0.0,0.0,0.0,0.0,0.0,0.017632241843980989,0.0,0.030226700273740709,0.035264483582168528,0.0,0.28463476057604575,0.030226700273740709,0.0,0.030226700273740709,0.015113350136870355,0.030226700273740709,0.017632241843980989,0.015113350136870355,0.0,0.0,0.0,0.0,0.015113350136870355,0.057934508734577332,0.017632241843980989,0.017632241843980989,0.015113350136870355,0.0,0.0,0.0,0.017632241843980989,0.0,0.0,0.0,0.0,0.0,0.0,0.0,0.0,0.0,0.0,0.0,0.0,0.0,0.0,0.0,0.0,0.0,0.0,0.0,0.015113350136870355,0.073047858871447699,0.0,0.12594458429759722,0.015113350136870355,0.0,0.015113350136870355,0.0,0.0,0.0,0.0,0.0,0.0,0.0,0.0,0.0,0.0,0.0,0.0,0.0,0.0,0.0,0.0,0.0,0.0,0.030226700273740709,0.0,0.015113350136870355,0.0,0.0,0.0,0.0,0.0,0.0,0.0,0.0,0.0
0.0,0.0,0.0,0.027397260287108267,0.0,0.0,0.0,0.0,0.0,0.0,0.0,0.0,0.0,0.0,0.0,0.0,0.0,0.0,0.0,0.0,0.0,0.0,0.0,0.10958904095665226,0.19634703189779193,0.022831050207293421,0.027397260287108267,0.054794520574216535,0.0,0.031963470366923118,0.0,0.063926940542065422,0.0,0.027397260287108267,0.031963470366923118,0.0,0.0,0.0,0.0,0.031963470366923118,0.0,0.0,0.0,0.0,0.0,0.027397260287108267,0.0,0.0,0.0,0.0,0.0,0.0,0.0,0.0,0.0,0.0,0.0,0.0,0.0,0.027397260287108267,0.0,0.0,0.0,0.031963470366923118,0.0,0.0,0.0,0.0,0.0,0.0,0.0,0.0,0.027397260287108267,0.0,0.0,0.063926940542065422,0.0,0.0,0.0,0.031963470366923118,0.031963470366923118,0.031963470366923118,0.0,0.0,0.0,0.0,0.0,0.0,0.036529680254957141,0.027397260287108267,0.0,0.0,0.0,0.0,0.031963470366923118,0.0,0.0,0.0045662100798148485,0.0,0.0
0.0,0.0,0.0,0.0,0.0,0.0,0.0,0.0,0.0,0.0,0.0,0.025454545492310743,0.0,0.0,0.0,0.0,0.0,0.0,0.0,0.0,0.0,0.065454545486201651,0.043636363657467765,0.0,0.043636363657467765,0.23999999981061818,0.0,0.021818181828733883,0.0,0.0036363636635768594,0.021818181828733883,0.021818181828733883,0.010909090838003305,0.021818181828733883,0.1054545453273653,0.043636363657467765,0.0,0.0,0.025454545492310743,0.0,0.0,0.021818181828733883,0.0,0.0,0.0,0.0,0.0,0.0,0.0,0.0,0.0,0.0,0.0,0.0,0.0,0.0,0.0,0.0,0.0,0.0,0.025454545492310743,0.0036363636635768594,0.0,0.079999999987781831,0.0,0.021818181828733883,0.025454545492310743,0.0,0.0,0.0,0.0,0.025454545492310743,0.0,0.0,0.0,0.0,0.0,0.0,0.0,0.0,0.0,0.025454545492310743,0.0,0.0,0.0,0.0,0.0,0.0,0.029090909003160331,0.0,0.0,0.021818181828733883,0.0,0.0,0.0,0.0,0.0,0.0,0.025454545492310743,0.0
0.0,0.0,0.0,0.0,0.0,0.0,0.0,0.0,0.0,0.0,0.0,0.0,0.0,0.0,0.0,0.0,0.0,0.0,0.0,0.0,0.0057142857567999989,0.0,0.034285714300799991,0.0,0.0,0.0,0.19428571429119998,0.0,0.034285714300799991,0.0,0.0057142857567999989,0.0,0.040000000057599995,0.0,0.028571428543999994,0.0,0.034285714300799991,0.0,0.0,0.0,0.0,0.040000000057599995,0.0,0.079999999875199998,0.0,0.0,0.0,0.0,0.0,0.0,0.0,0.0,0.0,0.0,0.0,0.0,0.0,0.034285714300799991,0.0,0.0,0.0,0.0,0.0,0.0,0.13714285696319997,0.0,0.0,0.079999999875199998,0.0,0.0,0.0,0.034285714300799991,0.034285714300799991,0.0,0.0,0.0,0.034285714300799991,0.0,0.0,0.0,0.0,0.0,0.0,0.0,0.040000000057599995,0.040000000057599995,0.0,0.0,0.0,0.0,0.0,0.0,0.0,0.0,0.0,0.0,0.068571428601599982,0.0,0.0,0.0
0.0,0.0,0.0,0.0,0.0,0.0,0.0,0.0,0.0,0.0,0.0,0.0,0.0,0.0,0.0,0.0,0.0,0.0,0.0,0.0,0.10747663529207788,0.0,0.0,0.028037383179404306,0.056074766358808613,0.032710280408681972,0.032710280408681972,0.046728971900253283,0.0,0.0,0.0,0.028037383179404306,0.056074766358808613,0.051401869129530951,0.0,0.0,0.0,0.0,0.032710280408681972,0.032710280408681972,0.0,0.032710280408681972,0.0,0.0,0.0,0.0,0.0,0.0,0.0,0.0,0.0,0.0,0.0,0.0,0.0,0.0,0.0,0.0,0.0,0.0,0.0,0.0,0.0,0.0,0.0,0.032710280408681972,0.0,0.032710280408681972,0.0,0.0,0.0,0.028037383179404306,0.08411214953821293,0.0,0.056074766358808613,0.0,0.0,0.0,0.0,0.0,0.0,0.0,0.032710280408681972,0.0,0.0,0.0,0.032710280408681972,0.0,0.0,0.0,0.032710280408681972,0.065420560621102269,0.0,0.0,0.032710280408681972,0.0,0.032710280408681972,0.0,0.0,0.0
0.0,0.0,0.0,0.0,0.0,0.0,0.0,0.0,0.0,0.0,0.0,0.0,0.0,0.0,0.03191489361464464,0.0,0.0,0.0,0.0,0.0,0.0,0.0,0.0,0.03191489361464464,0.063829787229289281,0.0,0.03191489361464464,0.0,0.047872340310264834,0.03191489361464464,0.095744680843933935,0.03191489361464464,0.03191489361464464,0.0,0.0,0.0,0.0,0.0,0.037234042587652789,0.0,0.0,0.0,0.0,0.037234042587652789,0.0,0.0,0.0,0.0,0.0,0.0,0.0,0.0,0.0,0.0,0.0,0.0,0.0,0.0,0.0,0.0,0.0,0.0,0.037234042587652789,0.03191489361464464,0.0,0.0,0.0,0.0,0.0,0.03191489361464464,0.037234042587652789,0.03191489361464464,0.0,0.0,0.0,0.0,0.03191489361464464,0.0053191489730081499,0.037234042587652789,0.0,0.037234042587652789,0.0,0.0,0.0,0.0,0.0,0.0,0.0,0.03191489361464464,0.0,0.0,0.11170212753955412,0.0,0.0,0.037234042587652789,0.0,0.03191489361464464,0.03191489361464464,0.0,0.0
0.0,0.0,0.0,0.0036630036889264577,0.021978021979712593,0.0,0.0,0.0,0.0,0.0,0.0,0.0,0.0,0.0,0.0,0.0,0.0,0.0,0.0,0.0,0.0,0.087912087765004213,0.025641025668639048,0.0,0.0,0.043956043959425185,0.0,0.0,0.043956043959425185,0.14285714279120879,0.0,0.025641025668639048,0.0,0.0,0.021978021979712593,0.058608058561284863,0.025641025668639048,0.021978021979712593,0.025641025668639048,0.0,0.0,0.0,0.0,0.0,0.0,0.021978021979712593,0.025641025668639048,0.0,0.0,0.0,0.0,0.0,0.0,0.0,0.0,0.043956043959425185,0.0,0.0,0.0,0.0,0.0,0.025641025668639048,0.0,0.021978021979712593,0.0,0.0,0.025641025668639048,0.0,0.021978021979712593,0.076923076852071004,0.0,0.0,0.0,0.0,0.0,0.025641025668639048,0.025641025668639048,0.0,0.0,0.0,0.0,0.0,0.0,0.0,0.0,0.0,0.0,0.0,0.025641025668639048,0.043956043959425185,0.0,0.0,0.0,0.0,0.0,0.0,0.0,0.065934065939137781,0.0,0.0
0.0,0.0,0.028301886807404773,0.0,0.0,0.0,0.0,0.0,0.0,0.0,0.0,0.0,0.0,0.0,0.0,0.0,0.0,0.0,0.0,0.0,0.0,0.0,0.0,0.0,0.028301886807404773,0.0,0.028301886807404773,0.0,0.066037735751869012,0.0,0.28301886787593455,0.033018867974991102,0.0,0.0,0.0047169811675863305,0.0,0.0,0.0,0.0,0.0,0.0,0.0,0.033018867974991102,0.0,0.0,0.0,0.0,0.0,0.0,0.0,0.0,0.0,0.0,0.0,0.0,0.0,0.0,0.0,0.0,0.0,0.066037735751869012,0.028301886807404773,0.028301886807404773,0.0,0.0,0.0,0.0,0.033018867974991102,0.0,0.0,0.0,0.028301886807404773,0.19811320745372024,0.0,0.0,0.0,0.023584905639818445,0.0,0.0,0.0,0.0,0.0,0.0,0.0,0.0,0.0,0.0,0.0,0.0,0.028301886807404773,0.0,0.0,0.0,0.028301886807404773,0.033018867974991102,0.0,0.0,0.0,0.0,0.0
0.037037036987654322,0.0,0.0,0.015873015883597883,0.0,0.0,0.0,0.0,0.0,0.0,0.0,0.0,0.015873015883597883,0.0,0.0,0.0,0.018518518549382714,0.0,0.0,0.0,0.018518518549382714,0.0,0.015873015883597883,0.0,0.018518518549382714,0.015873015883597883,0.0,0.037037036987654322,0.0,0.0,0.0,0.42857142841269841,0.015873015883597883,0.095238095190476185,0.0026455026657848323,0.0,0.0,0.0,0.10846560840828924,0.0,0.0,0.015873015883597883,0.0,0.015873015883597883,0.0,0.0,0.0,0.0,0.0,0.0,0.0,0.0,0.0,0.018518518549382714,0.0,0.0,0.0,0.0,0.0,0.0,0.018518518549382714,0.0,0.0,0.0,0.0,0.0,0.015873015883597883,0.0,0.015873015883597883,0.0,0.018518518549382714,0.0,0.0,0.0,0.0,0.0,0.015873015883597883,0.0,0.0,0.0,0.0,0.0,0.0,0.0,0.0,0.0,0.0,0.0,0.0,0.0,0.0,0.0,0.0,0.0,0.0026455026657848323,0.0,0.018518518549382714,0.0,0.0,0.0
0.0,0.0,0.0,0.0,0.0,0.0,0.0,0.0,0.0,0.0,0.0,0.0,0.0,0.0,0.0,0.0,0.0,0.0,0.0,0.0,0.0,0.0,0.090225563990502564,0.0,0.0,0.060150375783142057,0.15789473682548474,0.0,0.045112781995251282,0.045112781995251282,0.10526315777839335,0.08270676693866244,0.0075187970518401257,0.0,0.0075187970518401257,0.0,0.0,0.045112781995251282,0.10526315777839335,0.0,0.0,0.045112781995251282,0.0,0.0,0.0,0.0,0.0,0.0,0.0,0.0,0.0,0.0,0.0,0.0,0.0,0.0,0.0,0.0,0.0,0.0,0.0,0.0,0.0,0.0,0.0,0.0,0.0,0.0,0.0,0.0,0.052631579047091405,0.0,0.10526315777839335,0.0,0.0,0.0,0.0,0.0,0.0,0.0,0.0,0.0,0.0,0.0,0.0,0.0,0.0,0.0,0.0,0.0,0.0,0.0,0.0,0.0,0.0,0.0,0.0,0.0,0.0,0.045112781995251282
0.0,0.0,0.0,0.0,0.0,0.0,0.0,0.0,0.0,0.0,0.0,0.0,0.0,0.0,0.0,0.0,0.0,0.0,0.0,0.0,0.078212290386130284,0.0,0.0,0.033519553089666365,0.033519553089666365,0.0,0.039106145310383575,0.0055865922207172063,0.0,0.033519553089666365,0.0,0.1284916199033114,0.0,0.33519553066202679,0.0,0.033519553089666365,0.0,0.0,0.0,0.0,0.0,0.0,0.0,0.0,0.0,0.0,0.0,0.0,0.0,0.0,0.0,0.0,0.0,0.0,0.033519553089666365,0.033519553089666365,0.0,0.0,0.039106145310383575,0.0,0.0,0.033519553089666365,0.0,0.033519553089666365,0.0,0.0,0.0,0.033519553089666365,0.0,0.0,0.033519553089666365,0.0,0.0,0.0,0.0055865922207172063,0.0,0.0,0.0,0.0,0.0,0.0,0.0,0.0,0.0,0.0,0.033519553089666365,0.0,0.0,0.0,0.0,0.0,0.0,0.0,0.0,0.0,0.0,0.0,0.0,0.0,0.0
0.0,0.0052631579319667582,0.0,0.03684210530271468,0.0,0.0,0.0,0.0,0.0,0.0,0.0,0.0,0.031578947370747922,0.0,0.0,0.0,0.0,0.0,0.0,0.0,0.063157894741495843,0.031578947370747922,0.0,0.03684210530271468,0.0,0.11052631568709141,0.063157894741495843,0.031578947370747922,0.031578947370747922,0.03684210530271468,0.0,0.031578947370747922,0.0052631579319667582,0.0,0.078947368316343483,0.042105263013628803,0.0,0.015789473574847643,0.03684210530271468,0.0,0.0,0.0,0.0,0.0,0.0,0.03684210530271468,0.0,0.0,0.0,0.0,0.031578947370747922,0.0,0.031578947370747922,0.03684210530271468,0.0,0.0,0.0,0.0,0.0,0.0,0.031578947370747922,0.0,0.0,0.0,0.03684210530271468,0.0,0.031578947370747922,0.0,0.0,0.0,0.0,0.0,0.0,0.0,0.0,0.0,0.03684210530271468,0.0,0.0,0.0,0.0,0.0,0.0,0.0,0.0,0.0,0.0,0.0,0.0,0.0,0.03684210530271468,0.0,0.0,0.0,0.0,0.0,0.0,0.0,0.0,0.0
0.0,0.0,0.0,0.0,0.0,0.0,0.0,0.0,0.020348837241245265,0.020348837241245265,0.0,0.0,0.0029069767661911842,0.0,0.0,0.0,0.0,0.0,0.0,0.0,0.020348837241245265,0.10174418596204028,0.020348837241245265,0.017441860475054083,0.020348837241245265,0.03197674418391698,0.0,0.0,0.0,0.014534883708862897,0.0,0.034883720950108166,0.0,0.017441860475054083,0.0058139534102893452,0.44476744168655352,0.0,0.0,0.034883720950108166,0.0,0.020348837241245265,0.0,0.0,0.0,0.0,0.034883720950108166,0.0,0.0,0.0,0.0,0.0,0.0,0.0,0.020348837241245265,0.0,0.0,0.0,0.0,0.0,0.0,0.0,0.0,0.0,0.0,0.0,0.0,0.0,0.0,0.0,0.0,0.0,0.0,0.0,0.0,0.0,0.0,0.0,0.0,0.0,0.0,0.0,0.0,0.0,0.0,0.0,0.0,0.017441860475054083,0.020348837241245265,0.0,0.0,0.040697674360397514,0.0,0.0,0.0,0.017441860475054083,0.0,0.0,0.0,0.020348837241245265,0.0
0.033898305088767594,0.0,0.0,0.0,0.0,0.0,0.0,0.0,0.0,0.0,0.039548022643110213,0.0,0.033898305088767594,0.0,0.0,0.0,0.0,0.0,0.0,0.0,0.079096045048932292,0.039548022643110213,0.0,0.090395480157617544,0.0,0.0,0.0,0.0,0.0,0.0056497175543426216,0.0,0.0,0.0,0.039548022643110213,0.0,0.0,0.039548022643110213,0.0,0.0,0.0,0.0,0.0,0.0,0.0,0.0,0.0,0.033898305088767594,0.0,0.0,0.0,0.0,0.0,0.0,0.0,0.0,0.0,0.0,0.0,0.0,0.0,0.0,0.0,0.0,0.0,0.10169491526630278,0.0,0.23728813538408502,0.0,0.0,0.0,0.0,0.0,0.0,0.0,0.039548022643110213,0.0,0.0,0.0,0.0,0.0,0.0,0.033898305088767594,0.0,0.0,0.033898305088767594,0.0,0.039548022643110213,0.0,0.039548022643110213,0.0,0.0,0.0,0.0,0.0,0.0,0.0,0.0,0.0,0.039548022643110213,0.0
0.0,0.0,0.0,0.05109489056465448,0.0,0.0,0.0,0.0,0.0,0.0,0.0,0.0,0.0,0.0,0.0,0.0,0.0,0.0,0.0,0.0,0.13868613144504235,0.0,0.0,0.0,0.0,0.05109489056465448,0.04379562044019393,0.0,0.0,0.0,0.0,0.0,0.05109489056465448,0.0,0.036496350315733388,0.05109489056465448,0.0,0.1313868613205818,0.0,0.04379562044019393,0.0,0.0,0.0,0.0,0.0,0.0,0.0,0.0,0.0,0.0,0.0,0.0,0.0,0.0,0.0,0.0,0.0,0.0,0.0,0.0,0.0,0.0,0.0,0.0,0.0,0.0,0.087591240880387861,0.0,0.0,0.0,0.1751824814542064,0.0,0.0,0.0,0.04379562044019393,0.0,0.0,0.0,0.0,0.0,0.0,0.0,0.0,0.0,0.0,0.0,0.0,0.0,0.0,0.0,0.05109489056465448,0.0,0.0,0.04379562044019393,0.0,0.0,0.0,0.0,0.0,0.0
0.0,0.0,0.032967032979712596,0.0,0.0,0.0,0.0,0.0,0.0,0.0,0.0,0.0,0.032967032979712596,0.0,0.0,0.0,0.032967032979712596,0.0,0.0,0.0,0.0,0.0,0.0,0.038461538514792899,0.0054945055350803041,0.021978022140321216,0.0,0.0,0.0,0.0,0.0,0.093406593173288255,0.0,0.0,0.0,0.0,0.0,0.0,0.20879120848689772,0.038461538514792899,0.0,0.032967032979712596,0.0,0.0,0.0,0.0,0.0,0.0,0.0,0.0,0.0,0.0,0.0,0.0054945055350803041,0.0,0.0,0.0,0.0,0.0,0.0,0.038461538514792899,0.0,0.0,0.0,0.0,0.15384615382840236,0.0,0.0,0.0,0.0,0.0,0.076923076798816575,0.0,0.032967032979712596,0.038461538514792899,0.0,0.038461538514792899,0.0,0.0,0.0,0.0,0.0,0.038461538514792899,0.0,0.0,0.0,0.0,0.0,0.038461538514792899,0.0,0.0,0.0,0.0,0.0,0.0,0.0,0.0,0.0,0.0,0.0
0.0,0.0,0.0,0.0,0.0,0.0,0.0,0.0,0.0,0.0,0.0,0.0,0.0,0.0,0.0,0.0,0.0,0.0,0.0,0.0,0.043165467623725473,0.0,0.043165467623725473,0.043165467623725473,0.050359712278039433,0.050359712278039433,0.0,0.0,0.0,0.043165467623725473,0.0,0.0,0.0,0.0,0.0,0.0,0.0,0.043165467623725473,0.0,0.13669064752549037,0.0,0.0,0.0,0.0,0.0,0.0,0.0,0.0,0.0,0.0,0.0,0.0,0.050359712278039433,0.0,0.0,0.03597122296941152,0.0,0.0,0.0,0.0,0.043165467623725473,0.0,0.0,0.0,0.0,0.0,0.0,0.043165467623725473,0.0,0.0,0.043165467623725473,0.0,0.10071942425392059,0.0,0.050359712278039433,0.0,0.0,0.0,0.0,0.043165467623725473,0.0,0.0,0.050359712278039433,0.0,0.0,0.0,0.0,0.043165467623725473,0.0,0.0,0.0,0.0,0.0,0.0,0.0,0.0,0.0,0.0,0.043165467623725473,0.0
0.031914893621774555,0.0,0.031914893621774555,0.0,0.0,0.0,0.0,0.0,0.031914893621774555,0.0,0.0,0.0,0.0,0.026595744647578086,0.0053191489741964684,0.0,0.037234042595971024,0.0,0.0,0.0,0.0,0.0,0.0,0.0,0.0,0.0,0.0,0.0,0.0,0.0,0.0,0.0,0.0,0.0,0.0,0.0,0.0,0.0,0.0,0.037234042595971024,0.34574468041851514,0.0,0.0,0.0,0.031914893621774555,0.031914893621774555,0.0,0.0,0.026595744647578086,0.0,0.0,0.037234042595971024,0.0,0.031914893621774555,0.0,0.0,0.0,0.037234042595971024,0.0,0.0,0.0,0.0,0.0,0.0,0.0,0.0,0.037234042595971024,0.0,0.0,0.0,0.0,0.0,0.0,0.0,0.0,0.0,0.0,0.0,0.0,0.0,0.0,0.0,0.06382978724354911,0.0,0.0,0.0,0.0,0.0,0.0,0.0,0.0,0.037234042595971024,0.0,0.0053191489741964684,0.0,0.0,0.037234042595971024,0.037234042595971024,0.0,0.037234042595971024
0.0,0.0,0.074074073950617284,0.037037037086419748,0.0,0.0,0.0,0.0,0.0,0.0,0.031746031756613752,0.0,0.0,0.031746031756613752,0.0,0.037037037086419748,0.031746031756613752,0.037037037086419748,0.0,0.0,0.0,0.0,0.0,0.0,0.0,0.0,0.0,0.0,0.0,0.0,0.0,0.0,0.0,0.0,0.0,0.0,0.0,0.0,0.0,0.0,0.0,0.079365079280423273,0.0,0.037037037086419748,0.0,0.0,0.0,0.031746031756613752,0.0,0.042328042194003525,0.063492063513227504,0.0,0.12698412680423279,0.0,0.0,0.037037037086419748,0.0,0.063492063513227504,0.0052910053298059955,0.0,0.0,0.037037037086419748,0.0,0.0,0.0,0.0,0.0,0.0,0.0,0.0,0.0,0.0,0.0,0.0,0.0,0.031746031756613752,0.0,0.0,0.0,0.0,0.0,0.0,0.031746031756613752,0.0,0.0,0.031746031756613752,0.0,0.0,0.0,0.0,0.037037037086419748,0.0,0.0,0.0,0.0,0.063492063513227504,0.0,0.0,0.0,0.0
0.0,0.0,0.0,0.0,0.0,0.0,0.020477815714824873,0.0,0.0,0.0,0.0,0.0,0.040955631429649746,0.0,0.0,0.0,0.047781569905694897,0.0,0.0,0.0,0.0,0.020477815714824873,0.0,0.0,0.0,0.0,0.0,0.0,0.020477815714824873,0.0,0.0,0.0,0.0,0.0,0.0,0.0,0.0,0.0,0.047781569905694897,0.0,0.023890785024519804,0.0,0.17064846405129944,0.098976109121084732,0.10238907843077966,0.0,0.0,0.023890785024519804,0.0,0.0,0.0,0.023890785024519804,0.0,0.040955631429649746,0.020477815714824873,0.020477815714824873,0.0,0.0,0.020477815714824873,0.0,0.0,0.0,0.0,0.0,0.0,0.023890785024519804,0.0,0.0,0.0,0.047781569905694897,0.0,0.0,0.0,0.0,0.0,0.0,0.0,0.0,0.0,0.020477815714824873,0.020477815714824873,0.0,0.020477815714824873,0.020477815714824873,0.0,0.0,0.0,0.0,0.020477815714824873,0.0,0.0,0.0,0.020477815714824873,0.0,0.020477815714824873,0.0,0.017064846405129942,0.0,0.023890785024519804,0.0
0.059829059709401722,0.029914529944444448,0.0,0.0,0.0,0.0,0.029914529944444448,0.0,0.0,0.0,0.0,0.0,0.0,0.025641025641025644,0.029914529944444448,0.0,0.0,0.0,0.029914529944444448,0.0,0.0,0.0,0.0,0.0,0.0,0.025641025641025644,0.029914529944444448,0.0,0.08974358965384617,0.0,0.0,0.0,0.0,0.0,0.0,0.0,0.0,0.0,0.0,0.0,0.0,0.029914529944444448,0.017094017213675216,0.094017093957264986,0.025641025641025644,0.0,0.004273504303418804,0.0,0.0,0.029914529944444448,0.0,0.0,0.0,0.029914529944444448,0.0,0.0,0.0,0.0,0.0,0.029914529944444448,0.0,0.0,0.0,0.0,0.0,0.0,0.0,0.0,0.0,0.029914529944444448,0.0,0.025641025641025644,0.0,0.0,0.0,0.0,0.0,0.025641025641025644,0.0,0.025641025641025644,0.0,0.0,0.0,0.029914529944444448,0.025641025641025644,0.0,0.0,0.0,0.051282051282051287,0.0,0.076923076923076941,0.0,0.0,0.0,0.0,0.098290598081196598,0.0,0.0,0.0,0.0
0.0,0.0,0.0,0.0,0.0,0.0,0.0,0.0,0.0,0.0,0.073298429207697163,0.0,0.0,0.0,0.0,0.0,0.036649214713796223,0.0,0.0,0.0,0.0,0.0,0.0,0.0,0.0,0.0,0.0,0.0,0.0,0.031413612580411719,0.0,0.0,0.0,0.0,0.0,0.036649214713796223,0.0,0.0,0.0,0.0,0.0,0.031413612580411719,0.18848167526257506,0.031413612580411719,0.083769633474466171,0.031413612580411719,0.078534031341081653,0.0,0.031413612580411719,0.0,0.0,0.0,0.0,0.0,0.0,0.031413612580411719,0.10994764392149338,0.0,0.0,0.0,0.0,0.0,0.0,0.0,0.0,0.0,0.0,0.036649214713796223,0.0,0.0,0.0,0.0,0.036649214713796223,0.0,0.0,0.0,0.0,0.0,0.0,0.0,0.0,0.0,0.0,0.0,0.0,0.0,0.0,0.0,0.062827225160823438,0.0,0.0,0.0,0.0,0.031413612580411719,0.0,0.0,0.0,0.0,0.0,0.036649214713796223
0.0,0.047413793119054699,0.0,0.0,0.025862068990487513,0.060344827523781217,0.0,0.0,0.0,0.0,0.030172413852407848,0.0,0.034482758533293696,0.0,0.0,0.025862068990487513,0.0,0.0,0.034482758533293696,0.021551724128567182,0.0,0.030172413852407848,0.0,0.0,0.0,0.0,0.0,0.0,0.0,0.021551724128567182,0.030172413852407848,0.0,0.0,0.0,0.051724137980975027,0.051724137980975027,0.0,0.0,0.0,0.0,0.025862068990487513,0.0,0.0,0.060344827523781217,0.060344827523781217,0.25,0.0,0.0,0.025862068990487513,0.060344827523781217,0.0,0.0,0.0,0.0,0.0,0.0,0.025862068990487513,0.0,0.0,0.0,0.0,0.0,0.0,0.0,0.0,0.0,0.0,0.0,0.0,0.0,0.0,0.0,0.0,0.0,0.0,0.0,0.0,0.0,0.0,0.0,0.0,0.0,0.0,0.0,0.0,0.0,0.0,0.0,0.025862068990487513,0.0,0.0,0.0,0.0,0.0,0.0,0.0,0.0,0.0,0.0,0.0
0.0,0.0,0.027149321283307052,0.0,0.0,0.063348416201019636,0.0,0.0,0.0,0.0,0.0,0.027149321283307052,0.0045248869122253834,0.0,0.0,0.0,0.0,0.0,0.063348416201019636,0.063348416201019636,0.0,0.0,0.0,0.0,0.0,0.0,0.03167420819553244,0.0,0.0,0.0,0.0,0.0,0.0,0.0,0.0,0.03167420819553244,0.027149321283307052,0.0,0.0,0.0,0.0,0.0,0.0,0.03167420819553244,0.054298642566614104,0.0,0.11764705876763375,0.0,0.0,0.0,0.03167420819553244,0.0,0.027149321283307052,0.0,0.0,0.0,0.095022624396552069,0.0,0.0,0.0,0.0,0.0,0.027149321283307052,0.0,0.0,0.0,0.0,0.0,0.0,0.0,0.0,0.0,0.0,0.0,0.0,0.0,0.0,0.0,0.13122171931426466,0.0,0.0,0.022624434371081671,0.0,0.0,0.0,0.0,0.03167420819553244,0.0,0.027149321283307052,0.0,0.0,0.0,0.0,0.03167420819553244,0.0,0.0,0.0,0.0,0.0,0.03167420819553244
0.0,0.0,0.0,0.0,0.036363636377520665,0.0,0.04242424248286502,0.0,0.0,0.0,0.0,0.04242424248286502,0.0,0.0,0.0,0.0,0.0,0.0,0.0,0.0,0.0,0.0,0.036363636377520665,0.0,0.0,0.0,0.0,0.0,0.0,0.0,0.0,0.0,0.0,0.0,0.036363636377520665,0.0,0.0,0.0,0.0,0.0,0.0,0.036363636377520665,0.0,0.0,0.036363636377520665,0.0,0.0,0.18181818163305785,0.0,0.0,0.0,0.04242424248286502,0.036363636377520665,0.0,0.036363636377520665,0.04242424248286502,0.0,0.0,0.0,0.04242424248286502,0.0,0.0,0.0,0.0,0.036363636377520665,0.0,0.0,0.0,0.0,0.0,0.0,0.0,0.0,0.0,0.0,0.04242424248286502,0.0,0.0,0.0,0.0,0.10303030277267219,0.0,0.030303030272176311,0.0,0.030303030272176311,0.0,0.0,0.036363636377520665,0.036363636377520665,0.0,0.0,0.0,0.036363636377520665,0.0,0.0,0.0,0.0,0.0,0.0,0.0
0.0,0.0,0.066298342538872457,0.033149171269436228,0.0,0.033149171269436228,0.038674033186349634,0.0,0.066298342538872457,0.033149171269436228,0.0,0.0,0.0,0.066298342538872457,0.033149171269436228,0.0,0.0,0.0,0.0,0.038674033186349634,0.0,0.0,0.0,0.0,0.0,0.0,0.0,0.0,0.0,0.038674033186349634,0.0,0.0,0.0,0.0,0.0,0.0,0.0,0.0,0.0,0.0,0.027624309352522823,0.077348066140655078,0.033149171269436228,0.0,0.033149171269436228,0.038674033186349634,0.0,0.033149171269436228,0.060773480621959058,0.038674033186349634,0.0055248619169134044,0.033149171269436228,0.0,0.033149171269436228,0.0,0.038674033186349634,0.0,0.0,0.0,0.0,0.0,0.0,0.033149171269436228,0.0,0.0,0.0,0.0,0.0,0.0,0.0,0.0,0.0,0.0,0.0,0.0,0.033149171269436228,0.0,0.0,0.0,0.0,0.033149171269436228,0.0,0.0,0.0,0.0,0.0,0.0,0.0,0.0,0.0,0.0,0.0,0.0,0.0,0.0,0.0,0.0,0.0,0.0,0.0
0.0,0.0,0.0,0.0,0.0,0.0,0.0,0.0,0.044871794904585802,0.0,0.0,0.0,0.038461538451183434,0.044871794904585802,0.0,0.0,0.0,0.044871794904585802,0.0,0.0,0.0,0.0,0.0,0.0,0.0,0.0,0.0,0.044871794904585802,0.0,0.0,0.0,0.0,0.0,0.0,0.0,0.0,0.0,0.0,0.044871794904585802,0.0,0.0,0.044871794904585802,0.038461538451183434,0.0,0.0,0.13461538444452664,0.0,0.044871794904585802,0.0,0.064102563995562134,0.0,0.0,0.038461538451183434,0.0,0.0,0.044871794904585802,0.0,0.0,0.0,0.0,0.0,0.0,0.0,0.0,0.0,0.0,0.0,0.0,0.0,0.0,0.0,0.038461538451183434,0.0,0.044871794904585802,0.0,0.0,0.044871794904585802,0.0,0.0,0.0,0.038461538451183434,0.038461538451183434,0.038461538451183434,0.0064102564534023665,0.0,0.0,0.0,0.0,0.0,0.0,0.038461538451183434,0.0,0.0,0.0,0.038461538451183434,0.0,0.0,0.0,0.0,0.0
0.029556650247324616,0.029556650247324616,0.11822660078240192,0.0,0.0,0.029556650247324616,0.0,0.004926108409036861,0.034482758656361481,0.034482758656361481,0.0,0.034482758656361481,0.0,0.059113300494649232,0.034482758656361481,0.0,0.0,0.0,0.0,0.0,0.0,0.0,0.0,0.0,0.0,0.0,0.0,0.0,0.0,0.0,0.0,0.0,0.0,0.0,0.0,0.0,0.0,0.0,0.0,0.0,0.029556650247324616,0.059113300494649232,0.0,0.034482758656361481,0.004926108409036861,0.0,0.0,0.0,0.0,0.0,0.182266009686088,0.029556650247324616,0.034482758656361481,0.0,0.0,0.0,0.0,0.088669950741973855,0.0,0.0,0.0,0.0,0.0,0.0,0.0,0.0,0.0,0.0,0.0,0.0,0.0,0.0,0.0,0.0,0.0,0.0,0.0,0.0,0.0,0.0,0.0,0.0,0.029556650247324616,0.0,0.0,0.0,0.0,0.0,0.0,0.0,0.0,0.0,0.034482758656361481,0.029556650247324616,0.0,0.034482758656361481,0.0,0.0,0.0,0.0
0.0,0.041666666718749995,0.21428571408928571,0.041666666718749995,0.0,0.0,0.0,0.0,0.041666666718749995,0.041666666718749995,0.0,0.041666666718749995,0.0,0.0,0.0059523809955357139,0.041666666718749995,0.041666666718749995,0.035714285723214279,0.0,0.0,0.0,0.0,0.0,0.041666666718749995,0.0,0.0,0.0,0.0,0.0,0.0,0.0,0.0,0.0,0.0,0.0,0.0,0.0,0.0,0.0,0.0,0.083333333187499997,0.0,0.083333333187499997,0.0,0.0,0.0,0.0,0.0,0.071428571446428557,0.0,0.0059523809955357139,0.0892857141830357,0.0,0.0,0.0,0.0,0.0,0.0,0.0,0.0,0.0,0.0,0.0,0.0,0.0,0.0,0.0,0.035714285723214279,0.0,0.0,0.0,0.0,0.0,0.0,0.0,0.0,0.0,0.041666666718749995,0.0,0.0,0.0,0.0,0.0,0.0,0.0,0.0,0.0,0.0,0.0,0.0,0.0,0.0,0.0,0.0,0.0,0.0,0.0,0.0,0.0,0.0
0.0,0.0,0.027472527438292482,0.038461538505917166,0.0,0.0,0.043956043808960274,0.0,0.032967032972104821,0.0,0.0,0.027472527438292482,0.0,0.038461538505917166,0.0,0.0,0.0,0.0,0.0,0.0,0.0,0.0,0.0,0.0,0.0,0.0,0.0,0.0,0.0,0.0,0.0,0.0,0.0,0.0,0.0,0.0,0.0,0.038461538505917166,0.0,0.032967032972104821,0.0,0.06043956041039731,0.0,0.0,0.0,0.0,0.0,0.0,0.0,0.0,0.0,0.032967032972104821,0.18681318676500425,0.0,0.0,0.038461538505917166,0.0,0.032967032972104821,0.065934065944209641,0.0,0.038461538505917166,0.0,0.0,0.0,0.0,0.0,0.0,0.0,0.0,0.0,0.0,0.032967032972104821,0.0,0.0,0.0,0.0,0.0,0.0,0.0,0.0,0.0,0.0,0.0,0.0,0.098901098916314475,0.0,0.0,0.0,0.0,0.0,0.0,0.0,0.032967032972104821,0.0,0.0,0.065934065944209641,0.032967032972104821,0.0,0.0,0.0
0.0,0.0,0.0,0.043209876575217195,0.0,0.0,0.037037037027434848,0.030864197479652494,0.0,0.049382715863740288,0.0,0.0,0.0,0.037037037027434848,0.0,0.006172839547782351,0.0,0.0,0.037037037027434848,0.0,0.0,0.0,0.0,0.0,0.0,0.0,0.0,0.0,0.0,0.0,0.0,0.0,0.0,0.0,0.0,0.006172839547782351,0.0,0.037037037027434848,0.043209876575217195,0.0,0.006172839547782351,0.0,0.043209876575217195,0.043209876575217195,0.0,0.0,0.0,0.0,0.0,0.0,0.037037037027434848,0.037037037027434848,0.0,0.17283950604160953,0.0,0.0,0.037037037027434848,0.0,0.0,0.0,0.0,0.0,0.0,0.0,0.0,0.0,0.043209876575217195,0.0,0.0,0.043209876575217195,0.0,0.0,0.0,0.043209876575217195,0.0,0.0,0.0,0.043209876575217195,0.0,0.0,0.0,0.0,0.0,0.0,0.0,0.0,0.0,0.0,0.0,0.0,0.0,0.037037037027434848,0.0,0.0,0.0,0.043209876575217195,0.043209876575217195,0.0,0.0,0.0
0.0,0.0,0.037037037069958846,0.0,0.037037037069958846,0.0,0.0,0.0,0.0,0.0,0.0,0.0,0.0,0.037037037069958846,0.037037037069958846,0.0,0.0,0.0,0.0,0.0,0.0,0.0,0.0,0.0,0.0,0.0,0.0,0.0,0.0,0.0,0.0,0.0,0.0,0.0,0.0,0.0,0.0,0.0,0.0,0.0,0.0,0.031746031742504413,0.0,0.0,0.037037037069958846,0.0,0.0,0.0,0.0,0.0,0.063492063485008826,0.037037037069958846,0.0,0.0,0.24338624328512645,0.0,0.031746031742504413,0.0,0.031746031742504413,0.0,0.0,0.0,0.0,0.0,0.0,0.0,0.0,0.0052910053274544391,0.031746031742504413,0.0,0.0,0.0,0.0,0.0,0.0,0.0,0.0,0.0,0.031746031742504413,0.0,0.063492063485008826,0.031746031742504413,0.074074073917695479,0.0,0.0,0.031746031742504413,0.031746031742504413,0.037037037069958846,0.0,0.031746031742504413,0.0,0.0,0.0,0.0,0.0,0.0,0.0,0.0,0.0052910053274544391,0.0
0.035087719285318557,0.0,0.0,0.0,0.0,0.0,0.040935672540473991,0.0,0.0,0.0,0.0,0.0,0.0,0.035087719285318557,0.035087719285318557,0.0,0.0,0.0,0.0,0.0,0.0,0.0,0.0,0.0,0.0,0.0,0.040935672540473991,0.0,0.0,0.070175438570637114,0.035087719285318557,0.0,0.0,0.0,0.0,0.0,0.0,0.0,0.0,0.040935672540473991,0.0,0.0,0.040935672540473991,0.0,0.070175438570637114,0.0,0.040935672540473991,0.0,0.0,0.040935672540473991,0.035087719285318557,0.0,0.040935672540473991,0.0,0.0,0.076023391825792555,0.0,0.0,0.0,0.040935672540473991,0.0,0.0,0.0,0.0,0.0,0.0,0.0,0.0058479532551554319,0.0,0.0,0.0,0.0,0.035087719285318557,0.0,0.0,0.0,0.0,0.0,0.0,0.0,0.035087719285318557,0.0,0.0,0.0,0.0,0.0,0.0,0.0,0.0,0.0,0.0,0.0,0.0,0.0,0.0,0.040935672540473991,0.0,0.0,0.16374268991628194,0.0
0.0,0.042168674765858609,0.084337349278705176,0.0,0.036144578334591372,0.042168674765858609,0.0,0.084337349278705176,0.0,0.0,0.0,0.0,0.036144578334591372,0.0,0.0,0.14457831308535346,0.0,0.042168674765858609,0.072289156669182744,0.0,0.0,0.0,0.0,0.042168674765858609,0.0,0.0,0.0,0.0,0.0,0.0,0.0,0.0,0.0,0.0,0.0,0.0,0.0,0.0,0.0,0.0,0.036144578334591372,0.0,0.0,0.0,0.084337349278705176,0.0,0.042168674765858609,0.0,0.0,0.0,0.0,0.042168674765858609,0.0,0.036144578334591372,0.0,0.0,0.054216867375381041,0.0,0.0,0.0,0.0,0.0,0.0,0.0,0.0,0.0,0.0,0.0,0.0,0.0,0.0,0.0,0.0,0.0,0.0,0.0,0.0,0.0,0.0,0.0,0.0,0.036144578334591372,0.0,0.0,0.0,0.042168674765858609,0.0,0.0,0.0,0.0,0.0,0.0,0.0,0.0,0.0,0.0,0.0,0.0,0.0,0.0
0.035714285744897961,0.0,0.0,0.0,0.0,0.061224489787172008,0.0,0.0,0.0,0.030612244893586004,0.061224489787172008,0.061224489787172008,0.0,0.035714285744897961,0.0,0.0,0.0,0.0,0.0,0.035714285744897961,0.0,0.035714285744897961,0.0,0.0,0.0,0.0,0.0,0.0,0.0,0.0,0.030612244893586004,0.0,0.035714285744897961,0.0,0.0,0.0,0.0,0.0,0.0,0.0,0.035714285744897961,0.030612244893586004,0.061224489787172008,0.030612244893586004,0.0,0.0,0.0051020408513119528,0.0,0.035714285744897961,0.0,0.02551020404227405,0.0,0.0,0.0,0.0,0.0,0.0,0.12244897936005832,0.061224489787172008,0.030612244893586004,0.0,0.0,0.0,0.035714285744897961,0.0,0.0,0.0,0.0,0.0,0.0,0.0,0.0,0.0,0.0,0.0,0.0,0.0,0.0,0.0,0.0,0.0,0.0,0.0,0.0,0.0,0.0,0.035714285744897961,0.0,0.0,0.0,0.0,0.0,0.0,0.035714285744897961,0.0,0.030612244893586004,0.0,0.0,0.0,0.0
0.020338983064843434,0.020338983064843434,0.0,0.020338983064843434,0.020338983064843434,0.020338983064843434,0.020338983064843434,0.0,0.18983050836791726,0.023728813599379488,0.0,0.0,0.0,0.0,0.047457627056386099,0.0,0.0,0.023728813599379488,0.0,0.0,0.0,0.0,0.0,0.0,0.0,0.0,0.0,0.0,0.020338983064843434,0.0,0.0,0.0,0.0,0.0,0.0,0.0,0.0,0.0,0.0,0.0,0.023728813599379488,0.020338983064843434,0.0,0.0,0.0,0.0,0.047457627056386099,0.0,0.0,0.0,0.0,0.0,0.020338983064843434,0.0,0.020338983064843434,0.0,0.0,0.016949152530307383,0.054237288125458201,0.020338983064843434,0.0,0.0,0.0,0.0,0.0,0.0,0.0,0.0,0.0,0.0,0.0,0.023728813599379488,0.0,0.0,0.0,0.0,0.21355932196729677,0.0,0.0,0.0,0.020338983064843434,0.0,0.0,0.0,0.0,0.040677966129686868,0.0,0.0,0.0,0.023728813599379488,0.0,0.0,0.0,0.0,0.0,0.027118643991542658,0.0,0.0,0.0,0.0
0.0,0.0,0.0,0.0,0.0,0.0,0.14893617013037572,0.049645390142749345,0.049645390142749345,0.0,0.0,0.035460992874000292,0.0,0.0,0.0,0.0,0.0,0.0,0.0,0.0,0.0,0.0,0.0,0.0,0.0,0.0,0.0,0.0,0.0,0.0,0.0,0.0,0.0,0.0,0.0,0.0,0.0,0.0,0.0,0.0,0.0,0.085106383016749637,0.0,0.0,0.0,0.049645390142749345,0.0,0.0,0.0,0.0,0.0,0.0,0.056737588479251533,0.0,0.0070921986343745269,0.0,0.0,0.0,0.042553191508374819,0.035460992874000292,0.0,0.0,0.0,0.0,0.0,0.0,0.0,0.0,0.0,0.0,0.0,0.0,0.0,0.0,0.0,0.0,0.0,0.0,0.0,0.0,0.0,0.0,0.0,0.17021276573562696,0.042553191508374819,0.049645390142749345,0.0,0.0,0.0,0.0,0.0,0.0,0.0,0.0,0.0,0.085106383016749637,0.049645390142749345,0.0,0.042553191508374819,0.0
0.0,0.0,0.0,0.0,0.0,0.0,0.0,0.0,0.0,0.0,0.0,0.083832335165190591,0.0,0.0,0.0,0.0,0.0,0.0,0.0,0.0,0.0,0.0,0.0,0.0,0.041916167708343798,0.0,0.0,0.0,0.0,0.0,0.083832335165190591,0.07185628742816165,0.0,0.0,0.035928143714080825,0.0,0.0,0.0,0.0,0.0,0.0,0.0,0.0,0.0,0.0,0.041916167708343798,0.0,0.041916167708343798,0.0,0.0,0.0,0.0,0.0,0.0,0.0,0.0,0.0,0.0,0.0,0.0,0.035928143714080825,0.041916167708343798,0.0,0.0,0.0,0.0,0.041916167708343798,0.0,0.083832335165190591,0.0,0.041916167708343798,0.0,0.041916167708343798,0.029940119719817852,0.0,0.07185628742816165,0.035928143714080825,0.0,0.041916167708343798,0.0,0.0,0.0,0.0,0.0,0.041916167708343798,0.0,0.0,0.0,0.0,0.0059880239942629717,0.0,0.041916167708343798,0.0,0.0,0.041916167708343798,0.0,0.0,0.0,0.0,0.0
0.0,0.0,0.0,0.0,0.0,0.0,0.042682926868307561,0.0,0.0,0.0,0.0,0.0,0.0,0.0,0.0,0.0,0.0,0.0,0.0,0.0,0.0,0.0,0.0,0.0,0.0,0.073170731701070801,0.0,0.0,0.0,0.0,0.0,0.0,0.0,0.036585365850535401,0.0,0.0,0.0,0.0,0.042682926868307561,0.0,0.0,0.0,0.0,0.0,0.0,0.0,0.0,0.0,0.0,0.0,0.0,0.0,0.0,0.0,0.036585365850535401,0.0,0.0,0.0,0.0,0.0,0.0,0.13414634136659728,0.036585365850535401,0.0,0.0,0.0,0.0,0.073170731701070801,0.0,0.0,0.0,0.0,0.0,0.0,0.042682926868307561,0.042682926868307561,0.0,0.042682926868307561,0.030487804832763241,0.0,0.0,0.0,0.042682926868307561,0.0,0.0,0.085365853480517562,0.0,0.042682926868307561,0.0,0.042682926868307561,0.0,0.036585365850535401,0.042682926868307561,0.0,0.0,0.0,0.036585365850535401,0.036585365850535401,0.0,0.0
0.0,0.0,0.0,0.0,0.034883720933071925,0.0,0.0,0.0,0.0,0.0,0.0,0.0,0.0,0.0,0.0,0.0,0.0,0.0,0.0,0.0,0.0,0.0,0.0,0.0,0.034883720933071925,0.034883720933071925,0.0,0.0,0.034883720933071925,0.081395348681043797,0.034883720933071925,0.0,0.0,0.0,0.0,0.0058139535295429956,0.0,0.0,0.0,0.0,0.0,0.0,0.0,0.0,0.0,0.0,0.0,0.0,0.0,0.0,0.0,0.0,0.034883720933071925,0.034883720933071925,0.0,0.0,0.0,0.0,0.0,0.0,0.034883720933071925,0.069767441866143851,0.22674418594287452,0.0,0.0,0.0,0.0,0.0,0.0,0.0,0.0,0.0,0.0,0.0,0.040697674462614922,0.0,0.0,0.0,0.069767441866143851,0.040697674462614922,0.0,0.0,0.0,0.0,0.0,0.069767441866143851,0.0,0.0,0.0,0.0,0.0,0.0,0.0,0.0,0.040697674462614922,0.0,0.0,0.0,0.034883720933071925,0.040697674462614922
0.0,0.0,0.0,0.0,0.0,0.0,0.0,0.0,0.0,0.0,0.0,0.0,0.0,0.0,0.0,0.0,0.0,0.0,0.0,0.0,0.0,0.0,0.030303030336088149,0.0,0.030303030336088149,0.060606060490358125,0.0,0.0,0.025974025976387247,0.051948051952774493,0.030303030336088149,0.025974025976387247,0.0,0.0,0.0,0.0,0.0,0.0,0.0,0.0,0.0,0.0,0.0,0.0,0.030303030336088149,0.0,0.0,0.030303030336088149,0.0,0.0,0.0,0.0,0.0,0.0,0.0,0.0,0.0,0.0,0.0,0.0,0.0,0.0,0.0,0.29004328991814249,0.0,0.0,0.030303030336088149,0.0,0.0,0.0,0.051948051952774493,0.0,0.0,0.0,0.025974025976387247,0.0,0.0,0.025974025976387247,0.025974025976387247,0.0,0.0,0.0,0.0,0.0,0.0,0.0,0.030303030336088149,0.0,0.030303030336088149,0.0,0.064935064850059024,0.0,0.0,0.051948051952774493,0.030303030336088149,0.0,0.0,0.025974025976387247,0.0,0.0
0.0090090088897005136,0.0,0.031531531586924767,0.0,0.0,0.0,0.0,0.0,0.0,0.0,0.0,0.0,0.0,0.027027027047479918,0.0,0.0,0.0,0.0,0.0,0.0,0.0,0.099099099111029987,0.031531531586924767,0.049549549555514993,0.0,0.0,0.054054054094959836,0.0,0.0,0.027027027047479918,0.0,0.0,0.027027027047479918,0.0,0.063063062984660356,0.0,0.23423423415924041,0.0,0.0,0.0,0.0,0.0,0.0,0.0,0.0,0.0,0.0,0.0,0.0,0.0,0.0,0.0,0.0,0.0,0.0,0.0,0.0,0.031531531586924767,0.0,0.0,0.031531531586924767,0.0,0.0,0.031531531586924767,0.076576576413805719,0.0,0.0,0.0,0.0,0.0,0.0,0.0,0.0,0.0,0.0,0.0,0.0,0.0,0.0,0.0,0.0,0.0,0.0,0.0,0.0,0.0,0.0,0.0,0.094594594571585131,0.027027027047479918,0.0,0.027027027047479918,0.0,0.0,0.0,0.0,0.0,0.0,0.0,0.027027027047479918
0.0,0.0,0.0,0.0,0.0,0.0,0.0,0.0,0.0,0.0,0.0,0.0,0.0,0.0,0.0,0.0,0.0,0.0,0.0,0.0,0.0,0.0,0.0,0.0,0.0,0.03208556149612514,0.03208556149612514,0.0,0.11229946512413852,0.0,0.0,0.0,0.037433155116245814,0.0,0.0,0.0,0.037433155116245814,0.0,0.037433155116245814,0.0,0.0,0.0,0.0,0.03208556149612514,0.0,0.0,0.0,0.0,0.0,0.03208556149612514,0.03208556149612514,0.0,0.0,0.0,0.0,0.0,0.0,0.037433155116245814,0.0,0.0,0.0,0.0,0.03208556149612514,0.0,0.0,0.053475935752008923,0.0,0.037433155116245814,0.0,0.010695187015642427,0.0,0.0,0.0,0.0,0.0,0.0,0.03208556149612514,0.037433155116245814,0.14973262024038433,0.0,0.037433155116245814,0.0,0.037433155116245814,0.0,0.0,0.0,0.0,0.03208556149612514,0.037433155116245814,0.0,0.0,0.0,0.0,0.0,0.0,0.0,0.0,0.0053475936201206782,0.037433155116245814,0.037433155116245814
0.0362694300788746,0.0362694300788746,0.0,0.0,0.0,0.0,0.0,0.0,0.0,0.0,0.0,0.0,0.0,0.0,0.0,0.0,0.0,0.0,0.0,0.0,0.0362694300788746,0.031088082893661575,0.0,0.04145077704647105,0.0362694300788746,0.0362694300788746,0.0,0.0,0.0,0.0362694300788746,0.0,0.0362694300788746,0.0,0.0,0.0,0.0362694300788746,0.067357512972536185,0.031088082893661575,0.0,0.0,0.0,0.0,0.0,0.0,0.0,0.0,0.0,0.0,0.0,0.0,0.0,0.0362694300788746,0.0,0.0,0.0,0.0,0.0,0.0,0.0,0.0,0.0,0.0,0.0,0.0362694300788746,0.031088082893661575,0.0,0.098445595866197749,0.0,0.0,0.0,0.0,0.0,0.0,0.0362694300788746,0.0,0.0,0.0,0.0,0.031088082893661575,0.031088082893661575,0.0,0.0,0.0,0.0,0.0,0.0,0.0,0.031088082893661575,0.031088082893661575,0.0,0.0,0.0,0.0,0.0,0.0,0.0,0.0,0.06217616578732315,0.10880829001900723,0.0051813471852130257
0.0,0.036649214689619257,0.0,0.036649214689619257,0.0,0.0,0.0,0.0,0.0,0.0,0.0,0.0,0.0,0.036649214689619257,0.0,0.0,0.0,0.0,0.0,0.0,0.0,0.0,0.036649214689619257,0.0,0.0,0.0,0.0052356021299306494,0.036649214689619257,0.0,0.0,0.0,0.036649214689619257,0.036649214689619257,0.0,0.0,0.0,0.0,0.0,0.0,0.031413612559688608,0.031413612559688608,0.0,0.031413612559688608,0.0,0.0,0.0,0.036649214689619257,0.0,0.0,0.0,0.0,0.0,0.0,0.0,0.0,0.0,0.0,0.0,0.0,0.0,0.0,0.0,0.073298429159343231,0.0,0.031413612559688608,0.0,0.0,0.078534031289273873,0.031413612559688608,0.0,0.0,0.0,0.036649214689619257,0.0,0.0,0.0,0.0,0.0052356021299306494,0.0,0.062827225119377217,0.0,0.036649214689619257,0.031413612559688608,0.031413612559688608,0.0,0.031413612559688608,0.031413612559688608,0.0,0.0,0.031413612559688608,0.031413612559688608,0.031413612559688608,0.031413612559688608,0.0,0.0,0.0,0.0,0.0,0.0,0.0
0.0,0.0,0.0,0.0,0.0,0.0,0.0,0.0,0.0,0.0,0.0,0.0,0.0,0.0,0.0,0.0,0.0,0.0,0.0,0.0,0.0,0.0,0.0,0.034883720933071932,0.0058139535295429964,0.040697674462614929,0.0,0.0,0.0,0.0,0.0,0.0,0.0,0.0,0.0,0.0,0.0,0.0,0.040697674462614929,0.069767441866143864,0.0,0.0,0.0,0.034883720933071932,0.034883720933071932,0.0,0.0,0.0,0.0,0.040697674462614929,0.0,0.0,0.0,0.0,0.0,0.0,0.0,0.0,0.0,0.0,0.040697674462614929,0.0,0.0058139535295429964,0.081395348681043825,0.0,0.0,0.0,0.069767441866143864,0.12209302314365875,0.0,0.0,0.0,0.040697674462614929,0.0,0.069767441866143864,0.12209302314365875,0.034883720933071932,0.0,0.0,0.040697674462614929,0.0,0.0,0.0,0.0,0.0,0.0,0.0,0.0,0.0,0.0,0.034883720933071932,0.0,0.0,0.0,0.0,0.0,0.0,0.034883720933071932,0.0,0.0
0.0,0.0,0.0,0.0,0.0,0.0,0.0,0.0,0.0,0.0,0.0,0.0,0.0,0.0,0.0,0.0,0.0,0.0,0.0,0.0,0.0,0.0,0.0,0.0,0.0,0.0,0.0,0.03314917128482036,0.03314917128482036,0.0,0.0,0.0,0.0,0.0,0.038674033204297791,0.0,0.0,0.0,0.0,0.0,0.0,0.0,0.12154696130032661,0.0,0.0,0.0,0.0,0.0,0.0,0.0,0.0,0.0,0.0,0.0,0.0,0.03314917128482036,0.0,0.0,0.0,0.0,0.0,0.0,0.0,0.0,0.0,0.0,0.0,0.06629834256964072,0.0055248619194774272,0.22651933684222092,0.0,0.0055248619194774272,0.0,0.077348066176551392,0.03314917128482036,0.0,0.0,0.0,0.0,0.0,0.0,0.0,0.077348066176551392,0.038674033204297791,0.0,0.0,0.0,0.0,0.0,0.0,0.03314917128482036,0.038674033204297791,0.0,0.0,0.0,0.03314917128482036,0.03314917128482036,0.03314917128482036,0.0,0.038674033204297791
0.0,0.0,0.0,0.0,0.0,0.0,0.0,0.0,0.0,0.0,0.0,0.0,0.0,0.0,0.0,0.0,0.0,0.0,0.0,0.0,0.0,0.0,0.030456852799453732,0.0,0.0,0.0,0.030456852799453732,0.0,0.0,0.0,0.0,0.030456852799453732,0.0,0.035532994968229016,0.0,0.0,0.0,0.091370558398361196,0.030456852799453732,0.0,0.0,0.0,0.0,0.0,0.0,0.0,0.0,0.0,0.0,0.0,0.035532994968229016,0.0,0.0,0.0,0.0,0.0,0.0,0.0,0.0,0.0,0.035532994968229016,0.0,0.0,0.030456852799453732,0.0,0.030456852799453732,0.0,0.0,0.0,0.0,0.21827411155175344,0.0,0.0,0.071065989723260059,0.030456852799453732,0.030456852799453732,0.060913705598907464,0.076142131892035336,0.0,0.0,0.0,0.0,0.0,0.0,0.035532994968229016,0.0,0.0,0.0,0.0,0.030456852799453732,0.0,0.0,0.0,0.0,0.035532994968229016,0.0,0.0,0.0,0.030456852799453732,0.0
0.0,0.040935672560582746,0.040935672560582746,0.035087719302554631,0.0,0.0,0.0,0.0,0.16374268999671696,0.0,0.0,0.0,0.0,0.0,0.0,0.0,0.0,0.0,0.0,0.0,0.0,0.0,0.0,0.0,0.0,0.0,0.0,0.0,0.035087719302554631,0.0,0.0,0.0,0.0,0.035087719302554631,0.0,0.0,0.0,0.0,0.0,0.0,0.0,0.0,0.0,0.035087719302554631,0.0,0.0,0.0,0.040935672560582746,0.040935672560582746,0.0,0.0,0.0,0.0,0.081871344875551463,0.0,0.0,0.0,0.0,0.040935672560582746,0.0,0.0,0.0,0.0,0.0,0.0,0.035087719302554631,0.035087719302554631,0.0,0.0,0.035087719302554631,0.0,0.11695906417810609,0.0,0.0,0.0,0.0,0.0,0.0,0.040935672560582746,0.0,0.0,0.0,0.035087719302554631,0.035087719302554631,0.0,0.0,0.0,0.0,0.0,0.0058479532580281114,0.070175438605109261,0.0,0.0,0.0,0.0,0.0,0.0,0.0,0.0,0.0
0.0,0.0,0.041379310366801425,0.0,0.0,0.0,0.0,0.0,0.0,0.0,0.041379310366801425,0.0,0.0,0.0,0.0,0.0,0.0,0.0,0.0,0.0,0.0,0.048275862142877532,0.041379310366801425,0.0,0.041379310366801425,0.0,0.041379310366801425,0.08275862073360285,0.041379310366801425,0.0,0.15862068940147445,0.041379310366801425,0.0,0.0,0.041379310366801425,0.0,0.0,0.0,0.0,0.062068965405374557,0.0,0.0,0.0,0.0,0.0,0.0,0.0,0.0,0.0,0.0,0.0,0.0,0.0,0.0,0.0,0.0,0.0,0.0,0.0,0.0,0.0,0.0,0.0,0.0,0.0,0.0,0.0,0.0,0.0,0.0,0.0,0.0,0.034482758590725325,0.0,0.0,0.0,0.0,0.0,0.0,0.0,0.0,0.0,0.0,0.0,0.048275862142877532,0.0,0.0,0.0,0.0,0.041379310366801425,0.0,0.0,0.048275862142877532,0.0,0.0,0.0,0.0,0.096551723996099889,0.048275862142877532,0.0
0.0,0.0,0.0,0.0,0.0,0.0,0.0,0.0,0.0,0.0,0.0,0.0,0.0,0.0,0.0,0.0,0.0,0.0,0.0,0.0,0.0,0.0,0.0,0.0,0.0,0.0,0.0,0.052238806000556914,0.0,0.0,0.0,0.0,0.0,0.0,0.0,0.044776119384272665,0.0,0.0,0.0,0.044776119384272665,0.044776119384272665,0.0,0.052238806000556914,0.0074626866162842498,0.0,0.0,0.044776119384272665,0.0,0.0,0.0,0.0,0.0,0.0,0.0,0.0,0.0,0.0,0.0,0.0,0.0,0.089552238768545331,0.0,0.0,0.0,0.0,0.052238806000556914,0.0,0.0,0.052238806000556914,0.0,0.052238806000556914,0.0,0.0,0.13432835815281799,0.10447761168768101,0.0,0.0,0.044776119384272665,0.0,0.0,0.0,0.0,0.0,0.052238806000556914,0.0,0.052238806000556914,0.0,0.0,0.0,0.0,0.0,0.044776119384272665,0.0,0.0,0.0,0.0,0.0,0.0,0.0,0.029850746465136999
0.0,0.0,0.0,0.037037037037037042,0.0,0.0,0.0,0.0,0.0,0.0,0.0,0.0,0.0,0.0,0.0,0.0,0.0,0.0,0.0,0.0,0.0,0.0,0.0,0.0,0.0,0.0,0.0,0.0,0.0,0.0,0.043209876586419754,0.0,0.0,0.037037037037037042,0.0,0.043209876586419754,0.0,0.030864197487654326,0.0,0.0,0.0,0.0,0.0,0.0,0.043209876586419754,0.0,0.0,0.0,0.0,0.0,0.0,0.0,0.0,0.043209876586419754,0.0,0.0,0.0,0.0,0.0,0.0,0.043209876586419754,0.0,0.0,0.037037037037037042,0.0,0.0,0.0,0.043209876586419754,0.14814814788888891,0.0,0.0,0.0,0.0,0.0,0.2283950615123457,0.0,0.0,0.0,0.0,0.043209876586419754,0.0,0.0,0.0,0.0,0.0,0.043209876586419754,0.0,0.0061728395493827167,0.0,0.0,0.0,0.043209876586419754,0.0,0.043209876586419754,0.0,0.043209876586419754,0.0,0.0,0.0,0.0
0.0,0.0,0.0,0.055045871577308308,0.0,0.0,0.0,0.0,0.0,0.0,0.0,0.0,0.0,0.0,0.0,0.0,0.0,0.0,0.0,0.0,0.0,0.064220183571079878,0.0,0.064220183571079878,0.13761467875061023,0.0,0.0,0.0,0.0,0.0,0.0,0.0,0.0,0.0,0.0,0.0,0.0,0.0,0.0,0.0,0.0,0.0,0.0,0.0,0.0,0.0,0.0,0.0,0.0,0.064220183571079878,0.0,0.0,0.0,0.0,0.0,0.0,0.0,0.0,0.0,0.0,0.12844036675683868,0.0,0.0,0.064220183571079878,0.0,0.0,0.0,0.0,0.073394495179530339,0.055045871577308308,0.055045871577308308,0.0,0.0,0.0,0.0,0.064220183571079878,0.055045871577308308,0.0,0.0,0.0091743119937715677,0.0,0.0,0.0,0.0,0.0,0.0,0.0,0.0,0.064220183571079878,0.045871559583536739,0.0,0.0,0.0,0.0,0.0,0.0,0.0,0.0,0.0,0.0
0.0,0.0,0.0,0.0,0.0,0.0,0.0,0.0,0.30817610043953964,0.0,0.0,0.0,0.0,0.01886792453826985,0.0,0.0,0.0,0.0,0.0,0.0,0.0,0.0,0.0,0.01886792453826985,0.0,0.0,0.01886792453826985,0.0,0.0,0.0,0.056603773614809554,0.0,0.0,0.0,0.02201257864999407,0.0,0.0,0.0,0.0,0.0,0.02201257864999407,0.0,0.0,0.0,0.0,0.0,0.0,0.02201257864999407,0.0,0.0,0.0,0.0,0.0,0.0,0.0,0.0,0.02201257864999407,0.0,0.17610062880372612,0.0,0.0,0.0,0.0,0.0,0.0,0.0,0.0,0.0,0.01886792453826985,0.0,0.0031446541117242199,0.01572327042654563,0.01886792453826985,0.0377358490765397,0.0,0.0,0.094339622559273778,0.02201257864999407,0.02201257864999407,0.0,0.0,0.0,0.0,0.0,0.01886792453826985,0.0,0.0,0.0,0.0,0.02201257864999407,0.0,0.02201257864999407,0.0,0.01886792453826985,0.0,0.0,0.0,0.0,0.0,0.0
0.0,0.0,0.0,0.0,0.0,0.0,0.0,0.0,0.0,0.0,0.0,0.0,0.0,0.0,0.0,0.0,0.0,0.0,0.0,0.0400000000112,0.0,0.0,0.0,0.0,0.0,0.0,0.046666666726400005,0.0,0.046666666726400005,0.0,0.0,0.0,0.0400000000112,0.046666666726400005,0.0,0.0,0.046666666726400005,0.0,0.0,0.0,0.0,0.0,0.0,0.0,0.046666666726400005,0.0,0.0,0.0,0.0,0.0,0.0,0.0,0.0,0.0,0.0,0.0,0.0,0.0,0.0,0.0,0.0400000000112,0.0,0.0,0.0,0.0,0.0400000000112,0.0,0.0,0.0,0.0400000000112,0.053333333161600001,0.0,0.0,0.073333333307200016,0.046666666726400005,0.0,0.053333333161600001,0.11333333303840001,0.0,0.0,0.046666666726400005,0.0,0.046666666726400005,0.0,0.0,0.0,0.0,0.046666666726400005,0.0,0.0,0.046666666726400005,0.0,0.0,0.0,0.0,0.0,0.0,0.0,0.0,0.0400000000112
0.0,0.0,0.0,0.0,0.0,0.0,0.0,0.0,0.0,0.0,0.030434782653950845,0.0,0.0,0.0,0.0,0.0,0.0,0.0,0.0,0.0,0.0,0.0,0.0,0.0,0.0,0.0,0.0,0.0,0.0,0.030434782653950845,0.0,0.0,0.0,0.0,0.0,0.0,0.0,0.026086956534442339,0.0,0.0,0.0,0.0,0.0,0.0,0.0,0.026086956534442339,0.130434782489603,0.0,0.0,0.0,0.0,0.0,0.0,0.0,0.026086956534442339,0.026086956534442339,0.0,0.0,0.0,0.0,0.0,0.0,0.10434782595516068,0.0,0.030434782653950845,0.15217391290453686,0.0,0.0,0.0,0.0,0.0,0.026086956534442339,0.0,0.0,0.030434782653950845,0.0,0.0,0.0,0.052173913068884678,0.0,0.030434782653950845,0.0043478261195085063,0.0043478261195085063,0.0,0.0,0.0,0.026086956534442339,0.060869565125293006,0.0,0.0,0.0,0.030434782653950845,0.0,0.060869565125293006,0.0,0.0,0.030434782653950845,0.030434782653950845,0.030434782653950845,0.0
0.0,0.0,0.0,0.0,0.0,0.0,0.0,0.0,0.0,0.0,0.0,0.06521739129442343,0.0,0.0,0.0,0.0,0.0,0.0,0.0,0.0,0.0,0.0,0.0,0.0,0.0,0.0,0.0,0.0,0.0,0.0,0.0,0.0,0.0,0.0,0.0,0.0,0.0,0.0,0.0,0.0,0.0,0.0,0.0,0.086956521421550081,0.0,0.0,0.0,0.0,0.0,0.0,0.0,0.0,0.0,0.0,0.0,0.0,0.0,0.0,0.0,0.0,0.0,0.06521739129442343,0.0,0.0,0.0,0.0,0.0,0.13043478258884686,0.30434782588846876,0.0,0.0,0.0,0.0,0.06521739129442343,0.0,0.043478261167296778,0.0,0.0,0.0,0.043478261167296778,0.0,0.0,0.0,0.0,0.0,0.0,0.0,0.0,0.06521739129442343,0.0,0.0,0.06521739129442343,0.0,0.0,0.0,0.0,0.0,0.0,0.0,0.06521739129442343
0.042424242482865006,0.0,0.0,0.0,0.0,0.0,0.0,0.0,0.036363636377520658,0.0,0.0,0.0,0.0,0.0,0.0,0.0,0.0,0.0,0.0,0.0,0.0,0.0,0.0,0.042424242482865006,0.0,0.036363636377520658,0.0,0.0,0.042424242482865006,0.0,0.0,0.0,0.0,0.0,0.0,0.0,0.0,0.0,0.0,0.0,0.0,0.0,0.0,0.0,0.0,0.0,0.042424242482865006,0.21818181801057851,0.0,0.036363636377520658,0.0,0.0,0.0,0.0,0.0,0.0,0.0,0.0,0.0,0.0,0.0,0.036363636377520658,0.0,0.0,0.0,0.0,0.042424242482865006,0.0,0.0,0.0,0.0,0.0,0.0,0.0,0.0,0.0,0.0,0.042424242482865006,0.0,0.0,0.096969696921873266,0.0,0.0,0.042424242482865006,0.084848484711184571,0.0,0.0,0.0,0.036363636377520658,0.0,0.0,0.0,0.036363636377520658,0.0,0.0,0.0,0.0,0.0,0.084848484711184571,0.0
0.024489795940058311,0.0,0.0,0.0,0.0,0.0,0.0,0.0,0.0,0.0,0.0,0.0,0.0,0.0,0.0,0.0,0.0,0.0,0.0,0.0,0.0,0.057142857079183686,0.0,0.0,0.024489795940058311,0.057142857079183686,0.0,0.0,0.024489795940058311,0.0,0.0,0.0,0.0,0.0,0.0,0.0,0.0,0.0,0.028571428625306126,0.0,0.0,0.0,0.0,0.0,0.0,0.024489795940058311,0.048979591880116621,0.024489795940058311,0.0,0.0,0.0,0.0,0.0,0.0,0.0,0.0,0.0,0.028571428625306126,0.024489795940058311,0.0,0.0,0.028571428625306126,0.0,0.0,0.0,0.0,0.024489795940058311,0.057142857079183686,0.0,0.0,0.0,0.0,0.0,0.0,0.0,0.0,0.0,0.0,0.057142857079183686,0.0,0.0,0.32244897956314872,0.0,0.0,0.0,0.0,0.0,0.0,0.093877550903556858,0.024489795940058311,0.0,0.0,0.0,0.0,0.0,0.024489795940058311,0.0,0.0,0.0,0.0
0.0,0.0,0.0,0.027272727290082649,0.0,0.0,0.0,0.0,0.0,0.0,0.027272727290082649,0.0,0.0,0.0,0.031818181870247937,0.0,0.0,0.0,0.0,0.031818181870247937,0.0,0.031818181870247937,0.0,0.0,0.0,0.0,0.0,0.0,0.0,0.0,0.0,0.0,0.0,0.0,0.0,0.0,0.0,0.0,0.0,0.0,0.0045454545801652899,0.0,0.054545454580165298,0.027272727290082649,0.031818181870247937,0.0,0.0,0.0,0.0,0.0,0.0,0.0,0.0,0.0,0.031818181870247937,0.0,0.0,0.0,0.0,0.0,0.027272727290082649,0.063636363549586794,0.0,0.027272727290082649,0.0,0.095454545419834724,0.0,0.0,0.0,0.0,0.0,0.0,0.0,0.031818181870247937,0.0,0.0,0.0,0.027272727290082649,0.0045454545801652899,0.0,0.0,0.027272727290082649,0.11818181812975211,0.0,0.0,0.0,0.077272727099173572,0.0045454545801652899,0.0,0.0,0.063636363549586794,0.063636363549586794,0.040909090839669426,0.0,0.027272727290082649,0.0,0.0,0.0,0.0,0.0
0.0,0.0,0.0,0.0,0.0,0.0,0.0,0.0,0.0,0.0,0.0,0.0,0.0,0.0,0.0,0.0,0.0,0.0,0.0,0.0,0.0,0.0,0.0,0.0,0.0,0.0,0.0,0.0,0.0,0.0,0.0,0.0,0.0,0.0,0.0,0.0,0.0,0.0,0.0,0.0,0.0,0.0,0.03508771931117266,0.0,0.0,0.0,0.0,0.0,0.0,0.04678362558448753,0.0,0.040935672570637113,0.0,0.0,0.0,0.0,0.0,0.0,0.0,0.099415204428439513,0.040935672570637113,0.03508771931117266,0.03508771931117266,0.0,0.0,0.0,0.0,0.0,0.0,0.040935672570637113,0.0,0.040935672570637113,0.0,0.0,0.0,0.0,0.0,0.03508771931117266,0.0,0.040935672570637113,0.0,0.0,0.040935672570637113,0.14619883050415511,0.070175438622345321,0.0,0.0,0.0,0.0,0.040935672570637113,0.0,0.0,0.03508771931117266,0.0,0.03508771931117266,0.0,0.0,0.0,0.14035087699907661,0.0
0.0,0.0,0.0,0.0,0.0,0.0,0.0,0.0,0.0,0.0,0.0,0.030612244913265307,0.0,0.0,0.0,0.0,0.0,0.0,0.0,0.0,0.0,0.0,0.0,0.030612244913265307,0.0,0.0,0.0,0.0,0.0,0.0,0.0,0.0,0.0,0.0,0.0,0.0,0.0,0.0,0.0,0.0,0.030612244913265307,0.0,0.0,0.030612244913265307,0.0,0.030612244913265307,0.0,0.091836734739795922,0.0,0.0,0.0,0.0,0.091836734739795922,0.0,0.0,0.035714285767857144,0.0,0.0,0.0,0.0,0.0,0.0,0.0,0.0,0.0,0.030612244913265307,0.0,0.0,0.0,0.0,0.035714285767857144,0.0,0.0,0.0,0.0,0.0,0.0,0.0,0.0,0.0,0.14285714285714288,0.0,0.071428571321428574,0.0,0.11734693858418367,0.0,0.061224489826530615,0.0,0.0,0.0,0.0,0.030612244913265307,0.0,0.0,0.0,0.0,0.0,0.030612244913265307,0.10714285708928573,0.0
0.040229885097701146,0.0,0.0,0.068965517241379309,0.034482758620689655,0.0,0.0,0.0,0.0,0.040229885097701146,0.0,0.0057471264770114936,0.0,0.0,0.0,0.0,0.0,0.0,0.0,0.0,0.0,0.0,0.040229885097701146,0.0,0.0,0.0,0.0,0.0,0.0,0.0,0.0,0.0,0.040229885097701146,0.0,0.0,0.0,0.0,0.0,0.0,0.0,0.0,0.0,0.0,0.0,0.0,0.0,0.0,0.0,0.0,0.0,0.0,0.0057471264770114936,0.034482758620689655,0.0,0.034482758620689655,0.0,0.0,0.034482758620689655,0.0,0.034482758620689655,0.0,0.080459769954022986,0.068965517241379309,0.0,0.0,0.0,0.040229885097701146,0.0,0.0,0.0,0.0,0.0,0.0,0.0,0.0,0.0,0.0,0.0,0.0,0.0,0.0,0.0,0.0,0.0,0.034482758620689655,0.068965517241379309,0.0,0.034482758620689655,0.0,0.040229885097701146,0.0,0.0,0.080459769954022986,0.0,0.0,0.10344827586206896,0.034482758620689655,0.0,0.0,0.0
0.0,0.0,0.0,0.0,0.0,0.0,0.0,0.0,0.0,0.035294117644152245,0.0,0.0,0.0,0.0,0.0,0.0,0.0,0.0,0.0,0.0,0.0,0.0,0.0,0.0,0.0,0.0,0.0,0.041176470626020763,0.0,0.0,0.0,0.0,0.0,0.041176470626020763,0.0,0.0,0.0,0.0,0.0,0.0,0.0,0.0,0.0,0.0,0.0,0.0,0.041176470626020763,0.035294117644152245,0.0,0.0,0.0,0.0,0.0,0.0,0.0,0.0,0.0,0.0,0.0,0.0,0.0,0.0,0.0058823529818685114,0.035294117644152245,0.0,0.0,0.0,0.041176470626020763,0.0,0.041176470626020763,0.0,0.0,0.0,0.0,0.0,0.0,0.0,0.0,0.041176470626020763,0.0,0.035294117644152245,0.035294117644152245,0.10588235293245675,0.0,0.0,0.0,0.20588235263598617,0.070588235288304491,0.0,0.0,0.041176470626020763,0.0,0.041176470626020763,0.0,0.070588235288304491,0.0,0.0,0.035294117644152245,0.0,0.0
0.0,0.0,0.0,0.0,0.042682926857376548,0.0,0.0,0.0,0.0,0.0,0.0,0.0,0.0,0.0,0.0,0.0,0.0,0.0,0.042682926857376548,0.042682926857376548,0.0,0.042682926857376548,0.0,0.0,0.0,0.042682926857376548,0.0,0.042682926857376548,0.0,0.0,0.0,0.0,0.0,0.0,0.0,0.0,0.0,0.0,0.0,0.036585365841165965,0.036585365841165965,0.0,0.042682926857376548,0.0,0.0,0.0,0.0,0.0060975610162105872,0.0,0.036585365841165965,0.0,0.0,0.036585365841165965,0.0,0.0,0.0,0.0,0.0,0.0,0.0,0.0,0.0,0.0,0.0,0.0,0.0,0.0,0.0,0.0,0.0,0.0,0.0,0.036585365841165965,0.0,0.0,0.0,0.0,0.0,0.0,0.0,0.042682926857376548,0.0,0.048780487617489578,0.036585365841165965,0.0,0.0,0.036585365841165965,0.15243902438087445,0.0,0.036585365841165965,0.042682926857376548,0.0,0.07317073168233193,0.0,0.0,0.0,0.0,0.0,0.042682926857376548,0.0
0.02392344495300016,0.0,0.0,0.0,0.0,0.0,0.0,0.0,0.0,0.0,0.0,0.057416267967583159,0.0,0.0,0.0,0.0,0.0,0.0,0.0,0.0,0.0,0.0,0.0,0.038277511844417481,0.0047846890307914197,0.033492823014582999,0.0,0.0,0.0,0.02870813398379158,0.0,0.0,0.0,0.0,0.02870813398379158,0.0,0.0047846890307914197,0.0,0.0,0.0,0.0,0.0,0.02870813398379158,0.02870813398379158,0.0,0.0,0.02870813398379158,0.02870813398379158,0.0,0.02870813398379158,0.0,0.0,0.0,0.0,0.0,0.0,0.0,0.033492823014582999,0.0,0.0,0.0,0.0,0.0,0.0,0.052631578936791747,0.033492823014582999,0.033492823014582999,0.0,0.0047846890307914197,0.033492823014582999,0.0,0.0,0.0,0.0,0.033492823014582999,0.066985645828209067,0.0,0.0,0.066985645828209067,0.033492823014582999,0.0,0.14354066971800097,0.0,0.0,0.0,0.0,0.0,0.0,0.014354066891417322,0.0,0.0,0.0,0.02870813398379158,0.0,0.0,0.0,0.0,0.057416267967583159,0.0,0.0
0.0,0.0,0.0,0.0,0.0,0.0,0.0,0.0,0.0,0.0,0.0,0.0,0.0,0.0,0.0,0.0,0.035000000047249999,0.0,0.0,0.0,0.0,0.0,0.030000000010499999,0.0,0.0,0.0,0.0,0.030000000010499999,0.0,0.0,0.0,0.030000000010499999,0.069999999884500008,0.060000000020999998,0.0,0.0,0.0,0.0,0.0,0.0,0.0,0.0,0.0,0.0,0.0,0.0,0.0,0.0,0.0,0.0,0.0,0.0,0.0,0.0,0.0,0.0,0.0,0.0,0.030000000010499999,0.0,0.035000000047249999,0.030000000010499999,0.0,0.0,0.030000000010499999,0.0,0.0,0.030000000010499999,0.0,0.035000000047249999,0.0,0.0,0.0,0.0,0.0,0.0,0.069999999884500008,0.035000000047249999,0.030000000010499999,0.030000000010499999,0.0,0.0,0.0,0.069999999884500008,0.0,0.0,0.0,0.0,0.030000000010499999,0.16499999995275003,0.0,0.030000000010499999,0.0,0.035000000047249999,0.0,0.0,0.030000000010499999,0.0,0.030000000010499999,0.0
0.0,0.0,0.0,0.0,0.0,0.0,0.0,0.0,0.0,0.0,0.0,0.0,0.0,0.0,0.11475409823273314,0.0,0.0,0.0,0.0,0.0,0.0,0.0,0.038251366154080445,0.038251366154080445,0.0,0.038251366154080445,0.0,0.038251366154080445,0.0,0.076502732078652699,0.0,0.0,0.0,0.0,0.038251366154080445,0.038251366154080445,0.0,0.0,0.0,0.0,0.0,0.0,0.0,0.09836065572641764,0.0,0.0,0.0,0.0,0.0,0.0,0.0,0.0,0.0,0.0,0.038251366154080445,0.0,0.0,0.0,0.0,0.0,0.0,0.0,0.0,0.0,0.0,0.065573770484278412,0.0,0.0,0.032786885242139206,0.0,0.0,0.032786885242139206,0.0,0.0,0.0,0.032786885242139206,0.0,0.0,0.0,0.0054644809119412342,0.0,0.0,0.038251366154080445,0.0,0.032786885242139206,0.065573770484278412,0.038251366154080445,0.038251366154080445,0.0,0.0,0.060109289572337188,0.0,0.0,0.0,0.0,0.0,0.0,0.0,0.0,0.0
0.0,0.0,0.0,0.0,0.0,0.0,0.0,0.0,0.0,0.0,0.0,0.0,0.0,0.0,0.0,0.0,0.0,0.0,0.0,0.0,0.0,0.0,0.0,0.0,0.039772727328318699,0.0,0.0,0.079545454418001052,0.039772727328318699,0.0,0.0,0.0,0.0,0.039772727328318699,0.0,0.0,0.0,0.0,0.0,0.0,0.0,0.0,0.0,0.0,0.0,0.0,0.0,0.0,0.0,0.0,0.0,0.0,0.0,0.0,0.039772727328318699,0.0,0.0,0.0,0.0,0.0,0.0,0.079545454418001052,0.0,0.0,0.0,0.0,0.0,0.068181818208935957,0.0,0.0056818182238507235,0.0,0.079545454418001052,0.0,0.034090909104467979,0.0,0.0,0.0,0.034090909104467979,0.0,0.034090909104467979,0.0,0.0,0.034090909104467979,0.0,0.0,0.0,0.0,0.039772727328318699,0.0,0.039772727328318699,0.0,0.20454545438817154,0.0,0.0,0.0,0.0,0.068181818208935957,0.0,0.0056818182238507235,0.034090909104467979
0.0,0.0,0.0,0.0,0.0,0.0,0.0,0.0,0.0,0.0,0.0,0.032608695669541582,0.0,0.0,0.0,0.0,0.0,0.0,0.0,0.0,0.0,0.0,0.0,0.0,0.0,0.0,0.0,0.0,0.0,0.0,0.0,0.0,0.0,0.0,0.0,0.0,0.032608695669541582,0.0,0.0,0.0,0.0,0.0,0.0,0.0,0.0,0.0,0.0,0.0,0.0,0.032608695669541582,0.0,0.038043478319175324,0.0,0.038043478319175324,0.0,0.0,0.0,0.038043478319175324,0.0,0.02717391301990784,0.0,0.032608695669541582,0.032608695669541582,0.038043478319175324,0.0,0.0,0.0,0.0,0.0,0.032608695669541582,0.0,0.038043478319175324,0.076086956410089793,0.0,0.0,0.0,0.0,0.0,0.076086956410089793,0.0,0.0,0.0,0.065217391339083164,0.13043478244990547,0.0,0.0,0.0,0.0054347826496337417,0.0,0.0,0.0,0.0,0.16304347811944706,0.032608695669541582,0.0,0.0,0.0,0.0,0.038043478319175324,0.0
0.0,0.0,0.0,0.0,0.027649769595064662,0.0,0.0,0.0,0.0,0.0,0.032258064559833502,0.027649769595064662,0.0,0.0,0.0,0.0,0.032258064559833502,0.0,0.0,0.0,0.0,0.0,0.0,0.0,0.0,0.0,0.027649769595064662,0.0,0.027649769595064662,0.0,0.0,0.0,0.0,0.0,0.0,0.0,0.0,0.0,0.0,0.0,0.027649769595064662,0.0,0.0,0.0,0.0,0.027649769595064662,0.0,0.0,0.0,0.0,0.027649769595064662,0.0,0.0,0.0,0.027649769595064662,0.0,0.0,0.032258064559833502,0.0,0.0,0.0,0.004608294964768841,0.0,0.0,0.0,0.036866359331053956,0.0,0.0,0.0,0.0,0.0,0.0,0.0,0.0,0.0,0.032258064559833502,0.055299539190129324,0.0,0.0,0.0,0.032258064559833502,0.0,0.0,0.0,0.0,0.027649769595064662,0.0,0.0,0.0,0.0,0.0,0.0,0.0,0.34101382468321684,0.032258064559833502,0.0,0.064516128926118618,0.055299539190129324,0.0,0.0
0.0,0.0,0.0,0.0,0.0,0.047244094485584968,0.0,0.0,0.0,0.0,0.0,0.0,0.0,0.0,0.0,0.0,0.0,0.0,0.0,0.0,0.0,0.0,0.0,0.0,0.0,0.0,0.0,0.055118110288300576,0.0,0.047244094485584968,0.055118110288300576,0.055118110288300576,0.0,0.0,0.0,0.0,0.0,0.0,0.055118110288300576,0.0,0.0,0.0,0.055118110288300576,0.0,0.0,0.0,0.0,0.047244094485584968,0.0,0.0,0.0,0.0,0.0,0.0,0.0,0.0,0.0,0.0,0.047244094485584968,0.0,0.055118110288300576,0.0,0.0,0.0,0.0,0.0,0.0,0.0,0.055118110288300576,0.0,0.0,0.0,0.0,0.0,0.0,0.0,0.0,0.0,0.0,0.0,0.055118110288300576,0.0,0.055118110288300576,0.0,0.0,0.0,0.015748031274722549,0.047244094485584968,0.0,0.0,0.0,0.0,0.094488188971169937,0.0,0.15748031473147744,0.0,0.0,0.0,0.0,0.0
0.0,0.0,0.0,0.0,0.0,0.042944785306108617,0.0,0.0,0.0,0.0,0.0,0.0,0.042944785306108617,0.0,0.0,0.0,0.0,0.042944785306108617,0.0,0.0,0.0,0.0,0.0,0.0,0.0,0.0,0.0,0.0,0.0,0.0,0.0,0.0,0.0,0.042944785306108617,0.0,0.0,0.0,0.0,0.036809815939854718,0.0,0.0,0.036809815939854718,0.0,0.11042944781956415,0.0,0.036809815939854718,0.036809815939854718,0.0,0.036809815939854718,0.0,0.0,0.0,0.0,0.0,0.073619631879709435,0.0,0.036809815939854718,0.0,0.0,0.030674846573600811,0.0,0.0,0.0,0.0,0.0,0.0,0.0,0.0,0.0,0.0,0.0,0.0,0.0,0.042944785306108617,0.0,0.0,0.0,0.0,0.0,0.0,0.0,0.036809815939854718,0.0,0.0,0.0,0.073619631879709435,0.0,0.0,0.0,0.042944785306108617,0.0,0.0,0.036809815939854718,0.0,0.0,0.079754601245963341,0.0,0.036809815939854718,0.042944785306108617,0.0
0.0,0.0,0.0,0.0,0.0,0.0,0.0,0.0,0.043209876575217195,0.0,0.0,0.0,0.0,0.0,0.037037037027434841,0.0,0.0,0.0,0.0,0.0,0.0,0.0,0.043209876575217195,0.043209876575217195,0.0,0.0,0.0,0.043209876575217195,0.0,0.0,0.0,0.043209876575217195,0.0,0.0,0.0,0.0,0.0,0.0,0.0,0.0,0.043209876575217195,0.0,0.0,0.037037037027434841,0.0,0.0,0.0,0.0,0.0,0.0,0.0,0.0,0.0,0.0,0.0,0.037037037027434841,0.0,0.0,0.0,0.0,0.043209876575217195,0.037037037027434841,0.0,0.043209876575217195,0.0,0.037037037027434841,0.0,0.0,0.0,0.0,0.0,0.0,0.0,0.037037037027434841,0.037037037027434841,0.0,0.0,0.0,0.0,0.0,0.0,0.0,0.037037037027434841,0.0,0.0061728395477823501,0.043209876575217195,0.0,0.043209876575217195,0.0,0.0,0.0,0.037037037027434841,0.0,0.037037037027434841,0.0,0.0,0.1913580244256973,0.0,0.0,0.0
0.0,0.0,0.0,0.0,0.0,0.0,0.0,0.0,0.0,0.0,0.0,0.0,0.0,0.0,0.0,0.0,0.0,0.0,0.0,0.0,0.0,0.0300000000042,0.0,0.0,0.069999999869800003,0.0,0.0050000000356999995,0.0,0.0300000000042,0.090000000012600001,0.0,0.0,0.0,0.0,0.0,0.0,0.035000000039899996,0.0,0.0,0.0300000000042,0.0,0.0,0.0300000000042,0.035000000039899996,0.0,0.0,0.0,0.0,0.0,0.0,0.0,0.0,0.0,0.0,0.0,0.0,0.0,0.0,0.0,0.0,0.0,0.0,0.0,0.060000000008400001,0.0,0.035000000039899996,0.0300000000042,0.0,0.0300000000042,0.0300000000042,0.0,0.0,0.0,0.0,0.0,0.0,0.0,0.0,0.035000000039899996,0.0,0.0,0.0,0.035000000039899996,0.0300000000042,0.0,0.0,0.0,0.0,0.0300000000042,0.0,0.0300000000042,0.0,0.0,0.060000000008400001,0.0,0.0,0.0,0.20999999981940001,0.0,0.0300000000042
0.0,0.0,0.0,0.0,0.034653465390795016,0.0,0.0,0.0,0.0,0.0,0.0,0.0,0.0,0.0,0.0,0.0,0.034653465390795016,0.029702970305264188,0.0,0.0,0.0,0.034653465390795016,0.0,0.0,0.0,0.0,0.0,0.0,0.0,0.0,0.0,0.0,0.0,0.0,0.0,0.0,0.0,0.0,0.0,0.0,0.0,0.0,0.0,0.0,0.0,0.0,0.0,0.0,0.0,0.0,0.0,0.0,0.0,0.0,0.0,0.13861386135525927,0.0,0.0,0.0,0.034653465390795016,0.074257425659200071,0.0,0.0,0.0,0.0,0.0,0.13861386135525927,0.0,0.0,0.0,0.059405940610528375,0.0,0.0,0.0,0.0,0.0,0.0,0.10396039596446427,0.034653465390795016,0.0,0.034653465390795016,0.029702970305264188,0.034653465390795016,0.024752475219733356,0.0,0.0,0.029702970305264188,0.029702970305264188,0.0,0.0,0.0,0.0,0.0099009899631408681,0.0,0.034653465390795016,0.0,0.0,0.0,0.054455445524997551,0.0
0.0,0.0,0.0,0.0,0.0,0.0,0.0,0.0,0.070707070732782373,0.0,0.0,0.0,0.0,0.0,0.0,0.0,0.0,0.0,0.0,0.0,0.0,0.0,0.0,0.0,0.0,0.0,0.0,0.0,0.0,0.070707070732782373,0.0,0.0,0.0,0.0,0.0,0.070707070732782373,0.0,0.0,0.060606060567493111,0.0,0.0,0.0,0.0,0.0,0.0,0.0,0.0,0.0,0.0,0.070707070732782373,0.0,0.0,0.0,0.0,0.0,0.0,0.0,0.0,0.0,0.0,0.060606060567493111,0.0,0.0,0.0,0.0,0.010101010165289257,0.0,0.0,0.0,0.18181818170247935,0.0,0.0,0.060606060567493111,0.060606060567493111,0.070707070732782373,0.0,0.060606060567493111,0.060606060567493111,0.0,0.0,0.0,0.0,0.0,0.0,0.0,0.070707070732782373,0.0,0.0,0.0,0.0,0.0,0.010101010165289257,0.0,0.0,0.0,0.0,0.0,0.0,0.0,0.010101010165289257
