0.0,0.090909090785123978,0.0,0.045454545528925624,0.0,0.090909090785123978,0.0,0.0,0.0,0.0,0.0,0.0,0.090909090785123978,0.0,0.0,0.0,0.045454545528925624,0.0,0.0,0.045454545528925624,0.0,0.0,0.0,0.0,0.0,0.0,0.0,0.0,0.0,0.0,0.0,0.090909090785123978,0.0,0.0,0.0,0.0,0.0,0.0,0.0,0.0,0.0,0.045454545528925624,0.0,0.090909090785123978,0.0,0.0,0.045454545528925624,0.0,0.045454545528925624,0.0,0.0,0.0,0.0,0.0,0.045454545528925624,0.0,0.0,0.045454545528925624,0.0,0.0,0.0,0.0,0.0,0.0,0.0,0.0,0.0,0.0,0.0,0.0,0.0,0.0,0.0,0.0,0.0,0.0,0.0,0.0,0.0,0.0,0.045454545528925624,0.090909090785123978,0.0,0.0,0.0,0.0,0.0,0.0,0.045454545528925624,0.0,0.0,0.0,0.0,0.0,0.0,0.0,0.0,0.0,0.0,0.0
0.040000000067199996,0.0,0.0,0.040000000067199996,0.0,0.19999999985599998,0.0,0.040000000067199996,0.040000000067199996,0.0,0.16000000002879999,0.0,0.079999999894400001,0.0,0.0,0.040000000067199996,0.0,0.0,0.040000000067199996,0.079999999894400001,0.0,0.0,0.0,0.079999999894400001,0.0,0.0,0.0,0.0,0.0,0.0,0.0,0.0,0.0,0.0,0.0,0.0,0.0,0.0,0.0,0.0,0.0,0.0,0.0,0.0,0.0,0.079999999894400001,0.0,0.0,0.0,0.0,0.0,0.0,0.0,0.0,0.0,0.0,0.040000000067199996,0.0,0.0,0.0,0.0,0.0,0.040000000067199996,0.0,0.0,0.0,0.0,0.0,0.0,0.0,0.0,0.0,0.0,0.0,0.0,0.0,0.0,0.0,0.0,0.0,0.0,0.0,0.0,0.0,0.0,0.0,0.0,0.0,0.0,0.0,0.0,0.0,0.0,0.0,0.0,0.0,0.0,0.0,0.0,0.0
0.071428571489795936,0.0,0.0,0.0,0.0,0.0,0.0,0.0,0.0,0.0,0.0,0.071428571489795936,0.0,0.0,0.0,0.28571428553061229,0.0,0.0,0.071428571489795936,0.0,0.0,0.0,0.0,0.0,0.0,0.0,0.0,0.0,0.0,0.0,0.0,0.0,0.0,0.0,0.0,0.0,0.0,0.0,0.0,0.0,0.0,0.0,0.0,0.071428571489795936,0.0,0.0,0.0,0.0,0.0,0.0,0.0,0.0,0.14285714255102044,0.0,0.071428571489795936,0.0,0.0,0.0,0.0,0.0,0.0,0.0,0.0,0.0,0.0,0.0,0.0,0.0,0.0,0.0,0.0,0.0,0.0,0.0,0.071428571489795936,0.0,0.071428571489795936,0.0,0.0,0.0,0.0,0.0,0.0,0.071428571489795936,0.0,0.0,0.0,0.0,0.0,0.0,0.0,0.0,0.0,0.0,0.0,0.0,0.0,0.0,0.0,0.0
0.05555555561111112,0.0,0.0,0.0,0.0,0.0,0.05555555561111112,0.05555555561111112,0.0,0.0,0.05555555561111112,0.16666666650000003,0.05555555561111112,0.0,0.0,0.0,0.11111111088888892,0.05555555561111112,0.0,0.0,0.0,0.0,0.0,0.0,0.0,0.0,0.0,0.0,0.0,0.0,0.0,0.0,0.0,0.0,0.0,0.0,0.0,0.0,0.0,0.0,0.0,0.05555555561111112,0.0,0.0,0.0,0.05555555561111112,0.05555555561111112,0.0,0.05555555561111112,0.0,0.0,0.0,0.0,0.11111111088888892,0.0,0.05555555561111112,0.0,0.0,0.0,0.0,0.0,0.0,0.0,0.0,0.0,0.0,0.0,0.0,0.0,0.0,0.0,0.0,0.0,0.0,0.0,0.0,0.0,0.0,0.0,0.0,0.0,0.0,0.0,0.0,0.0,0.0,0.0,0.0,0.0,0.0,0.0,0.0,0.0,0.0,0.0,0.0,0.0,0.0,0.0,0.0
0.0,0.0,0.0,0.0,0.0,0.0,0.0,0.0,0.0,0.083333333375000027,0.083333333375000027,0.0,0.0,0.0,0.0,0.0,0.0,0.0,0.083333333375000027,0.16666666625000007,0.0,0.0,0.0,0.0,0.0,0.0,0.0,0.0,0.0,0.0,0.0,0.0,0.0,0.0,0.0,0.0,0.0,0.0,0.0,0.0,0.0,0.0,0.0,0.0,0.083333333375000027,0.083333333375000027,0.0,0.0,0.0,0.0,0.083333333375000027,0.0,0.0,0.0,0.0,0.0,0.0,0.0,0.0,0.0,0.0,0.0,0.0,0.0,0.0,0.0,0.0,0.0,0.0,0.0,0.0,0.0,0.0,0.0,0.0,0.0,0.0,0.0,0.0,0.0,0.0,0.083333333375000027,0.0,0.0,0.0,0.0,0.0,0.0,0.0,0.0,0.0,0.0,0.0,0.083333333375000027,0.0,0.0,0.083333333375000027,0.0,0.083333333375000027,0.0
0.043478260948960297,0.17391304353497164,0.0,0.0,0.043478260948960297,0.0,0.043478260948960297,0.0,0.086956521637051032,0.0,0.17391304353497164,0.0,0.086956521637051032,0.0,0.0,0.0,0.0,0.0,0.086956521637051032,0.0,0.0,0.0,0.0,0.0,0.0,0.0,0.0,0.0,0.0,0.0,0.0,0.0,0.0,0.0,0.0,0.0,0.0,0.0,0.0,0.0,0.0,0.0,0.0,0.0,0.0,0.043478260948960297,0.086956521637051032,0.0,0.0,0.0,0.0,0.0,0.0,0.0,0.0,0.0,0.086956521637051032,0.043478260948960297,0.0,0.0,0.0,0.0,0.0,0.0,0.0,0.0,0.0,0.0,0.0,0.0,0.0,0.0,0.0,0.0,0.0,0.0,0.0,0.0,0.0,0.0,0.0,0.0,0.0,0.0,0.0,0.0,0.0,0.0,0.0,0.0,0.0,0.0,0.0,0.0,0.0,0.0,0.0,0.0,0.0,0.0
0.0,0.0,0.0,0.0,0.0,0.050000000045000006,0.0,0.050000000045000006,0.0,0.050000000045000006,0.0,0.050000000045000006,0.0,0.050000000045000006,0.0,0.050000000045000006,0.0,0.14999999983500001,0.0,0.0,0.0,0.0,0.0,0.0,0.0,0.0,0.0,0.0,0.0,0.0,0.0,0.0,0.0,0.0,0.0,0.0,0.0,0.0,0.0,0.0,0.0,0.0,0.0,0.0,0.0,0.0,0.0,0.14999999983500001,0.0,0.050000000045000006,0.0,0.0,0.099999999790000016,0.050000000045000006,0.050000000045000006,0.050000000045000006,0.0,0.050000000045000006,0.0,0.050000000045000006,0.0,0.0,0.0,0.0,0.0,0.0,0.0,0.0,0.0,0.0,0.0,0.0,0.0,0.0,0.0,0.0,0.0,0.0,0.0,0.0,0.0,0.0,0.0,0.0,0.0,0.0,0.0,0.0,0.0,0.0,0.0,0.0,0.0,0.0,0.0,0.0,0.0,0.0,0.0,0.0
0.0,0.071428571459183687,0.071428571459183687,0.071428571459183687,0.0,0.0,0.0,0.0,0.0,0.071428571459183687,0.0,0.0,0.0,0.0,0.0,0.0,0.0,0.0,0.071428571459183687,0.0,0.0,0.0,0.0,0.071428571459183687,0.0,0.0,0.0,0.0,0.0,0.0,0.0,0.0,0.0,0.0,0.0,0.0,0.0,0.0,0.0,0.0,0.0,0.0,0.0,0.0,0.0,0.071428571459183687,0.0,0.0,0.071428571459183687,0.0,0.071428571459183687,0.0,0.0,0.071428571459183687,0.0,0.0,0.0,0.0,0.0,0.21428571394897963,0.0,0.0,0.0,0.0,0.0,0.0,0.0,0.0,0.0,0.0,0.0,0.0,0.0,0.071428571459183687,0.0,0.0,0.0,0.0,0.0,0.0,0.0,0.0,0.0,0.0,0.0,0.0,0.0,0.0,0.0,0.0,0.0,0.0,0.0,0.0,0.0,0.0,0.0,0.0,0.0,0.0
0.051282051222879682,0.025641025688362917,0.0,0.025641025688362917,0.025641025688362917,0.051282051222879682,0.0,0.0,0.0,0.0,0.0,0.0,0.0,0.0,0.051282051222879682,0.0,0.0,0.0,0.0,0.0,0.0,0.0,0.0,0.0,0.0,0.0,0.0,0.0,0.0,0.0,0.0,0.0,0.025641025688362917,0.0,0.0,0.0,0.0,0.0,0.0,0.0,0.0,0.0,0.0,0.0,0.0,0.025641025688362917,0.0,0.0,0.0,0.0,0.0,0.025641025688362917,0.0,0.0,0.0,0.0,0.0,0.0,0.30769230764497041,0.0,0.0,0.0,0.0,0.0,0.0,0.0,0.0,0.0,0.0,0.0,0.0,0.076923076911242602,0.0,0.0,0.0,0.0,0.30769230764497041,0.0,0.0,0.0,0.0,0.0,0.0,0.0,0.0,0.0,0.0,0.0,0.0,0.0,0.0,0.0,0.0,0.0,0.0,0.0,0.0,0.0,0.0,0.0
0.0,0.12499999976562502,0.0,0.0,0.0,0.0,0.062500000070312506,0.062500000070312506,0.062500000070312506,0.0,0.0,0.0,0.0,0.0,0.0,0.062500000070312506,0.0,0.062500000070312506,0.0,0.0,0.0,0.0,0.0,0.0,0.0,0.0,0.0,0.0,0.0,0.0,0.0,0.0,0.0,0.0,0.0,0.0,0.0,0.0,0.0,0.0,0.062500000070312506,0.0,0.0,0.0,0.0,0.0,0.0,0.0,0.0,0.0,0.0,0.062500000070312506,0.0,0.12499999976562502,0.0,0.0,0.0,0.062500000070312506,0.18749999983593754,0.0,0.0,0.0,0.062500000070312506,0.0,0.0,0.0,0.0,0.0,0.0,0.0,0.0,0.0,0.0,0.0,0.0,0.0,0.0,0.0,0.0,0.0,0.0,0.0,0.0,0.0,0.0,0.0,0.0,0.0,0.0,0.0,0.0,0.0,0.0,0.0,0.0,0.0,0.0,0.0,0.0,0.0
0.04761904765986396,0.14285714269387759,0.0,0.04761904765986396,0.0,0.04761904765986396,0.04761904765986396,0.0,0.0,0.14285714269387759,0.0,0.0,0.0,0.0,0.0,0.04761904765986396,0.0,0.095238095034013634,0.0,0.0,0.0,0.0,0.0,0.04761904765986396,0.0,0.0,0.0,0.0,0.0,0.0,0.0,0.0,0.0,0.0,0.0,0.0,0.0,0.0,0.0,0.0,0.0,0.0,0.0,0.0,0.04761904765986396,0.04761904765986396,0.0,0.0,0.0,0.0,0.04761904765986396,0.0,0.0,0.0,0.0,0.0,0.0,0.0,0.0,0.0,0.0,0.0,0.0,0.04761904765986396,0.0,0.0,0.0,0.0,0.0,0.0,0.0,0.0,0.0,0.0,0.0,0.0,0.0,0.0,0.0,0.0,0.0,0.0,0.0,0.0,0.0,0.0,0.0,0.04761904765986396,0.0,0.0,0.0,0.0,0.0,0.0,0.0,0.04761904765986396,0.0,0.04761904765986396,0.0,0.0
0.0,0.0,0.052631579013850419,0.052631579013850419,0.0,0.0,0.0,0.10526315771191137,0.0,0.052631579013850419,0.0,0.0,0.0,0.052631579013850419,0.0,0.0,0.0,0.10526315771191137,0.052631579013850419,0.0,0.0,0.0,0.0,0.0,0.0,0.0,0.0,0.0,0.0,0.0,0.0,0.0,0.0,0.0,0.052631579013850419,0.0,0.0,0.0,0.0,0.0,0.0,0.10526315771191137,0.0,0.0,0.0,0.0,0.0,0.0,0.052631579013850419,0.0,0.0,0.0,0.0,0.0,0.0,0.0,0.0,0.0,0.0,0.0,0.0,0.0,0.0,0.0,0.052631579013850419,0.0,0.0,0.0,0.0,0.0,0.052631579013850419,0.0,0.0,0.0,0.0,0.0,0.0,0.0,0.0,0.0,0.0,0.0,0.0,0.052631579013850419,0.0,0.10526315771191137,0.0,0.0,0.0,0.052631579013850419,0.0,0.0,0.0,0.0,0.0,0.0,0.0,0.0,0.0,0.0
0.066666666773333341,0.0,0.0,0.13333333314666668,0.0,0.26666666669333339,0.0,0.0,0.0,0.0,0.13333333314666668,0.0,0.0,0.066666666773333341,0.0,0.066666666773333341,0.066666666773333341,0.0,0.13333333314666668,0.0,0.0,0.0,0.0,0.0,0.0,0.0,0.0,0.0,0.0,0.0,0.0,0.0,0.0,0.0,0.0,0.0,0.0,0.0,0.0,0.0,0.0,0.0,0.0,0.0,0.0,0.0,0.0,0.0,0.0,0.0,0.0,0.0,0.0,0.0,0.0,0.0,0.0,0.0,0.0,0.0,0.0,0.0,0.0,0.0,0.0,0.066666666773333341,0.0,0.0,0.0,0.0,0.0,0.0,0.0,0.0,0.0,0.0,0.0,0.0,0.0,0.0,0.0,0.0,0.0,0.0,0.0,0.0,0.0,0.0,0.0,0.0,0.0,0.0,0.0,0.0,0.0,0.0,0.0,0.0,0.0,0.0
0.0,0.0,0.0,0.0,0.0,0.0,0.076923076994082851,0.076923076994082851,0.0,0.0,0.0,0.076923076994082851,0.0,0.0,0.0,0.0,0.076923076994082851,0.15384615352662726,0.0,0.076923076994082851,0.0,0.0,0.0,0.0,0.0,0.0,0.0,0.0,0.0,0.0,0.0,0.0,0.0,0.0,0.0,0.0,0.0,0.0,0.0,0.0,0.076923076994082851,0.076923076994082851,0.0,0.0,0.0,0.076923076994082851,0.0,0.0,0.15384615352662726,0.0,0.0,0.0,0.076923076994082851,0.0,0.0,0.0,0.0,0.0,0.0,0.0,0.0,0.0,0.0,0.0,0.0,0.0,0.0,0.0,0.0,0.0,0.0,0.0,0.0,0.0,0.0,0.0,0.0,0.0,0.0,0.0,0.0,0.0,0.0,0.0,0.0,0.0,0.0,0.0,0.0,0.0,0.0,0.0,0.0,0.0,0.0,0.0,0.0,0.0,0.0,0.0
0.13333333309333337,0.0,0.0,0.0,0.0,0.0,0.0,0.0,0.066666666746666686,0.0,0.0,0.0,0.0,0.0,0.0,0.0,0.0,0.0,0.0,0.0,0.0,0.0,0.0,0.0,0.0,0.0,0.0,0.066666666746666686,0.0,0.0,0.0,0.0,0.0,0.0,0.0,0.0,0.0,0.0,0.0,0.0,0.0,0.0,0.0,0.0,0.0,0.0,0.0,0.0,0.0,0.066666666746666686,0.0,0.0,0.0,0.0,0.13333333309333337,0.066666666746666686,0.0,0.0,0.066666666746666686,0.0,0.066666666746666686,0.0,0.0,0.0,0.0,0.0,0.0,0.0,0.0,0.0,0.0,0.0,0.0,0.0,0.0,0.0,0.13333333309333337,0.0,0.0,0.0,0.0,0.0,0.066666666746666686,0.0,0.0,0.0,0.0,0.0,0.066666666746666686,0.0,0.066666666746666686,0.0,0.0,0.0,0.0,0.0,0.0,0.0,0.0,0.0
0.0,0.076923076958579903,0.15384615345562136,0.0,0.0,0.0,0.0,0.0,0.0,0.0,0.0,0.0,0.0,0.0,0.0,0.0,0.0,0.076923076958579903,0.0,0.076923076958579903,0.0,0.0,0.0,0.0,0.0,0.0,0.0,0.0,0.0,0.0,0.0,0.0,0.0,0.0,0.0,0.0,0.0,0.0,0.0,0.0,0.0,0.0,0.0,0.0,0.0,0.076923076958579903,0.0,0.0,0.0,0.0,0.076923076958579903,0.0,0.0,0.076923076958579903,0.076923076958579903,0.0,0.076923076958579903,0.0,0.0,0.0,0.0,0.0,0.0,0.0,0.0,0.0,0.0,0.0,0.0,0.0,0.0,0.0,0.0,0.0,0.0,0.076923076958579903,0.0,0.0,0.0,0.0,0.0,0.0,0.0,0.0,0.0,0.0,0.0,0.0,0.076923076958579903,0.0,0.0,0.0,0.0,0.076923076958579903,0.0,0.0,0.0,0.0,0.0,0.0
0.062500000046875018,0.0,0.062500000046875018,0.0,0.062500000046875018,0.0,0.0,0.062500000046875018,0.062500000046875018,0.0,0.0,0.0,0.0,0.0,0.0,0.0,0.0,0.0,0.0,0.12499999971875005,0.0,0.0,0.0,0.0,0.0,0.0,0.0,0.0,0.0,0.0,0.0,0.062500000046875018,0.0,0.0,0.0,0.0,0.0,0.0,0.0,0.0,0.0,0.0,0.062500000046875018,0.0,0.0,0.0,0.0,0.0,0.062500000046875018,0.0,0.0,0.24999999981250007,0.0,0.0,0.062500000046875018,0.0,0.0,0.0,0.062500000046875018,0.0,0.0,0.0,0.0,0.0,0.0,0.0,0.0,0.0,0.0,0.0,0.0,0.0,0.0,0.0,0.0,0.0,0.0,0.0,0.0,0.0,0.0,0.0,0.0,0.0,0.0,0.0,0.0,0.0,0.0,0.0,0.0,0.0,0.0,0.0,0.0,0.0,0.0,0.0,0.0,0.0
0.0,0.055555555629629633,0.0,0.0,0.0,0.055555555629629633,0.16666666655555556,0.0,0.0,0.055555555629629633,0.16666666655555556,0.16666666655555556,0.0,0.16666666655555556,0.0,0.0,0.0,0.0,0.0,0.0,0.0,0.0,0.0,0.0,0.0,0.0,0.0,0.0,0.0,0.0,0.0,0.0,0.0,0.0,0.0,0.0,0.0,0.0,0.0,0.0,0.0,0.0,0.0,0.0,0.0,0.0,0.0,0.0,0.0,0.0,0.0,0.0,0.0,0.0,0.0,0.0,0.055555555629629633,0.0,0.055555555629629633,0.0,0.0,0.0,0.0,0.0,0.055555555629629633,0.0,0.0,0.0,0.0,0.0,0.0,0.0,0.0,0.0,0.0,0.0,0.0,0.0,0.0,0.0,0.0,0.0,0.0,0.0,0.0,0.0,0.0,0.0,0.0,0.0,0.0,0.0,0.0,0.0,0.0,0.0,0.0,0.0,0.0,0.0
0.0,0.062500000023437516,0.0,0.12499999967187506,0.062500000023437516,0.062500000023437516,0.0,0.062500000023437516,0.0,0.0,0.0,0.062500000023437516,0.062500000023437516,0.0,0.0,0.062500000023437516,0.0,0.0,0.0,0.0,0.0,0.0,0.0,0.062500000023437516,0.0,0.0,0.0,0.0,0.0,0.0,0.0,0.0,0.0,0.0,0.0,0.0,0.0,0.0,0.0,0.0,0.0,0.0,0.0,0.0,0.062500000023437516,0.062500000023437516,0.062500000023437516,0.0,0.0,0.0,0.0,0.0,0.0,0.0,0.0,0.0,0.062500000023437516,0.0,0.0,0.062500000023437516,0.0,0.0,0.0,0.0,0.062500000023437516,0.0,0.0,0.0,0.0,0.0,0.0,0.0,0.0,0.0,0.0,0.0,0.0,0.0,0.0,0.0,0.0,0.0,0.0,0.0,0.0,0.0,0.0,0.0,0.0,0.0,0.0,0.0,0.0,0.0,0.0,0.0,0.0,0.0,0.0,0.0
0.0,0.0,0.0,0.0,0.31249999971875009,0.0,0.12499999981250003,0.0,0.0,0.0,0.0,0.0,0.0,0.062500000093750008,0.062500000093750008,0.0,0.12499999981250003,0.0,0.0,0.0,0.0,0.0,0.0,0.0,0.0,0.0,0.0,0.0,0.0,0.0,0.0,0.0,0.0,0.0,0.0,0.0,0.0,0.062500000093750008,0.0,0.0,0.0,0.0,0.0,0.0,0.0,0.0,0.0,0.0,0.0,0.0,0.062500000093750008,0.0,0.0,0.0,0.0,0.0,0.0,0.0,0.0,0.0,0.0,0.0,0.0,0.0,0.0,0.0,0.0,0.0,0.0,0.0,0.0,0.0,0.0,0.0,0.0,0.0,0.0,0.0,0.0,0.0,0.0,0.0,0.0,0.0,0.0,0.062500000093750008,0.0,0.0,0.0,0.0,0.062500000093750008,0.0,0.0,0.062500000093750008,0.0,0.0,0.0,0.0,0.0,0.0
0.0,0.0,0.062500000093749994,0.0,0.0,0.0,0.0,0.0,0.0,0.0,0.0,0.0,0.0,0.0,0.0,0.0,0.0,0.062500000093749994,0.0,0.0,0.0,0.0,0.062500000093749994,0.0,0.0,0.0,0.0,0.12499999981250001,0.0,0.0,0.0,0.0,0.0,0.0,0.0,0.062500000093749994,0.062500000093749994,0.31249999971875003,0.0,0.0,0.0,0.0,0.0,0.0,0.0,0.0,0.0,0.0,0.0,0.0,0.0,0.0,0.0,0.0,0.0,0.0,0.0,0.0,0.0,0.0,0.0,0.0,0.0,0.0,0.0,0.0,0.0,0.062500000093749994,0.0,0.0,0.0,0.0,0.0,0.0,0.0,0.0,0.0,0.0,0.0,0.0,0.0,0.12499999981250001,0.0,0.0,0.0,0.0,0.0,0.0,0.0,0.0,0.0,0.0,0.0,0.062500000093749994,0.0,0.0,0.0,0.0,0.0,0.0
0.0,0.0,0.0,0.0,0.0,0.0,0.0,0.0,0.0,0.0,0.0,0.0,0.058823529474048439,0.0,0.058823529474048439,0.0,0.0,0.0,0.0,0.0,0.0,0.0,0.058823529474048439,0.058823529474048439,0.0,0.058823529474048439,0.0,0.0,0.0,0.058823529474048439,0.0,0.0,0.058823529474048439,0.0,0.0,0.058823529474048439,0.11764705859515572,0.0,0.0,0.0,0.0,0.0,0.0,0.0,0.0,0.0,0.0,0.0,0.0,0.0,0.0,0.0,0.0,0.0,0.0,0.0,0.0,0.0,0.0,0.0,0.0,0.0,0.0,0.0,0.058823529474048439,0.0,0.17647058806920415,0.0,0.0,0.0,0.0,0.0,0.0,0.0,0.0,0.0,0.0,0.0,0.0,0.0,0.0,0.0,0.0,0.0,0.0,0.0,0.0,0.0,0.11764705859515572,0.0,0.0,0.0,0.0,0.0,0.0,0.0,0.0,0.058823529474048439,0.0,0.0
0.0,0.0,0.0,0.0,0.0,0.0,0.0,0.0,0.0,0.10000000000000002,0.0,0.0,0.0,0.0,0.0,0.0,0.0,0.0,0.0,0.0,0.0,0.0,0.0,0.10000000000000002,0.10000000000000002,0.10000000000000002,0.0,0.0,0.0,0.10000000000000002,0.0,0.0,0.0,0.0,0.0,0.0,0.0,0.10000000000000002,0.0,0.0,0.0,0.0,0.0,0.0,0.0,0.0,0.0,0.0,0.0,0.0,0.0,0.0,0.0,0.0,0.0,0.0,0.0,0.0,0.0,0.0,0.0,0.0,0.0,0.0,0.10000000000000002,0.0,0.0,0.0,0.0,0.0,0.0,0.0,0.0,0.0,0.0,0.0,0.0,0.0,0.0,0.0,0.0,0.0,0.0,0.0,0.0,0.0,0.0,0.0,0.10000000000000002,0.0,0.0,0.0,0.10000000000000002,0.0,0.0,0.0,0.10000000000000002,0.0,0.0,0.0
0.0,0.0,0.0,0.0,0.0,0.0,0.0,0.0,0.045454545528925624,0.0,0.0,0.0,0.0,0.0,0.0,0.0,0.0,0.0,0.045454545528925624,0.0,0.0,0.090909090785123978,0.0,0.0,0.0,0.0,0.0,0.0,0.0,0.045454545528925624,0.0,0.0,0.0,0.0,0.0,0.0,0.045454545528925624,0.045454545528925624,0.045454545528925624,0.0,0.0,0.0,0.0,0.045454545528925624,0.0,0.0,0.0,0.0,0.0,0.0,0.0,0.0,0.0,0.0,0.0,0.0,0.0,0.0,0.0,0.0,0.0,0.0,0.0,0.0,0.22727272709917359,0.0,0.36363636341322314,0.0,0.0,0.0,0.0,0.0,0.0,0.0,0.0,0.0,0.0,0.0,0.0,0.0,0.0,0.0,0.0,0.0,0.0,0.0,0.0,0.0,0.0,0.0,0.0,0.0,0.0,0.0,0.0,0.0,0.0,0.0,0.0,0.0
0.0,0.0,0.0,0.0,0.0,0.0,0.0,0.0,0.0,0.0,0.0,0.0,0.0,0.0,0.0,0.0,0.0,0.0,0.0,0.0,0.0,0.0,0.0,0.0,0.0,0.062500000070312506,0.0,0.0,0.0,0.062500000070312506,0.0,0.12499999976562502,0.0,0.0,0.062500000070312506,0.0,0.0,0.0,0.0,0.062500000070312506,0.0,0.0,0.0,0.0,0.0,0.0,0.0,0.0,0.0,0.0,0.0,0.0,0.0,0.0,0.0,0.0,0.0,0.0,0.0,0.0,0.0,0.0,0.0,0.062500000070312506,0.0,0.0,0.0,0.0,0.0,0.0,0.0,0.0,0.0,0.0,0.0,0.12499999976562502,0.0,0.0,0.0,0.062500000070312506,0.062500000070312506,0.062500000070312506,0.0,0.0,0.0,0.0,0.0,0.0,0.12499999976562502,0.0,0.0,0.0,0.0,0.0,0.062500000070312506,0.0,0.0,0.062500000070312506,0.0,0.0
0.0,0.0,0.0,0.0,0.0,0.0,0.0,0.0,0.0,0.0,0.0,0.043478260926275998,0.0,0.0,0.0,0.0,0.0,0.0,0.0,0.0,0.0,0.0,0.0,0.0,0.0,0.0,0.0,0.0,0.0,0.043478260926275998,0.0,0.0,0.13043478251795845,0.0,0.21739130410964089,0.0,0.0,0.0,0.043478260926275998,0.0,0.0,0.0,0.0,0.0,0.0,0.0,0.0,0.0,0.0,0.0,0.0,0.0,0.0,0.0,0.0,0.0,0.0,0.0,0.0,0.0,0.043478260926275998,0.043478260926275998,0.0,0.17391304344423444,0.0,0.0,0.043478260926275998,0.0,0.0,0.0,0.0,0.043478260926275998,0.0,0.0,0.0,0.0,0.0,0.0,0.0,0.0,0.0,0.043478260926275998,0.0,0.0,0.0,0.0,0.0,0.0,0.086956521591682448,0.0,0.0,0.0,0.0,0.0,0.0,0.0,0.0,0.0,0.043478260926275998,0.0
0.0,0.0,0.0,0.0,0.0,0.0,0.0,0.0,0.0,0.0,0.0,0.0,0.0,0.0,0.0,0.0,0.0,0.0,0.0,0.0,0.09090909100826447,0.0,0.0,0.0,0.0,0.0,0.0,0.0,0.0,0.0,0.09090909100826447,0.0,0.09090909100826447,0.0,0.09090909100826447,0.0,0.0,0.0,0.0,0.0,0.0,0.09090909100826447,0.0,0.1818181814710744,0.0,0.0,0.0,0.0,0.0,0.0,0.0,0.0,0.0,0.0,0.0,0.0,0.0,0.0,0.0,0.0,0.0,0.0,0.0,0.0,0.0,0.0,0.0,0.1818181814710744,0.0,0.0,0.0,0.0,0.0,0.0,0.0,0.0,0.0,0.0,0.0,0.0,0.0,0.0,0.0,0.0,0.09090909100826447,0.09090909100826447,0.0,0.0,0.0,0.0,0.0,0.0,0.0,0.0,0.0,0.0,0.0,0.0,0.0,0.0
0.0,0.0,0.0,0.0,0.0,0.0,0.0,0.0,0.0,0.0,0.0,0.0,0.0,0.0,0.0,0.0,0.0,0.0,0.0,0.0,0.062500000023437516,0.0,0.0,0.0,0.0,0.062500000023437516,0.062500000023437516,0.0,0.0,0.0,0.0,0.0,0.0,0.062500000023437516,0.0,0.0,0.0,0.0,0.062500000023437516,0.062500000023437516,0.0,0.062500000023437516,0.0,0.0,0.0,0.0,0.0,0.0,0.0,0.0,0.0,0.0,0.0,0.0,0.0,0.0,0.0,0.0,0.0,0.0,0.0,0.0,0.0,0.0,0.0,0.062500000023437516,0.0,0.062500000023437516,0.0,0.0,0.0,0.0,0.0,0.0,0.0,0.0,0.0,0.0,0.0,0.0,0.0,0.0,0.062500000023437516,0.0,0.0,0.0,0.062500000023437516,0.0,0.0,0.0,0.062500000023437516,0.12499999967187504,0.0,0.0,0.062500000023437516,0.0,0.062500000023437516,0.0,0.0,0.0
0.0,0.0,0.0,0.0,0.0,0.0,0.0,0.0,0.0,0.0,0.0,0.0,0.0,0.0,0.0,0.0,0.0,0.0,0.0,0.0,0.0,0.0,0.0,0.0,0.0,0.0,0.0,0.0,0.0,0.0,0.0,0.0,0.0,0.0,0.0,0.0,0.0,0.0,0.090909090958677691,0.0,0.0,0.0,0.0,0.090909090958677691,0.0,0.0,0.0,0.0,0.0,0.0,0.0,0.0,0.0,0.0,0.0,0.0,0.0,0.0,0.0,0.0,0.0,0.0,0.090909090958677691,0.0,0.0,0.0,0.0,0.0,0.0,0.0,0.090909090958677691,0.0,0.0,0.0,0.0,0.0,0.0,0.090909090958677691,0.090909090958677691,0.0,0.090909090958677691,0.0,0.0,0.0,0.0,0.0,0.0,0.0,0.0,0.0,0.0,0.27272727233057853,0.0,0.0,0.090909090958677691,0.0,0.0,0.0,0.0,0.0
0.0,0.0,0.0,0.055555555592592606,0.0,0.0,0.0,0.0,0.0,0.0,0.0,0.0,0.0,0.0,0.0,0.0,0.0,0.0,0.0,0.0,0.0,0.0,0.055555555592592606,0.0,0.0,0.0,0.0,0.0,0.0,0.0,0.0,0.055555555592592606,0.0,0.0,0.0,0.22222222203703712,0.055555555592592606,0.0,0.055555555592592606,0.0,0.0,0.0,0.0,0.0,0.0,0.0,0.055555555592592606,0.0,0.0,0.0,0.0,0.0,0.0,0.0,0.0,0.0,0.0,0.0,0.0,0.0,0.0,0.055555555592592606,0.0,0.0,0.0,0.0,0.055555555592592606,0.0,0.0,0.1666666664444445,0.0,0.0,0.0,0.0,0.0,0.055555555592592606,0.055555555592592606,0.0,0.0,0.0,0.0,0.0,0.0,0.0,0.0,0.0,0.0,0.0,0.055555555592592606,0.0,0.0,0.0,0.0,0.0,0.0,0.0,0.0,0.0,0.0,0.0
0.0,0.0,0.0,0.0,0.0,0.0,0.0,0.0,0.0,0.0,0.0,0.0,0.0,0.0,0.0,0.0,0.0,0.0,0.0,0.0,0.0,0.0,0.0,0.0,0.0,0.0,0.0,0.0,0.19999999964000006,0.0,0.0,0.10000000012000003,0.0,0.0,0.10000000012000003,0.0,0.0,0.0,0.0,0.0,0.0,0.0,0.10000000012000003,0.0,0.0,0.0,0.0,0.0,0.0,0.0,0.0,0.0,0.0,0.0,0.0,0.0,0.0,0.0,0.0,0.0,0.19999999964000006,0.0,0.0,0.0,0.0,0.0,0.0,0.10000000012000003,0.0,0.0,0.0,0.0,0.0,0.0,0.0,0.0,0.10000000012000003,0.0,0.0,0.0,0.0,0.0,0.0,0.0,0.0,0.0,0.0,0.0,0.0,0.0,0.0,0.0,0.0,0.0,0.10000000012000003,0.0,0.0,0.0,0.0,0.0
0.14285714255102047,0.0,0.0,0.0,0.0,0.0,0.0,0.0,0.0,0.0,0.0,0.0,0.0,0.0,0.0,0.0,0.07142857148979595,0.0,0.0,0.0,0.07142857148979595,0.0,0.0,0.0,0.07142857148979595,0.0,0.0,0.14285714255102047,0.0,0.0,0.0,0.0,0.0,0.0,0.07142857148979595,0.0,0.0,0.0,0.07142857148979595,0.0,0.0,0.0,0.0,0.0,0.0,0.0,0.0,0.0,0.0,0.0,0.0,0.0,0.0,0.07142857148979595,0.0,0.0,0.0,0.0,0.0,0.0,0.07142857148979595,0.0,0.0,0.0,0.0,0.0,0.0,0.0,0.0,0.0,0.07142857148979595,0.0,0.0,0.0,0.0,0.0,0.0,0.0,0.0,0.0,0.0,0.0,0.0,0.0,0.0,0.0,0.0,0.0,0.0,0.0,0.0,0.0,0.0,0.0,0.07142857148979595,0.0,0.07142857148979595,0.0,0.0,0.0
0.0,0.0,0.0,0.0,0.0,0.0,0.0,0.0,0.0,0.0,0.0,0.0,0.0,0.0,0.0,0.0,0.0,0.0,0.0,0.0,0.0,0.0,0.0,0.0,0.0,0.14285714273469388,0.21428571431632651,0.0,0.0,0.0,0.14285714273469388,0.071428571581632641,0.0,0.0,0.071428571581632641,0.0,0.0,0.0,0.14285714273469388,0.0,0.0,0.0,0.0,0.0,0.0,0.0,0.0,0.0,0.0,0.0,0.0,0.0,0.0,0.0,0.0,0.0,0.0,0.0,0.0,0.0,0.0,0.0,0.0,0.0,0.0,0.0,0.0,0.0,0.0,0.0,0.071428571581632641,0.0,0.14285714273469388,0.0,0.0,0.0,0.0,0.0,0.0,0.0,0.0,0.0,0.0,0.0,0.0,0.0,0.0,0.0,0.0,0.0,0.0,0.0,0.0,0.0,0.0,0.0,0.0,0.0,0.0,0.0
0.0,0.0,0.0,0.0,0.0,0.0,0.0,0.0,0.0,0.0,0.0,0.0,0.0,0.0,0.0,0.0,0.0,0.0,0.0,0.0,0.28571428510204083,0.0,0.0,0.0,0.0,0.0,0.14285714297959184,0.14285714297959184,0.0,0.0,0.0,0.14285714297959184,0.0,0.0,0.0,0.0,0.0,0.0,0.0,0.0,0.0,0.0,0.0,0.0,0.0,0.0,0.0,0.0,0.0,0.0,0.0,0.0,0.0,0.0,0.0,0.0,0.0,0.0,0.14285714297959184,0.0,0.0,0.0,0.0,0.0,0.0,0.0,0.0,0.0,0.0,0.0,0.0,0.0,0.0,0.0,0.14285714297959184,0.0,0.0,0.0,0.0,0.0,0.0,0.0,0.0,0.0,0.0,0.0,0.0,0.0,0.0,0.0,0.0,0.0,0.0,0.0,0.0,0.0,0.0,0.0,0.0,0.0
0.0,0.052631578997229929,0.0,0.052631578997229929,0.0,0.0,0.0,0.0,0.0,0.0,0.0,0.0,0.0,0.0,0.0,0.0,0.0,0.0,0.0,0.0,0.0,0.0,0.0,0.052631578997229929,0.0,0.15789473667590032,0.0,0.0,0.0,0.052631578997229929,0.0,0.0,0.052631578997229929,0.0,0.0,0.10526315767867039,0.0,0.15789473667590032,0.052631578997229929,0.0,0.0,0.0,0.0,0.0,0.0,0.052631578997229929,0.0,0.0,0.0,0.0,0.0,0.0,0.0,0.052631578997229929,0.0,0.0,0.0,0.0,0.0,0.0,0.0,0.0,0.0,0.0,0.052631578997229929,0.0,0.0,0.0,0.0,0.0,0.0,0.0,0.0,0.0,0.0,0.0,0.052631578997229929,0.0,0.0,0.0,0.0,0.0,0.0,0.0,0.0,0.0,0.0,0.0,0.0,0.0,0.052631578997229929,0.0,0.0,0.0,0.0,0.0,0.0,0.0,0.0,0.0
0.0,0.0,0.0,0.0,0.0,0.0,0.0,0.0,0.058823529453287206,0.058823529453287206,0.0,0.0,0.058823529453287206,0.0,0.0,0.0,0.0,0.0,0.0,0.0,0.058823529453287206,0.058823529453287206,0.058823529453287206,0.0,0.058823529453287206,0.058823529453287206,0.0,0.0,0.0,0.058823529453287206,0.0,0.0,0.0,0.0,0.11764705855363324,0.0,0.0,0.0,0.0,0.0,0.058823529453287206,0.0,0.0,0.0,0.0,0.0,0.0,0.0,0.0,0.0,0.0,0.0,0.0,0.058823529453287206,0.0,0.0,0.0,0.0,0.0,0.0,0.0,0.0,0.0,0.0,0.0,0.0,0.0,0.0,0.0,0.0,0.0,0.0,0.0,0.0,0.0,0.0,0.0,0.0,0.0,0.0,0.0,0.0,0.0,0.0,0.0,0.0,0.0,0.058823529453287206,0.0,0.0,0.11764705855363324,0.0,0.0,0.0,0.0,0.0,0.0,0.0,0.058823529453287206,0.0
0.0,0.0,0.0,0.0,0.0,0.0,0.0,0.0,0.0,0.0,0.05555555562962964,0.0,0.0,0.0,0.0,0.0,0.0,0.0,0.0,0.0,0.11111111092592596,0.05555555562962964,0.0,0.11111111092592596,0.0,0.0,0.0,0.0,0.0,0.05555555562962964,0.0,0.0,0.0,0.05555555562962964,0.0,0.0,0.0,0.0,0.0,0.0,0.0,0.0,0.0,0.0,0.0,0.0,0.0,0.0,0.0,0.0,0.0,0.0,0.0,0.0,0.0,0.0,0.0,0.0,0.0,0.0,0.0,0.0,0.0,0.0,0.33333333311111119,0.0,0.0,0.0,0.0,0.0,0.0,0.0,0.0,0.0,0.05555555562962964,0.0,0.0,0.0,0.0,0.0,0.0,0.0,0.0,0.0,0.0,0.0,0.05555555562962964,0.0,0.05555555562962964,0.0,0.0,0.0,0.0,0.0,0.0,0.0,0.0,0.0,0.05555555562962964,0.0
0.0,0.0,0.0,0.076923076994082851,0.0,0.0,0.0,0.0,0.0,0.0,0.0,0.0,0.0,0.0,0.0,0.0,0.0,0.0,0.0,0.0,0.53846153803550312,0.0,0.0,0.0,0.0,0.076923076994082851,0.0,0.0,0.0,0.0,0.0,0.0,0.076923076994082851,0.0,0.076923076994082851,0.076923076994082851,0.0,0.0,0.0,0.0,0.0,0.0,0.0,0.0,0.0,0.0,0.0,0.0,0.0,0.0,0.0,0.0,0.0,0.0,0.0,0.0,0.0,0.0,0.0,0.0,0.0,0.0,0.0,0.0,0.0,0.0,0.0,0.0,0.0,0.0,0.0,0.0,0.0,0.0,0.0,0.0,0.0,0.0,0.0,0.0,0.0,0.0,0.0,0.0,0.0,0.0,0.0,0.0,0.0,0.0,0.076923076994082851,0.0,0.0,0.0,0.0,0.0,0.0,0.0,0.0,0.0
0.0,0.0,0.0,0.0,0.0,0.0,0.0,0.0,0.0,0.0,0.0,0.0,0.0,0.0,0.0,0.0,0.0,0.0,0.0,0.0,0.0,0.0,0.0,0.05555555561111112,0.05555555561111112,0.11111111088888892,0.0,0.0,0.0,0.0,0.0,0.05555555561111112,0.0,0.0,0.0,0.0,0.0,0.0,0.0,0.05555555561111112,0.0,0.0,0.0,0.0,0.0,0.0,0.0,0.0,0.0,0.0,0.0,0.0,0.0,0.05555555561111112,0.0,0.0,0.0,0.0,0.0,0.0,0.05555555561111112,0.0,0.0,0.0,0.0,0.22222222211111115,0.0,0.0,0.0,0.0,0.0,0.11111111088888892,0.0,0.0,0.05555555561111112,0.0,0.05555555561111112,0.0,0.0,0.0,0.0,0.0,0.05555555561111112,0.0,0.0,0.0,0.0,0.0,0.05555555561111112,0.0,0.0,0.0,0.0,0.0,0.0,0.0,0.0,0.0,0.0,0.0
0.0,0.0,0.0,0.0,0.0,0.0,0.0,0.0,0.0,0.0,0.0,0.0,0.0,0.0,0.0,0.0,0.0,0.0,0.0,0.0,0.0,0.0,0.0,0.0,0.12500000009375001,0.12500000009375001,0.0,0.0,0.0,0.0,0.0,0.0,0.0,0.0,0.0,0.0,0.0,0.0,0.0,0.0,0.0,0.0,0.0,0.0,0.0,0.0,0.0,0.0,0.0,0.0,0.0,0.0,0.12500000009375001,0.0,0.0,0.12500000009375001,0.0,0.0,0.0,0.0,0.0,0.0,0.0,0.0,0.0,0.0,0.0,0.0,0.0,0.0,0.0,0.0,0.24999999943750004,0.0,0.12500000009375001,0.0,0.0,0.0,0.0,0.0,0.0,0.0,0.12500000009375001,0.0,0.0,0.0,0.0,0.0,0.0,0.0,0.0,0.0,0.0,0.0,0.0,0.0,0.0,0.0,0.0,0.0
0.0,0.0,0.0,0.0,0.0,0.0,0.0,0.0,0.0,0.0,0.0,0.0,0.0,0.076923076923076941,0.076923076923076941,0.0,0.076923076923076941,0.0,0.0,0.0,0.0,0.0,0.0,0.0,0.0,0.0,0.0,0.0,0.0,0.0,0.0,0.0,0.0,0.0,0.0,0.0,0.0,0.0,0.0,0.076923076923076941,0.0,0.0,0.0,0.0,0.0,0.0,0.0,0.0,0.076923076923076941,0.0,0.0,0.076923076923076941,0.0,0.0,0.0,0.0,0.0,0.076923076923076941,0.0,0.0,0.0,0.0,0.0,0.0,0.0,0.0,0.076923076923076941,0.0,0.0,0.0,0.0,0.0,0.0,0.0,0.0,0.0,0.0,0.0,0.0,0.0,0.0,0.0,0.0,0.0,0.0,0.0,0.0,0.0,0.0,0.0,0.0,0.076923076923076941,0.0,0.076923076923076941,0.0,0.0,0.076923076923076941,0.076923076923076941,0.0,0.076923076923076941
0.0,0.0,0.16666666633333335,0.083333333416666669,0.0,0.0,0.0,0.0,0.0,0.0,0.0,0.0,0.0,0.0,0.0,0.083333333416666669,0.0,0.083333333416666669,0.0,0.0,0.0,0.0,0.0,0.0,0.0,0.0,0.0,0.0,0.0,0.0,0.0,0.0,0.0,0.0,0.0,0.0,0.0,0.0,0.0,0.0,0.0,0.0,0.0,0.083333333416666669,0.0,0.0,0.0,0.0,0.0,0.16666666633333335,0.0,0.0,0.0,0.0,0.0,0.083333333416666669,0.0,0.0,0.083333333416666669,0.0,0.0,0.083333333416666669,0.0,0.0,0.0,0.0,0.0,0.0,0.0,0.0,0.0,0.0,0.0,0.0,0.0,0.0,0.0,0.0,0.0,0.0,0.0,0.0,0.0,0.0,0.0,0.0,0.0,0.0,0.0,0.0,0.083333333416666669,0.0,0.0,0.0,0.0,0.0,0.0,0.0,0.0,0.0
0.0,0.0,0.0,0.0,0.0,0.0,0.0,0.0,0.0,0.0,0.0,0.0,0.0,0.0,0.0,0.0,0.1176470586782007,0.0,0.0,0.0,0.0,0.0,0.0,0.0,0.0,0.0,0.0,0.0,0.0,0.0,0.0,0.0,0.0,0.0,0.0,0.0,0.0,0.0,0.1176470586782007,0.0,0.058823529515570933,0.0,0.0,0.29411764687197234,0.0,0.0,0.0,0.058823529515570933,0.0,0.0,0.0,0.058823529515570933,0.0,0.0,0.0,0.0,0.0,0.0,0.0,0.0,0.0,0.0,0.0,0.0,0.0,0.058823529515570933,0.0,0.0,0.0,0.1176470586782007,0.0,0.0,0.0,0.0,0.0,0.0,0.0,0.0,0.0,0.0,0.0,0.0,0.0,0.0,0.0,0.0,0.0,0.0,0.0,0.0,0.0,0.0,0.0,0.0,0.0,0.0,0.058823529515570933,0.0,0.058823529515570933,0.0
0.090909090710743837,0.045454545491735547,0.0,0.0,0.0,0.0,0.045454545491735547,0.0,0.0,0.0,0.0,0.0,0.0,0.0,0.045454545491735547,0.0,0.0,0.0,0.045454545491735547,0.0,0.0,0.0,0.0,0.0,0.0,0.0,0.045454545491735547,0.0,0.13636363620247938,0.0,0.0,0.0,0.0,0.0,0.0,0.0,0.0,0.0,0.0,0.0,0.0,0.045454545491735547,0.18181818169421493,0.0,0.0,0.0,0.045454545491735547,0.0,0.0,0.045454545491735547,0.0,0.0,0.0,0.045454545491735547,0.0,0.0,0.0,0.0,0.0,0.045454545491735547,0.0,0.0,0.0,0.0,0.0,0.0,0.0,0.0,0.0,0.045454545491735547,0.0,0.0,0.0,0.0,0.0,0.0,0.0,0.0,0.0,0.0,0.0,0.0,0.0,0.045454545491735547,0.0,0.0,0.0,0.0,0.0,0.0,0.0,0.0,0.0,0.0,0.0,0.045454545491735547,0.0,0.0,0.0,0.0
0.0,0.0,0.0,0.0,0.0,0.0,0.0,0.0,0.0,0.0,0.15384615359763318,0.0,0.0,0.0,0.0,0.0,0.076923077029585812,0.0,0.0,0.0,0.0,0.0,0.0,0.0,0.0,0.0,0.0,0.0,0.0,0.0,0.0,0.0,0.0,0.0,0.0,0.076923077029585812,0.0,0.0,0.0,0.0,0.0,0.0,0.0,0.0,0.0,0.0,0.23076923062721899,0.0,0.0,0.0,0.0,0.0,0.0,0.0,0.0,0.0,0.23076923062721899,0.0,0.0,0.0,0.0,0.0,0.0,0.0,0.0,0.0,0.0,0.076923077029585812,0.0,0.0,0.0,0.0,0.076923077029585812,0.0,0.0,0.0,0.0,0.0,0.0,0.0,0.0,0.0,0.0,0.0,0.0,0.0,0.0,0.0,0.0,0.0,0.0,0.0,0.0,0.0,0.0,0.0,0.0,0.0,0.0,0.076923077029585812
0.0,0.055555555666666666,0.0,0.0,0.0,0.111111111,0.0,0.0,0.0,0.0,0.055555555666666666,0.0,0.111111111,0.0,0.0,0.0,0.0,0.0,0.111111111,0.055555555666666666,0.0,0.055555555666666666,0.0,0.0,0.0,0.0,0.0,0.0,0.0,0.055555555666666666,0.055555555666666666,0.0,0.0,0.0,0.0,0.0,0.0,0.0,0.0,0.0,0.0,0.0,0.0,0.111111111,0.111111111,0.0,0.0,0.0,0.0,0.111111111,0.0,0.0,0.0,0.0,0.0,0.0,0.0,0.0,0.0,0.0,0.0,0.0,0.0,0.0,0.0,0.0,0.0,0.0,0.0,0.0,0.0,0.0,0.0,0.0,0.0,0.0,0.0,0.0,0.0,0.0,0.0,0.0,0.0,0.0,0.0,0.0,0.0,0.0,0.0,0.0,0.0,0.0,0.0,0.0,0.0,0.0,0.0,0.0,0.0,0.0
0.0,0.0,0.0,0.0,0.0,0.10526315771191139,0.0,0.0,0.0,0.0,0.0,0.0,0.052631579013850426,0.0,0.0,0.0,0.0,0.0,0.10526315771191139,0.10526315771191139,0.0,0.0,0.0,0.0,0.0,0.0,0.052631579013850426,0.0,0.0,0.0,0.0,0.0,0.0,0.0,0.0,0.052631579013850426,0.0,0.0,0.0,0.0,0.0,0.0,0.0,0.052631579013850426,0.0,0.0,0.0,0.0,0.0,0.0,0.052631579013850426,0.0,0.0,0.0,0.0,0.0,0.15789473672576182,0.0,0.0,0.0,0.0,0.0,0.0,0.0,0.0,0.0,0.0,0.0,0.0,0.0,0.0,0.0,0.0,0.0,0.0,0.0,0.0,0.0,0.052631579013850426,0.0,0.0,0.052631579013850426,0.0,0.0,0.0,0.0,0.052631579013850426,0.0,0.0,0.0,0.0,0.0,0.0,0.052631579013850426,0.0,0.0,0.0,0.0,0.0,0.052631579013850426
0.0,0.0,0.0,0.0,0.0,0.0,0.11111111111111112,0.0,0.0,0.0,0.0,0.11111111111111112,0.0,0.0,0.0,0.0,0.0,0.0,0.0,0.0,0.0,0.0,0.0,0.0,0.0,0.0,0.0,0.0,0.0,0.0,0.0,0.0,0.0,0.0,0.0,0.0,0.0,0.0,0.0,0.0,0.0,0.0,0.0,0.0,0.0,0.0,0.0,0.0,0.0,0.0,0.0,0.11111111111111112,0.0,0.0,0.0,0.11111111111111112,0.0,0.0,0.0,0.11111111111111112,0.0,0.0,0.0,0.0,0.0,0.0,0.0,0.0,0.0,0.0,0.0,0.0,0.0,0.0,0.0,0.11111111111111112,0.0,0.0,0.0,0.0,0.11111111111111112,0.0,0.11111111111111112,0.0,0.11111111111111112,0.0,0.0,0.0,0.0,0.0,0.0,0.0,0.0,0.0,0.0,0.0,0.0,0.0,0.0,0.0
0.0,0.0,0.0,0.0,0.0,0.0,0.10000000006000002,0.0,0.0,0.0,0.0,0.0,0.0,0.0,0.0,0.0,0.0,0.0,0.0,0.10000000006000002,0.0,0.0,0.0,0.0,0.0,0.0,0.0,0.0,0.0,0.10000000006000002,0.0,0.0,0.0,0.0,0.0,0.0,0.0,0.0,0.0,0.0,0.10000000006000002,0.19999999952000005,0.0,0.0,0.0,0.10000000006000002,0.0,0.0,0.0,0.10000000006000002,0.10000000006000002,0.0,0.0,0.0,0.0,0.10000000006000002,0.0,0.0,0.0,0.0,0.0,0.0,0.0,0.0,0.0,0.0,0.0,0.0,0.0,0.0,0.0,0.0,0.0,0.0,0.0,0.0,0.0,0.0,0.0,0.0,0.0,0.0,0.0,0.0,0.0,0.0,0.0,0.0,0.0,0.0,0.0,0.0,0.0,0.0,0.0,0.0,0.0,0.0,0.0,0.0
0.0,0.0,0.0,0.0,0.0,0.0,0.0,0.0,0.071428571459183687,0.0,0.0,0.0,0.0,0.071428571459183687,0.0,0.0,0.0,0.071428571459183687,0.0,0.0,0.0,0.0,0.0,0.0,0.0,0.0,0.0,0.071428571459183687,0.0,0.0,0.0,0.0,0.0,0.0,0.0,0.0,0.0,0.0,0.071428571459183687,0.0,0.0,0.071428571459183687,0.0,0.0,0.0,0.21428571394897963,0.0,0.071428571459183687,0.0,0.0,0.0,0.0,0.0,0.0,0.0,0.071428571459183687,0.0,0.0,0.0,0.0,0.0,0.0,0.0,0.0,0.0,0.0,0.0,0.0,0.0,0.0,0.0,0.0,0.0,0.071428571459183687,0.0,0.0,0.071428571459183687,0.0,0.0,0.0,0.0,0.0,0.0,0.071428571459183687,0.0,0.0,0.0,0.0,0.0,0.0,0.0,0.0,0.0,0.0,0.0,0.0,0.0,0.0,0.0,0.0
0.0,0.0,0.0,0.0,0.0,0.0,0.0,0.10000000000000002,0.10000000000000002,0.10000000000000002,0.0,0.10000000000000002,0.0,0.0,0.10000000000000002,0.0,0.0,0.0,0.0,0.0,0.0,0.0,0.0,0.0,0.0,0.0,0.0,0.0,0.0,0.0,0.0,0.0,0.0,0.0,0.0,0.0,0.0,0.0,0.0,0.0,0.0,0.0,0.0,0.10000000000000002,0.10000000000000002,0.0,0.0,0.0,0.0,0.0,0.0,0.0,0.10000000000000002,0.0,0.0,0.0,0.0,0.0,0.0,0.0,0.0,0.0,0.0,0.0,0.0,0.0,0.0,0.0,0.0,0.0,0.0,0.0,0.0,0.0,0.0,0.0,0.0,0.0,0.0,0.0,0.0,0.0,0.0,0.0,0.0,0.0,0.0,0.0,0.0,0.0,0.0,0.0,0.10000000000000002,0.0,0.0,0.10000000000000002,0.0,0.0,0.0,0.0
0.0,0.066666666720000003,0.0,0.066666666720000003,0.0,0.0,0.0,0.0,0.066666666720000003,0.066666666720000003,0.0,0.066666666720000003,0.0,0.0,0.066666666720000003,0.066666666720000003,0.066666666720000003,0.0,0.0,0.0,0.0,0.0,0.0,0.066666666720000003,0.0,0.0,0.0,0.0,0.0,0.0,0.0,0.0,0.0,0.0,0.0,0.0,0.0,0.0,0.0,0.0,0.13333333304,0.0,0.13333333304,0.0,0.0,0.0,0.0,0.0,0.0,0.0,0.066666666720000003,0.0,0.0,0.0,0.0,0.0,0.0,0.0,0.0,0.0,0.0,0.0,0.0,0.0,0.0,0.0,0.0,0.0,0.0,0.0,0.0,0.0,0.0,0.0,0.0,0.0,0.0,0.066666666720000003,0.0,0.0,0.0,0.0,0.0,0.0,0.0,0.0,0.0,0.0,0.0,0.0,0.0,0.0,0.0,0.0,0.0,0.0,0.0,0.0,0.0,0.0
0.0,0.0,0.10000000006000002,0.10000000006000002,0.0,0.0,0.19999999952000005,0.0,0.0,0.0,0.0,0.10000000006000002,0.0,0.10000000006000002,0.0,0.0,0.0,0.0,0.0,0.0,0.0,0.0,0.0,0.0,0.0,0.0,0.0,0.0,0.0,0.0,0.0,0.0,0.0,0.0,0.0,0.0,0.0,0.10000000006000002,0.0,0.0,0.0,0.10000000006000002,0.0,0.0,0.0,0.0,0.0,0.0,0.0,0.0,0.0,0.0,0.0,0.0,0.0,0.10000000006000002,0.0,0.0,0.0,0.0,0.10000000006000002,0.0,0.0,0.0,0.0,0.0,0.0,0.0,0.0,0.0,0.0,0.0,0.0,0.0,0.0,0.0,0.0,0.0,0.0,0.0,0.0,0.0,0.0,0.0,0.0,0.0,0.0,0.0,0.0,0.0,0.0,0.0,0.0,0.0,0.0,0.0,0.0,0.0,0.0,0.0
0.0,0.0,0.0,0.062500000023437516,0.0,0.0,0.0,0.062500000023437516,0.0,0.12499999967187506,0.0,0.0,0.0,0.0,0.0,0.062500000023437516,0.0,0.0,0.0,0.0,0.0,0.0,0.0,0.0,0.0,0.0,0.0,0.0,0.0,0.0,0.0,0.0,0.0,0.0,0.0,0.062500000023437516,0.0,0.0,0.062500000023437516,0.0,0.062500000023437516,0.0,0.062500000023437516,0.062500000023437516,0.0,0.0,0.0,0.0,0.0,0.0,0.0,0.0,0.0,0.0,0.0,0.0,0.0,0.0,0.0,0.0,0.0,0.0,0.0,0.0,0.0,0.0,0.062500000023437516,0.0,0.0,0.062500000023437516,0.0,0.0,0.0,0.062500000023437516,0.0,0.0,0.0,0.062500000023437516,0.0,0.0,0.0,0.0,0.0,0.0,0.0,0.0,0.0,0.0,0.0,0.0,0.0,0.0,0.0,0.0,0.0,0.062500000023437516,0.062500000023437516,0.0,0.0,0.0
0.0,0.0,0.090909090958677691,0.0,0.090909090958677691,0.0,0.0,0.0,0.0,0.0,0.0,0.0,0.0,0.090909090958677691,0.090909090958677691,0.0,0.0,0.0,0.0,0.0,0.0,0.0,0.0,0.0,0.0,0.0,0.0,0.0,0.0,0.0,0.0,0.0,0.0,0.0,0.0,0.0,0.0,0.0,0.0,0.0,0.0,0.0,0.0,0.0,0.090909090958677691,0.0,0.0,0.0,0.0,0.0,0.0,0.090909090958677691,0.0,0.0,0.0,0.0,0.0,0.0,0.0,0.0,0.0,0.0,0.0,0.0,0.0,0.0,0.0,0.090909090958677691,0.0,0.0,0.0,0.0,0.0,0.0,0.0,0.0,0.0,0.0,0.0,0.0,0.0,0.0,0.18181818137190084,0.0,0.0,0.0,0.0,0.090909090958677691,0.0,0.0,0.0,0.0,0.0,0.0,0.0,0.0,0.0,0.0,0.090909090958677691,0.0
0.0,0.0,0.0,0.0,0.0,0.0,0.071428571459183687,0.0,0.0,0.0,0.0,0.0,0.0,0.0,0.0,0.0,0.0,0.0,0.0,0.0,0.0,0.0,0.0,0.0,0.0,0.0,0.071428571459183687,0.0,0.0,0.0,0.0,0.0,0.0,0.0,0.0,0.0,0.0,0.0,0.0,0.071428571459183687,0.0,0.0,0.071428571459183687,0.0,0.0,0.0,0.071428571459183687,0.0,0.0,0.071428571459183687,0.0,0.0,0.071428571459183687,0.0,0.0,0.0,0.0,0.0,0.0,0.071428571459183687,0.0,0.0,0.0,0.0,0.0,0.0,0.0,0.071428571459183687,0.0,0.0,0.0,0.0,0.0,0.0,0.0,0.0,0.0,0.0,0.0,0.0,0.0,0.0,0.0,0.0,0.0,0.0,0.0,0.0,0.0,0.0,0.0,0.0,0.0,0.0,0.0,0.071428571459183687,0.0,0.0,0.28571428540816329,0.0
0.0,0.076923077029585812,0.15384615359763318,0.0,0.0,0.076923077029585812,0.0,0.15384615359763318,0.0,0.0,0.0,0.0,0.0,0.0,0.0,0.0,0.0,0.076923077029585812,0.0,0.0,0.0,0.0,0.0,0.076923077029585812,0.0,0.0,0.0,0.0,0.0,0.0,0.0,0.0,0.0,0.0,0.0,0.0,0.0,0.0,0.0,0.0,0.0,0.0,0.0,0.0,0.15384615359763318,0.0,0.076923077029585812,0.0,0.0,0.0,0.0,0.076923077029585812,0.0,0.0,0.0,0.0,0.0,0.0,0.0,0.0,0.0,0.0,0.0,0.0,0.0,0.0,0.0,0.0,0.0,0.0,0.0,0.0,0.0,0.0,0.0,0.0,0.0,0.0,0.0,0.0,0.0,0.0,0.0,0.0,0.0,0.076923077029585812,0.0,0.0,0.0,0.0,0.0,0.0,0.0,0.0,0.0,0.0,0.0,0.0,0.0,0.0
0.083333333333333356,0.0,0.0,0.0,0.0,0.0,0.0,0.0,0.0,0.0,0.0,0.0,0.0,0.083333333333333356,0.0,0.0,0.0,0.0,0.0,0.083333333333333356,0.0,0.083333333333333356,0.0,0.0,0.0,0.0,0.0,0.0,0.0,0.0,0.0,0.0,0.083333333333333356,0.0,0.0,0.0,0.0,0.0,0.0,0.0,0.083333333333333356,0.0,0.0,0.0,0.0,0.0,0.083333333333333356,0.0,0.083333333333333356,0.0,0.083333333333333356,0.0,0.0,0.0,0.0,0.0,0.0,0.0,0.0,0.0,0.0,0.0,0.0,0.083333333333333356,0.0,0.0,0.0,0.0,0.0,0.0,0.0,0.0,0.0,0.0,0.0,0.0,0.0,0.0,0.0,0.0,0.0,0.0,0.0,0.0,0.0,0.0,0.083333333333333356,0.0,0.0,0.0,0.0,0.0,0.0,0.083333333333333356,0.0,0.0,0.0,0.0,0.0,0.0
0.0,0.0,0.0,0.0,0.0,0.0,0.0,0.0,0.27586206885850179,0.034482758684898931,0.0,0.0,0.0,0.0,0.068965517162901308,0.0,0.0,0.034482758684898931,0.0,0.0,0.0,0.0,0.0,0.0,0.0,0.0,0.0,0.0,0.0,0.0,0.0,0.0,0.0,0.0,0.0,0.0,0.0,0.0,0.0,0.0,0.034482758684898931,0.0,0.0,0.0,0.0,0.0,0.068965517162901308,0.0,0.0,0.0,0.0,0.0,0.0,0.0,0.0,0.0,0.0,0.034482758684898931,0.0,0.0,0.0,0.0,0.0,0.0,0.0,0.0,0.0,0.0,0.0,0.0,0.0,0.034482758684898931,0.0,0.0,0.0,0.0,0.3103448275434007,0.0,0.0,0.0,0.0,0.0,0.0,0.0,0.0,0.0,0.0,0.0,0.0,0.034482758684898931,0.0,0.0,0.0,0.0,0.0,0.068965517162901308,0.0,0.0,0.0,0.0
0.0,0.0,0.0,0.0,0.0,0.0,0.24999999975000003,0.083333333416666669,0.083333333416666669,0.0,0.0,0.083333333416666669,0.0,0.0,0.0,0.0,0.0,0.0,0.0,0.0,0.0,0.0,0.0,0.0,0.0,0.0,0.0,0.0,0.0,0.0,0.0,0.0,0.0,0.0,0.0,0.0,0.0,0.0,0.0,0.0,0.0,0.0,0.0,0.0,0.0,0.083333333416666669,0.0,0.0,0.0,0.0,0.0,0.0,0.16666666633333335,0.0,0.083333333416666669,0.0,0.0,0.0,0.0,0.0,0.0,0.0,0.0,0.0,0.0,0.0,0.0,0.0,0.0,0.0,0.0,0.0,0.0,0.0,0.0,0.0,0.0,0.0,0.0,0.0,0.0,0.0,0.0,0.0,0.0,0.083333333416666669,0.0,0.0,0.0,0.0,0.0,0.0,0.0,0.0,0.0,0.0,0.083333333416666669,0.0,0.0,0.0
0.0,0.0,0.0,0.0,0.0,0.0,0.0,0.0,0.0,0.0,0.0,0.10526315767867041,0.0,0.0,0.0,0.0,0.0,0.0,0.0,0.0,0.0,0.0,0.0,0.0,0.052631578997229936,0.0,0.0,0.0,0.0,0.0,0.10526315767867041,0.0,0.0,0.0,0.0,0.0,0.0,0.0,0.0,0.0,0.0,0.0,0.0,0.0,0.0,0.052631578997229936,0.0,0.052631578997229936,0.0,0.0,0.0,0.0,0.0,0.0,0.0,0.0,0.0,0.0,0.0,0.0,0.0,0.052631578997229936,0.0,0.0,0.0,0.0,0.052631578997229936,0.0,0.10526315767867041,0.0,0.052631578997229936,0.0,0.052631578997229936,0.052631578997229936,0.0,0.0,0.0,0.0,0.052631578997229936,0.0,0.0,0.0,0.0,0.0,0.052631578997229936,0.0,0.0,0.0,0.0,0.052631578997229936,0.0,0.052631578997229936,0.0,0.0,0.052631578997229936,0.0,0.0,0.0,0.0,0.0
0.0,0.0,0.0,0.0,0.0,0.0,0.083333333374999999,0.0,0.0,0.0,0.0,0.0,0.0,0.0,0.0,0.0,0.0,0.0,0.0,0.0,0.0,0.0,0.0,0.0,0.0,0.0,0.0,0.0,0.0,0.0,0.0,0.0,0.0,0.0,0.0,0.0,0.0,0.0,0.083333333374999999,0.0,0.0,0.0,0.0,0.0,0.0,0.0,0.0,0.0,0.0,0.0,0.0,0.0,0.0,0.0,0.0,0.0,0.0,0.0,0.0,0.0,0.0,0.0,0.0,0.0,0.0,0.0,0.0,0.0,0.0,0.0,0.0,0.0,0.0,0.0,0.083333333374999999,0.083333333374999999,0.0,0.083333333374999999,0.083333333374999999,0.0,0.0,0.0,0.083333333374999999,0.0,0.0,0.16666666625000001,0.0,0.083333333374999999,0.0,0.083333333374999999,0.0,0.0,0.083333333374999999,0.0,0.0,0.0,0.0,0.0,0.0,0.0
0.0,0.0,0.0,0.0,0.0,0.0,0.0,0.0,0.0,0.0,0.0,0.0,0.0,0.0,0.0,0.0,0.0,0.0,0.0,0.0,0.0,0.0,0.0,0.0,0.0,0.0,0.0,0.0,0.0,0.28571428510204083,0.0,0.0,0.0,0.0,0.0,0.14285714297959184,0.0,0.0,0.0,0.0,0.0,0.0,0.0,0.0,0.0,0.0,0.0,0.0,0.0,0.0,0.0,0.0,0.0,0.0,0.0,0.0,0.0,0.0,0.0,0.0,0.0,0.0,0.0,0.0,0.0,0.0,0.0,0.0,0.0,0.0,0.0,0.0,0.0,0.0,0.14285714297959184,0.0,0.0,0.0,0.0,0.14285714297959184,0.0,0.0,0.0,0.0,0.0,0.0,0.0,0.0,0.0,0.0,0.0,0.0,0.0,0.0,0.14285714297959184,0.0,0.0,0.0,0.0,0.14285714297959184
0.0,0.0,0.0,0.0,0.0,0.0,0.0,0.0,0.0,0.0,0.0,0.0,0.0,0.0,0.0,0.0,0.0,0.0,0.0,0.0,0.0,0.0,0.071428571489795936,0.0,0.071428571489795936,0.14285714255102044,0.0,0.0,0.0,0.0,0.071428571489795936,0.0,0.0,0.0,0.0,0.0,0.0,0.0,0.0,0.0,0.0,0.0,0.0,0.0,0.071428571489795936,0.0,0.0,0.071428571489795936,0.0,0.0,0.0,0.0,0.0,0.0,0.0,0.0,0.0,0.0,0.0,0.0,0.0,0.0,0.0,0.0,0.0,0.0,0.071428571489795936,0.0,0.0,0.0,0.0,0.0,0.0,0.0,0.0,0.0,0.0,0.0,0.0,0.0,0.0,0.0,0.0,0.0,0.0,0.0,0.071428571489795936,0.0,0.071428571489795936,0.0,0.21428571404081637,0.0,0.0,0.0,0.071428571489795936,0.0,0.0,0.0,0.0,0.0
0.10526315774515238,0.0,0.052631579030470922,0.0,0.0,0.0,0.0,0.0,0.0,0.0,0.0,0.0,0.0,0.0,0.0,0.0,0.0,0.0,0.0,0.0,0.0,0.21052631580609421,0.052631579030470922,0.052631579030470922,0.0,0.0,0.0,0.0,0.0,0.0,0.0,0.0,0.0,0.0,0.10526315774515238,0.0,0.10526315774515238,0.0,0.0,0.0,0.0,0.0,0.0,0.0,0.0,0.0,0.0,0.0,0.0,0.0,0.0,0.0,0.0,0.0,0.0,0.0,0.0,0.052631579030470922,0.0,0.0,0.052631579030470922,0.0,0.0,0.052631579030470922,0.0,0.0,0.0,0.0,0.0,0.0,0.0,0.0,0.0,0.0,0.0,0.0,0.0,0.0,0.0,0.0,0.0,0.0,0.0,0.0,0.0,0.0,0.0,0.0,0.1578947367756233,0.0,0.0,0.0,0.0,0.0,0.0,0.0,0.0,0.0,0.0,0.0
0.0,0.0,0.0,0.0,0.0,0.0,0.0,0.0,0.0,0.0,0.0,0.0,0.0,0.0,0.0,0.0,0.0,0.0,0.0,0.0,0.0,0.0,0.0,0.0,0.0,0.0,0.0,0.0,0.14285714269387759,0.0,0.0,0.0,0.04761904765986396,0.0,0.0,0.0,0.04761904765986396,0.0,0.04761904765986396,0.0,0.0,0.0,0.0,0.0,0.0,0.0,0.0,0.0,0.0,0.0,0.0,0.0,0.0,0.0,0.0,0.0,0.0,0.04761904765986396,0.0,0.0,0.0,0.0,0.0,0.0,0.0,0.0,0.0,0.04761904765986396,0.0,0.095238095034013634,0.0,0.0,0.0,0.0,0.0,0.0,0.0,0.04761904765986396,0.19047619035374155,0.0,0.04761904765986396,0.0,0.04761904765986396,0.0,0.0,0.0,0.0,0.0,0.04761904765986396,0.0,0.0,0.0,0.0,0.0,0.0,0.0,0.0,0.04761904765986396,0.04761904765986396,0.04761904765986396
0.041666666708333334,0.041666666708333334,0.0,0.0,0.0,0.0,0.0,0.0,0.0,0.0,0.0,0.0,0.0,0.0,0.0,0.0,0.0,0.0,0.0,0.0,0.041666666708333334,0.0,0.0,0.083333333166666676,0.041666666708333334,0.041666666708333334,0.0,0.0,0.0,0.041666666708333334,0.0,0.041666666708333334,0.0,0.0,0.0,0.041666666708333334,0.29166666645833339,0.0,0.0,0.0,0.0,0.0,0.0,0.0,0.0,0.0,0.0,0.0,0.0,0.0,0.0,0.041666666708333334,0.0,0.0,0.0,0.0,0.0,0.0,0.0,0.0,0.0,0.0,0.0,0.041666666708333334,0.0,0.0,0.0,0.0,0.0,0.0,0.0,0.0,0.0,0.041666666708333334,0.0,0.0,0.0,0.0,0.0,0.0,0.0,0.0,0.0,0.0,0.0,0.0,0.0,0.0,0.0,0.0,0.0,0.0,0.0,0.0,0.0,0.0,0.0,0.0,0.12499999987500002,0.041666666708333334
0.0,0.071428571459183687,0.0,0.071428571459183687,0.0,0.0,0.0,0.0,0.0,0.0,0.0,0.0,0.0,0.071428571459183687,0.0,0.0,0.0,0.0,0.0,0.0,0.0,0.0,0.071428571459183687,0.0,0.0,0.0,0.071428571459183687,0.071428571459183687,0.0,0.0,0.0,0.071428571459183687,0.071428571459183687,0.0,0.0,0.0,0.0,0.0,0.0,0.0,0.0,0.0,0.0,0.0,0.0,0.0,0.071428571459183687,0.0,0.0,0.0,0.0,0.0,0.0,0.0,0.0,0.0,0.0,0.0,0.0,0.0,0.0,0.0,0.14285714248979595,0.0,0.0,0.0,0.0,0.0,0.0,0.0,0.0,0.0,0.071428571459183687,0.0,0.0,0.0,0.0,0.071428571459183687,0.0,0.0,0.0,0.071428571459183687,0.0,0.0,0.0,0.0,0.0,0.0,0.0,0.0,0.0,0.0,0.0,0.0,0.0,0.0,0.0,0.0,0.0,0.0
0.0,0.0,0.0,0.0,0.0,0.0,0.0,0.0,0.0,0.0,0.0,0.0,0.0,0.0,0.0,0.0,0.0,0.0,0.0,0.0,0.0,0.0,0.0,0.0,0.076923076994082851,0.076923076994082851,0.0,0.0,0.0,0.0,0.0,0.0,0.0,0.0,0.0,0.0,0.0,0.0,0.076923076994082851,0.0,0.0,0.0,0.0,0.0,0.0,0.0,0.0,0.0,0.0,0.076923076994082851,0.0,0.0,0.0,0.0,0.0,0.0,0.0,0.0,0.0,0.0,0.076923076994082851,0.0,0.076923076994082851,0.15384615352662726,0.0,0.0,0.0,0.0,0.0,0.0,0.0,0.0,0.076923076994082851,0.0,0.0,0.23076923052071011,0.0,0.0,0.0,0.076923076994082851,0.0,0.0,0.0,0.0,0.0,0.0,0.0,0.0,0.0,0.0,0.0,0.0,0.0,0.0,0.0,0.0,0.0,0.0,0.0,0.0
0.0,0.0,0.0,0.0,0.0,0.0,0.0,0.0,0.0,0.0,0.0,0.0,0.0,0.0,0.0,0.0,0.0,0.0,0.0,0.0,0.0,0.0,0.0,0.0,0.0,0.0,0.0,0.0,0.0,0.0,0.0,0.0,0.0,0.0,0.071428571520408157,0.0,0.0,0.0,0.0,0.0,0.0,0.0,0.28571428565306123,0.0,0.0,0.0,0.0,0.0,0.0,0.0,0.0,0.0,0.0,0.0,0.0,0.0,0.0,0.0,0.0,0.0,0.0,0.0,0.0,0.0,0.0,0.0,0.0,0.0,0.071428571520408157,0.0,0.0,0.071428571520408157,0.0,0.14285714261224491,0.0,0.0,0.0,0.0,0.0,0.0,0.0,0.0,0.14285714261224491,0.071428571520408157,0.0,0.0,0.0,0.0,0.0,0.0,0.0,0.071428571520408157,0.0,0.0,0.0,0.0,0.0,0.0,0.0,0.071428571520408157
0.0,0.0,0.0,0.0,0.0,0.0,0.0,0.0,0.0,0.0,0.0,0.0,0.0,0.0,0.0,0.0,0.0,0.0,0.0,0.0,0.0,0.0,0.0,0.0,0.0,0.0,0.0,0.0,0.0,0.0,0.0,0.0,0.0,0.10000000012,0.0,0.0,0.0,0.0,0.0,0.0,0.0,0.0,0.0,0.0,0.0,0.0,0.0,0.0,0.0,0.0,0.10000000012,0.0,0.0,0.0,0.0,0.0,0.0,0.0,0.0,0.0,0.10000000012,0.0,0.0,0.0,0.0,0.0,0.0,0.0,0.0,0.0,0.0,0.0,0.0,0.19999999964000001,0.0,0.0,0.0,0.29999999976000002,0.0,0.0,0.0,0.0,0.0,0.0,0.10000000012,0.0,0.0,0.0,0.0,0.0,0.0,0.0,0.0,0.0,0.10000000012,0.0,0.0,0.0,0.0,0.0
0.0,0.076923076994082851,0.076923076994082851,0.0,0.0,0.0,0.0,0.0,0.30769230751479293,0.0,0.0,0.0,0.0,0.0,0.0,0.0,0.0,0.0,0.0,0.0,0.0,0.0,0.0,0.0,0.0,0.0,0.0,0.0,0.0,0.0,0.0,0.0,0.0,0.0,0.0,0.0,0.0,0.0,0.0,0.0,0.0,0.0,0.0,0.0,0.0,0.0,0.0,0.076923076994082851,0.076923076994082851,0.0,0.0,0.0,0.0,0.15384615352662726,0.0,0.0,0.0,0.0,0.076923076994082851,0.0,0.0,0.0,0.0,0.0,0.0,0.0,0.0,0.0,0.0,0.0,0.0,0.0,0.0,0.0,0.0,0.0,0.0,0.0,0.076923076994082851,0.0,0.0,0.0,0.0,0.0,0.0,0.0,0.0,0.0,0.0,0.076923076994082851,0.0,0.0,0.0,0.0,0.0,0.0,0.0,0.0,0.0,0.0
0.0,0.0,0.0,0.0,0.0,0.0,0.0,0.0,0.0,0.0,0.0,0.0,0.0,0.0,0.0,0.0,0.0,0.0,0.0,0.0,0.0,0.10000000012,0.0,0.0,0.0,0.0,0.0,0.0,0.0,0.0,0.10000000012,0.0,0.0,0.0,0.0,0.0,0.0,0.0,0.0,0.29999999976000002,0.0,0.0,0.0,0.0,0.0,0.0,0.0,0.0,0.0,0.0,0.0,0.0,0.0,0.0,0.0,0.0,0.0,0.0,0.0,0.0,0.0,0.0,0.0,0.0,0.0,0.0,0.0,0.0,0.0,0.0,0.0,0.0,0.0,0.0,0.0,0.0,0.0,0.0,0.0,0.0,0.0,0.0,0.0,0.0,0.10000000012,0.0,0.0,0.0,0.0,0.0,0.0,0.0,0.10000000012,0.0,0.0,0.0,0.0,0.19999999964000001,0.10000000012,0.0
0.0,0.0,0.0,0.0,0.0,0.0,0.0,0.0,0.0,0.0,0.0,0.0,0.0,0.0,0.0,0.0,0.0,0.0,0.0,0.0,0.0,0.0,0.0,0.0,0.0,0.0,0.0,0.083333333416666669,0.0,0.0,0.0,0.0,0.0,0.0,0.0,0.0,0.0,0.0,0.0,0.0,0.0,0.0,0.083333333416666669,0.083333333416666669,0.0,0.0,0.0,0.0,0.0,0.0,0.0,0.0,0.0,0.0,0.0,0.0,0.0,0.0,0.0,0.0,0.0,0.0,0.0,0.0,0.0,0.083333333416666669,0.0,0.0,0.083333333416666669,0.0,0.083333333416666669,0.0,0.0,0.0,0.16666666633333335,0.0,0.0,0.0,0.0,0.0,0.0,0.0,0.0,0.083333333416666669,0.0,0.083333333416666669,0.0,0.0,0.0,0.0,0.0,0.0,0.0,0.0,0.0,0.0,0.0,0.0,0.0,0.16666666633333335
0.0,0.0,0.0,0.0,0.0,0.0,0.0,0.0,0.0,0.0,0.0,0.0,0.0,0.0,0.0,0.0,0.0,0.0,0.0,0.0,0.0,0.0,0.0,0.0,0.0,0.0,0.0,0.0,0.0,0.0,0.076923076923076941,0.0,0.0,0.0,0.0,0.076923076923076941,0.0,0.076923076923076941,0.0,0.0,0.0,0.0,0.0,0.0,0.076923076923076941,0.0,0.0,0.0,0.0,0.0,0.0,0.0,0.0,0.076923076923076941,0.0,0.0,0.0,0.0,0.0,0.0,0.076923076923076941,0.0,0.0,0.0,0.0,0.0,0.0,0.076923076923076941,0.0,0.0,0.0,0.0,0.0,0.0,0.0,0.0,0.0,0.0,0.0,0.076923076923076941,0.0,0.0,0.0,0.0,0.0,0.076923076923076941,0.0,0.076923076923076941,0.0,0.0,0.0,0.076923076923076941,0.0,0.076923076923076941,0.0,0.076923076923076941,0.0,0.0,0.0,0.0
0.0,0.0,0.0,0.0,0.0,0.0,0.0,0.0,0.0,0.0,0.0,0.0,0.0,0.0,0.0,0.0,0.0,0.0,0.0,0.0,0.0,0.071428571520408157,0.0,0.071428571520408157,0.21428571413265307,0.0,0.0,0.0,0.0,0.0,0.0,0.0,0.0,0.0,0.0,0.0,0.0,0.0,0.0,0.0,0.0,0.0,0.0,0.0,0.0,0.0,0.0,0.0,0.0,0.071428571520408157,0.0,0.0,0.0,0.0,0.0,0.0,0.0,0.0,0.0,0.0,0.14285714261224491,0.0,0.0,0.071428571520408157,0.0,0.0,0.0,0.0,0.14285714261224491,0.0,0.0,0.0,0.0,0.0,0.0,0.0,0.0,0.0,0.0,0.071428571520408157,0.0,0.0,0.0,0.0,0.0,0.0,0.0,0.0,0.071428571520408157,0.071428571520408157,0.0,0.0,0.0,0.0,0.0,0.0,0.0,0.0,0.0,0.0
0.0,0.0,0.0,0.0,0.0,0.0,0.0,0.0,0.43749999971874987,0.0,0.0,0.0,0.0,0.0,0.0,0.0,0.0,0.0,0.0,0.0,0.0,0.0,0.0,0.0,0.0,0.0,0.0,0.0,0.0,0.0,0.0,0.0,0.0,0.0,0.03125000004687499,0.0,0.0,0.0,0.0,0.0,0.03125000004687499,0.0,0.0,0.0,0.0,0.0,0.0,0.03125000004687499,0.0,0.0,0.0,0.0,0.0,0.0,0.0,0.0,0.03125000004687499,0.0,0.2499999998124999,0.0,0.0,0.0,0.0,0.0,0.0,0.0,0.0,0.0,0.0,0.0,0.03125000004687499,0.03125000004687499,0.0,0.0,0.0,0.0,0.0,0.03125000004687499,0.03125000004687499,0.0,0.0,0.0,0.0,0.0,0.0,0.0,0.0,0.0,0.0,0.03125000004687499,0.0,0.03125000004687499,0.0,0.0,0.0,0.0,0.0,0.0,0.0,0.0
0.0,0.0,0.0,0.0,0.0,0.0,0.0,0.0,0.0,0.0,0.0,0.0,0.0,0.0,0.0,0.0,0.0,0.0,0.0,0.0,0.0,0.0,0.0,0.0,0.0,0.0,0.066666666720000017,0.0,0.066666666720000017,0.0,0.0,0.0,0.0,0.066666666720000017,0.0,0.0,0.066666666720000017,0.0,0.0,0.0,0.0,0.0,0.0,0.0,0.066666666720000017,0.0,0.0,0.0,0.0,0.0,0.0,0.0,0.0,0.0,0.0,0.0,0.0,0.0,0.0,0.0,0.0,0.0,0.0,0.0,0.0,0.0,0.0,0.0,0.0,0.0,0.13333333304000003,0.0,0.0,0.066666666720000017,0.066666666720000017,0.0,0.13333333304000003,0.0,0.0,0.0,0.066666666720000017,0.0,0.066666666720000017,0.0,0.0,0.0,0.0,0.066666666720000017,0.0,0.0,0.066666666720000017,0.0,0.0,0.0,0.0,0.0,0.0,0.0,0.0,0.0
0.0,0.0,0.0,0.0,0.0,0.0,0.0,0.0,0.0,0.0,0.050000000060000008,0.0,0.0,0.0,0.0,0.0,0.0,0.0,0.0,0.0,0.0,0.0,0.0,0.0,0.0,0.0,0.0,0.0,0.0,0.050000000060000008,0.0,0.0,0.0,0.0,0.0,0.0,0.0,0.0,0.0,0.0,0.0,0.0,0.0,0.0,0.0,0.0,0.0,0.0,0.0,0.0,0.0,0.0,0.0,0.0,0.0,0.0,0.0,0.0,0.0,0.0,0.0,0.0,0.0,0.0,0.050000000060000008,0.24999999970000003,0.0,0.0,0.0,0.0,0.0,0.0,0.0,0.0,0.050000000060000008,0.0,0.0,0.0,0.0,0.0,0.050000000060000008,0.050000000060000008,0.050000000060000008,0.0,0.0,0.0,0.0,0.099999999820000018,0.0,0.0,0.0,0.050000000060000008,0.0,0.099999999820000018,0.0,0.0,0.050000000060000008,0.050000000060000008,0.050000000060000008,0.0
0.0,0.0,0.0,0.0,0.0,0.0,0.0,0.0,0.0,0.0,0.0,0.0,0.0,0.0,0.0,0.0,0.0,0.0,0.0,0.0,0.0,0.0,0.0,0.0,0.0,0.0,0.0,0.0,0.0,0.0,0.0,0.0,0.0,0.0,0.0,0.0,0.0,0.0,0.0,0.0,0.0,0.0,0.0,0.24999999981249998,0.0,0.0,0.0,0.0,0.0,0.0,0.0,0.0,0.0,0.0,0.0,0.0,0.0,0.0,0.0,0.0,0.0,0.0,0.0,0.0,0.0,0.0,0.0,0.0,0.50000000037499992,0.0,0.0,0.0,0.0,0.0,0.0,0.24999999981249998,0.0,0.0,0.0,0.0,0.0,0.0,0.0,0.0,0.0,0.0,0.0,0.0,0.0,0.0,0.0,0.0,0.0,0.0,0.0,0.0,0.0,0.0,0.0,0.0
0.076923076994082837,0.0,0.0,0.0,0.0,0.0,0.0,0.0,0.0,0.0,0.0,0.0,0.0,0.0,0.0,0.0,0.0,0.0,0.0,0.0,0.0,0.0,0.0,0.076923076994082837,0.0,0.0,0.0,0.0,0.076923076994082837,0.0,0.0,0.0,0.0,0.0,0.0,0.0,0.0,0.0,0.0,0.0,0.0,0.0,0.0,0.0,0.0,0.0,0.076923076994082837,0.0,0.0,0.0,0.0,0.0,0.0,0.0,0.0,0.0,0.0,0.0,0.0,0.0,0.0,0.0,0.0,0.0,0.0,0.0,0.076923076994082837,0.0,0.0,0.0,0.0,0.0,0.0,0.0,0.0,0.0,0.0,0.076923076994082837,0.0,0.0,0.0,0.0,0.0,0.076923076994082837,0.30769230751479287,0.0,0.0,0.0,0.0,0.0,0.0,0.0,0.0,0.0,0.0,0.0,0.0,0.0,0.15384615352662723,0.0
0.0,0.0,0.0,0.0,0.0,0.0,0.0,0.0,0.0,0.0,0.0,0.0,0.0,0.0,0.0,0.0,0.0,0.0,0.0,0.0,0.0,0.12499999990624999,0.0,0.0,0.0,0.12499999990624999,0.0,0.0,0.0,0.0,0.0,0.0,0.0,0.0,0.0,0.0,0.0,0.0,0.062500000140624998,0.0,0.0,0.0,0.0,0.0,0.0,0.0,0.0,0.0,0.0,0.0,0.0,0.0,0.0,0.0,0.0,0.0,0.0,0.062500000140624998,0.0,0.0,0.0,0.062500000140624998,0.0,0.0,0.0,0.0,0.0,0.12499999990624999,0.0,0.0,0.0,0.0,0.0,0.0,0.0,0.0,0.0,0.0,0.12499999990624999,0.0,0.0,0.0,0.0,0.0,0.0,0.0,0.0,0.0,0.312499999953125,0.0,0.0,0.0,0.0,0.0,0.0,0.0,0.0,0.0,0.0,0.0
0.0,0.0,0.0,0.0,0.0,0.0,0.0,0.0,0.0,0.0,0.0,0.0,0.0,0.0,0.04545454551652893,0.0,0.0,0.0,0.0,0.04545454551652893,0.0,0.04545454551652893,0.0,0.0,0.0,0.0,0.0,0.0,0.0,0.0,0.0,0.0,0.0,0.0,0.0,0.0,0.0,0.0,0.0,0.0,0.04545454551652893,0.0,0.0,0.0,0.04545454551652893,0.0,0.0,0.0,0.0,0.0,0.0,0.0,0.0,0.0,0.04545454551652893,0.0,0.0,0.0,0.0,0.0,0.0,0.090909090760330588,0.0,0.0,0.0,0.13636363627685952,0.0,0.0,0.0,0.0,0.0,0.0,0.0,0.04545454551652893,0.0,0.0,0.0,0.0,0.04545454551652893,0.0,0.0,0.0,0.0,0.0,0.0,0.0,0.04545454551652893,0.04545454551652893,0.0,0.0,0.090909090760330588,0.090909090760330588,0.13636363627685952,0.0,0.0,0.0,0.0,0.0,0.0,0.0
0.0,0.0,0.0,0.0,0.0,0.0,0.0,0.0,0.0,0.0,0.0,0.0,0.0,0.0,0.0,0.0,0.0,0.0,0.0,0.0,0.0,0.0,0.0,0.0,0.0,0.0,0.0,0.0,0.0,0.0,0.0,0.0,0.0,0.0,0.0,0.0,0.0,0.0,0.0,0.0,0.0,0.0,0.0,0.0,0.0,0.0,0.0,0.0,0.0,0.19999999952000005,0.0,0.10000000006000002,0.0,0.0,0.0,0.0,0.0,0.0,0.0,0.10000000006000002,0.10000000006000002,0.0,0.0,0.0,0.0,0.0,0.0,0.0,0.0,0.10000000006000002,0.0,0.10000000006000002,0.0,0.0,0.0,0.0,0.0,0.0,0.0,0.10000000006000002,0.0,0.0,0.10000000006000002,0.0,0.0,0.0,0.0,0.0,0.0,0.10000000006000002,0.0,0.0,0.0,0.0,0.0,0.0,0.0,0.0,0.0,0.0
0.0,0.0,0.0,0.0,0.0,0.0,0.0,0.0,0.0,0.0,0.0,0.0,0.0,0.0,0.0,0.0,0.0,0.0,0.0,0.0,0.0,0.0,0.0,0.0,0.0,0.0,0.0,0.0,0.0,0.0,0.0,0.0,0.0,0.0,0.0,0.0,0.0,0.0,0.0,0.0,0.0,0.0,0.0,0.0,0.0,0.0,0.0,0.0,0.0,0.0,0.0,0.0,0.0,0.0,0.0,0.11111111133333333,0.0,0.0,0.0,0.0,0.0,0.0,0.0,0.0,0.0,0.0,0.0,0.0,0.0,0.0,0.11111111133333333,0.0,0.0,0.0,0.0,0.0,0.0,0.0,0.0,0.0,0.222222222,0.0,0.222222222,0.0,0.0,0.0,0.0,0.0,0.0,0.0,0.0,0.0,0.0,0.0,0.0,0.0,0.0,0.0,0.33333333333333331,0.0
0.083333333416666669,0.0,0.0,0.0,0.0,0.0,0.0,0.0,0.0,0.083333333416666669,0.0,0.083333333416666669,0.0,0.0,0.0,0.0,0.0,0.0,0.0,0.0,0.0,0.0,0.083333333416666669,0.0,0.0,0.0,0.0,0.0,0.0,0.0,0.0,0.0,0.083333333416666669,0.0,0.0,0.0,0.0,0.0,0.0,0.0,0.0,0.0,0.0,0.0,0.0,0.0,0.0,0.0,0.0,0.0,0.0,0.083333333416666669,0.0,0.0,0.0,0.0,0.0,0.0,0.0,0.0,0.0,0.16666666633333335,0.0,0.0,0.0,0.0,0.083333333416666669,0.0,0.0,0.0,0.0,0.0,0.0,0.0,0.0,0.0,0.0,0.0,0.0,0.0,0.0,0.0,0.0,0.0,0.0,0.0,0.0,0.0,0.0,0.083333333416666669,0.0,0.0,0.16666666633333335,0.0,0.0,0.0,0.0,0.0,0.0,0.0
0.0,0.0,0.0,0.0,0.0,0.0,0.0,0.0,0.0,0.0,0.0,0.0,0.0,0.0,0.0,0.0,0.0,0.0,0.0,0.0,0.0,0.0,0.0,0.0,0.0,0.0,0.0,0.11111111111111112,0.0,0.0,0.0,0.0,0.0,0.11111111111111112,0.0,0.0,0.0,0.0,0.0,0.0,0.0,0.0,0.0,0.0,0.0,0.0,0.11111111111111112,0.0,0.0,0.0,0.0,0.0,0.0,0.0,0.0,0.0,0.0,0.0,0.0,0.0,0.0,0.0,0.11111111111111112,0.0,0.0,0.0,0.0,0.11111111111111112,0.0,0.11111111111111112,0.0,0.0,0.0,0.0,0.0,0.0,0.0,0.0,0.11111111111111112,0.0,0.0,0.0,0.0,0.0,0.0,0.0,0.0,0.0,0.0,0.0,0.11111111111111112,0.0,0.11111111111111112,0.0,0.0,0.0,0.0,0.0,0.0,0.0
0.0,0.0,0.0,0.0,0.076923076958579889,0.0,0.0,0.0,0.0,0.0,0.0,0.0,0.0,0.0,0.0,0.0,0.0,0.0,0.076923076958579889,0.076923076958579889,0.0,0.076923076958579889,0.0,0.0,0.0,0.076923076958579889,0.0,0.076923076958579889,0.0,0.0,0.0,0.0,0.0,0.0,0.0,0.0,0.0,0.0,0.0,0.0,0.0,0.0,0.076923076958579889,0.0,0.0,0.0,0.0,0.076923076958579889,0.0,0.0,0.0,0.0,0.0,0.0,0.0,0.0,0.0,0.0,0.0,0.0,0.0,0.0,0.0,0.0,0.0,0.0,0.0,0.0,0.0,0.0,0.0,0.0,0.0,0.0,0.0,0.0,0.0,0.0,0.0,0.0,0.076923076958579889,0.0,0.15384615345562133,0.0,0.0,0.0,0.0,0.0,0.0,0.0,0.076923076958579889,0.0,0.0,0.0,0.0,0.0,0.0,0.0,0.076923076958579889,0.0
0.041666666718750002,0.0,0.0,0.0,0.0,0.0,0.0,0.0,0.0,0.0,0.0,0.0,0.0,0.0,0.0,0.0,0.0,0.0,0.0,0.0,0.0,0.0,0.0,0.083333333187500011,0.041666666718750002,0.041666666718750002,0.0,0.0,0.0,0.0,0.0,0.0,0.0,0.0,0.0,0.0,0.041666666718750002,0.0,0.0,0.0,0.0,0.0,0.0,0.0,0.0,0.0,0.0,0.0,0.0,0.0,0.0,0.0,0.0,0.0,0.0,0.0,0.0,0.041666666718750002,0.0,0.0,0.0,0.0,0.0,0.0,0.041666666718750002,0.041666666718750002,0.041666666718750002,0.0,0.041666666718750002,0.041666666718750002,0.0,0.0,0.0,0.0,0.041666666718750002,0.083333333187500011,0.0,0.0,0.083333333187500011,0.041666666718750002,0.0,0.24999999981250004,0.0,0.0,0.0,0.0,0.0,0.0,0.0,0.0,0.0,0.0,0.0,0.0,0.0,0.0,0.0,0.0,0.0,0.0
0.0,0.0,0.0,0.0,0.0,0.0,0.0,0.0,0.0,0.0,0.0,0.0,0.0,0.0,0.0,0.0,0.090909091057851249,0.0,0.0,0.0,0.0,0.0,0.0,0.0,0.0,0.0,0.0,0.0,0.0,0.0,0.0,0.0,0.18181818157024796,0.0,0.0,0.0,0.0,0.0,0.0,0.0,0.0,0.0,0.0,0.0,0.0,0.0,0.0,0.0,0.0,0.0,0.0,0.0,0.0,0.0,0.0,0.0,0.0,0.0,0.0,0.0,0.090909091057851249,0.0,0.0,0.0,0.0,0.0,0.0,0.0,0.0,0.090909091057851249,0.0,0.0,0.0,0.0,0.0,0.0,0.18181818157024796,0.090909091057851249,0.0,0.0,0.0,0.0,0.0,0.18181818157024796,0.0,0.0,0.0,0.0,0.0,0.0,0.0,0.0,0.0,0.090909091057851249,0.0,0.0,0.0,0.0,0.0,0.0
0.0,0.0,0.0,0.0,0.0,0.0,0.0,0.0,0.0,0.0,0.0,0.0,0.0,0.0,0.18749999976562506,0.0,0.0,0.0,0.0,0.0,0.0,0.0,0.062500000046875018,0.062500000046875018,0.0,0.062500000046875018,0.0,0.062500000046875018,0.0,0.12499999971875005,0.0,0.0,0.0,0.0,0.062500000046875018,0.062500000046875018,0.0,0.0,0.0,0.0,0.0,0.0,0.0,0.0,0.0,0.0,0.0,0.0,0.0,0.0,0.0,0.0,0.0,0.0,0.062500000046875018,0.0,0.0,0.0,0.0,0.0,0.0,0.0,0.0,0.0,0.0,0.0,0.0,0.0,0.0,0.0,0.0,0.0,0.0,0.0,0.0,0.0,0.0,0.0,0.0,0.062500000046875018,0.0,0.0,0.062500000046875018,0.0,0.0,0.0,0.062500000046875018,0.062500000046875018,0.0,0.0,0.0,0.0,0.0,0.0,0.0,0.0,0.0,0.0,0.0,0.0
0.0,0.0,0.0,0.0,0.0,0.0,0.0,0.0,0.0,0.0,0.0,0.0,0.0,0.0,0.0,0.0,0.0,0.0,0.0,0.0,0.0,0.0,0.0,0.0,0.071428571520408157,0.0,0.0,0.14285714261224491,0.071428571520408157,0.0,0.0,0.0,0.0,0.071428571520408157,0.0,0.0,0.0,0.0,0.0,0.0,0.0,0.0,0.0,0.0,0.0,0.0,0.0,0.0,0.0,0.0,0.0,0.0,0.0,0.0,0.071428571520408157,0.0,0.0,0.0,0.0,0.0,0.0,0.14285714261224491,0.0,0.0,0.0,0.0,0.0,0.0,0.0,0.071428571520408157,0.0,0.14285714261224491,0.0,0.0,0.0,0.0,0.0,0.0,0.0,0.0,0.0,0.0,0.0,0.0,0.0,0.0,0.0,0.071428571520408157,0.0,0.071428571520408157,0.0,0.0,0.0,0.0,0.0,0.0,0.0,0.0,0.071428571520408157,0.0
0.0,0.0,0.0,0.0,0.0,0.0,0.0,0.0,0.0,0.0,0.0,0.0,0.0,0.0,0.0,0.0,0.0,0.0,0.0,0.0,0.0,0.0,0.0,0.0,0.0,0.0,0.0,0.0,0.0,0.0,0.0,0.0,0.0,0.0,0.0,0.0,0.0,0.0,0.0,0.0,0.0,0.0,0.0,0.0,0.0,0.0,0.0,0.0,0.0,0.0,0.0,0.083333333416666669,0.0,0.083333333416666669,0.0,0.0,0.0,0.083333333416666669,0.0,0.083333333416666669,0.0,0.0,0.0,0.083333333416666669,0.0,0.0,0.0,0.0,0.0,0.0,0.0,0.083333333416666669,0.16666666633333335,0.0,0.0,0.0,0.0,0.0,0.16666666633333335,0.0,0.0,0.0,0.0,0.0,0.0,0.0,0.0,0.083333333416666669,0.0,0.0,0.0,0.0,0.0,0.0,0.0,0.0,0.0,0.0,0.083333333416666669,0.0
0.0,0.0,0.0,0.0,0.0,0.0,0.0,0.0,0.0,0.0,0.09090909100826447,0.0,0.0,0.0,0.0,0.0,0.09090909100826447,0.0,0.0,0.0,0.0,0.0,0.0,0.0,0.0,0.0,0.0,0.0,0.0,0.0,0.0,0.0,0.0,0.0,0.0,0.0,0.0,0.0,0.0,0.0,0.0,0.0,0.0,0.0,0.0,0.0,0.0,0.0,0.0,0.0,0.0,0.0,0.0,0.0,0.0,0.0,0.0,0.09090909100826447,0.0,0.0,0.0,0.09090909100826447,0.0,0.0,0.0,0.1818181814710744,0.0,0.0,0.0,0.0,0.0,0.0,0.0,0.0,0.0,0.09090909100826447,0.0,0.0,0.0,0.0,0.09090909100826447,0.0,0.0,0.0,0.0,0.0,0.0,0.0,0.0,0.0,0.0,0.0,0.0,0.0,0.09090909100826447,0.0,0.1818181814710744,0.0,0.0,0.0
0.0,0.0,0.0,0.0,0.0,0.0,0.0,0.0,0.0,0.0,0.0,0.0,0.0,0.0,0.0,0.0,0.0,0.0,0.0,0.0,0.0,0.0,0.0,0.0,0.0,0.0,0.0,0.090909090958677691,0.0,0.0,0.090909090958677691,0.090909090958677691,0.0,0.0,0.0,0.0,0.0,0.0,0.090909090958677691,0.0,0.0,0.0,0.090909090958677691,0.0,0.0,0.0,0.0,0.0,0.0,0.0,0.0,0.0,0.0,0.0,0.0,0.0,0.0,0.0,0.0,0.0,0.090909090958677691,0.0,0.0,0.0,0.0,0.0,0.0,0.0,0.090909090958677691,0.0,0.0,0.0,0.0,0.0,0.0,0.0,0.0,0.0,0.0,0.0,0.090909090958677691,0.0,0.090909090958677691,0.0,0.0,0.0,0.18181818137190084,0.0,0.0,0.0,0.0,0.0,0.0,0.0,0.0,0.0,0.0,0.0,0.0,0.0
0.0,0.0,0.0,0.0,0.0,0.125,0.0,0.0,0.0,0.0,0.0,0.0,0.125,0.0,0.0,0.0,0.0,0.125,0.0,0.0,0.0,0.0,0.0,0.0,0.0,0.0,0.0,0.0,0.0,0.0,0.0,0.0,0.0,0.125,0.0,0.0,0.0,0.0,0.0,0.0,0.0,0.0,0.0,0.0,0.0,0.0,0.0,0.0,0.0,0.0,0.0,0.0,0.0,0.0,0.0,0.0,0.0,0.0,0.0,0.125,0.0,0.0,0.0,0.0,0.0,0.0,0.0,0.0,0.0,0.0,0.0,0.0,0.0,0.125,0.0,0.0,0.0,0.0,0.0,0.0,0.0,0.0,0.0,0.0,0.0,0.0,0.0,0.0,0.0,0.125,0.0,0.0,0.0,0.0,0.0,0.0,0.0,0.0,0.125,0.0
0.0,0.0,0.0,0.0,0.0,0.0,0.0,0.0,0.090909090909090925,0.0,0.0,0.0,0.0,0.0,0.0,0.0,0.0,0.0,0.0,0.0,0.0,0.0,0.090909090909090925,0.090909090909090925,0.0,0.0,0.0,0.090909090909090925,0.0,0.0,0.0,0.090909090909090925,0.0,0.0,0.0,0.0,0.0,0.0,0.0,0.0,0.090909090909090925,0.0,0.0,0.0,0.0,0.0,0.0,0.0,0.0,0.0,0.0,0.0,0.0,0.0,0.0,0.0,0.0,0.0,0.0,0.0,0.090909090909090925,0.0,0.0,0.090909090909090925,0.0,0.0,0.0,0.0,0.0,0.0,0.0,0.0,0.0,0.0,0.0,0.0,0.0,0.0,0.0,0.0,0.0,0.0,0.0,0.0,0.090909090909090925,0.090909090909090925,0.0,0.090909090909090925,0.0,0.0,0.0,0.0,0.0,0.0,0.0,0.0,0.0,0.0,0.0,0.0
0.0,0.0,0.0,0.0,0.0,0.0,0.0,0.0,0.0,0.0,0.0,0.0,0.0,0.0,0.0,0.0,0.0,0.0,0.0,0.0,0.0,0.0,0.0,0.0,0.24999999943750004,0.0,0.12500000009375001,0.0,0.0,0.0,0.0,0.0,0.0,0.0,0.0,0.0,0.12500000009375001,0.0,0.0,0.0,0.0,0.0,0.0,0.12500000009375001,0.0,0.0,0.0,0.0,0.0,0.0,0.0,0.0,0.0,0.0,0.0,0.0,0.0,0.0,0.0,0.0,0.0,0.0,0.0,0.0,0.0,0.12500000009375001,0.0,0.0,0.0,0.0,0.0,0.0,0.0,0.0,0.0,0.0,0.0,0.0,0.12500000009375001,0.0,0.0,0.0,0.12500000009375001,0.0,0.0,0.0,0.0,0.0,0.0,0.0,0.0,0.0,0.0,0.0,0.0,0.0,0.0,0.0,0.0,0.0
0.0,0.0,0.0,0.0,0.040000000048000001,0.0,0.0,0.0,0.0,0.0,0.0,0.0,0.0,0.0,0.0,0.0,0.040000000048000001,0.0,0.0,0.0,0.0,0.040000000048000001,0.0,0.0,0.0,0.0,0.0,0.0,0.0,0.0,0.0,0.0,0.0,0.0,0.0,0.0,0.0,0.0,0.0,0.0,0.0,0.0,0.0,0.0,0.0,0.0,0.0,0.0,0.0,0.0,0.0,0.0,0.0,0.0,0.0,0.15999999995200001,0.0,0.0,0.0,0.040000000048000001,0.11999999990400001,0.0,0.0,0.0,0.0,0.0,0.15999999995200001,0.0,0.0,0.0,0.0,0.0,0.0,0.0,0.0,0.0,0.0,0.11999999990400001,0.040000000048000001,0.0,0.040000000048000001,0.0,0.040000000048000001,0.040000000048000001,0.0,0.0,0.0,0.0,0.0,0.0,0.0,0.0,0.079999999856000009,0.0,0.040000000048000001,0.0,0.0,0.0,0.0,0.0
0.0,0.0,0.0,0.0,0.0,0.0,0.0,0.0,0.125,0.0,0.0,0.0,0.0,0.0,0.0,0.0,0.0,0.0,0.0,0.0,0.0,0.0,0.0,0.0,0.0,0.0,0.0,0.0,0.0,0.125,0.0,0.0,0.0,0.0,0.0,0.125,0.0,0.0,0.0,0.0,0.0,0.0,0.0,0.0,0.0,0.0,0.0,0.0,0.0,0.125,0.0,0.0,0.0,0.0,0.0,0.0,0.0,0.0,0.0,0.0,0.0,0.0,0.0,0.0,0.0,0.125,0.0,0.0,0.0,0.0,0.0,0.0,0.0,0.0,0.125,0.0,0.0,0.0,0.0,0.0,0.0,0.0,0.0,0.0,0.0,0.125,0.0,0.0,0.0,0.0,0.0,0.125,0.0,0.0,0.0,0.0,0.0,0.0,0.0,0.0
