0.0,0.058823529411764691,0.0,0.0,0.0,0.0,0.0,0.0,0.058823529411764691,0.058823529411764691,0.058823529411764691,0.0,0.0,0.0,0.058823529411764691,0.0,0.11764705882352938,0.0,0.0,0.0,0.0,0.0,0.0,0.058823529411764691,0.0,0.0,0.0,0.0,0.0,0.0,0.0,0.0,0.0,0.0,0.0,0.058823529411764691,0.058823529411764691,0.0,0.0,0.0,0.0,0.0,0.0,0.0,0.058823529411764691,0.0,0.058823529411764691,0.0,0.0,0.0,0.0,0.0,0.0,0.0,0.0,0.0,0.0,0.0,0.058823529411764691,0.0,0.0,0.0,0.0,0.0,0.11764705882352938,0.0,0.0,0.0,0.0,0.0,0.0,0.0,0.0,0.0,0.0,0.0,0.0,0.0,0.0,0.0,0.0,0.0,0.0,0.0,0.058823529411764691,0.0,0.0,0.0,0.058823529411764691,0.0,0.0,0.0,0.0,0.0,0.0,0.0,0.0,0.0,0.0,0.0
0.03846153846153845,0.0,0.03846153846153845,0.0,0.03846153846153845,0.11538461538461535,0.0769230769230769,0.0,0.0769230769230769,0.03846153846153845,0.03846153846153845,0.0,0.0769230769230769,0.0,0.0,0.0,0.03846153846153845,0.03846153846153845,0.0769230769230769,0.03846153846153845,0.0,0.0,0.0,0.0769230769230769,0.0,0.0,0.0,0.0,0.0,0.0,0.0,0.0,0.0,0.0,0.0,0.0,0.0,0.0,0.0,0.0,0.0,0.0,0.0,0.0,0.0,0.11538461538461535,0.0,0.0,0.0,0.0,0.0,0.03846153846153845,0.03846153846153845,0.0,0.0,0.0,0.0,0.0,0.0,0.0,0.0,0.0,0.0,0.0,0.0,0.0,0.0,0.0,0.0,0.0,0.0,0.0,0.0,0.0,0.0,0.0,0.0,0.0,0.0,0.0,0.0,0.0,0.0,0.0,0.0,0.0,0.0,0.0,0.0,0.0,0.0,0.0,0.0,0.0,0.0,0.0,0.0,0.0,0.0,0.0
0.0,0.021739130444706989,0.0,0.065217391334120967,0.0,0.10869565207136103,0.065217391334120967,0.043478260889413978,0.021739130444706989,0.065217391334120967,0.021739130444706989,0.0,0.065217391334120967,0.043478260889413978,0.0,0.0,0.0,0.021739130444706989,0.0,0.0,0.0,0.0,0.0,0.0,0.0,0.0,0.0,0.0,0.0,0.0,0.0,0.0,0.0,0.0,0.0,0.0,0.0,0.0,0.0,0.021739130444706989,0.021739130444706989,0.0,0.043478260889413978,0.0,0.0,0.0,0.0,0.0,0.17391304340548203,0.0,0.043478260889413978,0.086956521626654043,0.043478260889413978,0.0,0.0,0.0,0.0,0.021739130444706989,0.0,0.0,0.0,0.0,0.0,0.0,0.0,0.0,0.0,0.0,0.0,0.0,0.0,0.0,0.0,0.0,0.0,0.0,0.0,0.0,0.0,0.0,0.0,0.0,0.0,0.0,0.0,0.0,0.0,0.0,0.0,0.0,0.0,0.0,0.0,0.0,0.0,0.0,0.0,0.0,0.0,0.0
0.032258064523413114,0.064516129046826229,0.12903225786784603,0.0,0.064516129046826229,0.064516129046826229,0.032258064523413114,0.0,0.032258064523413114,0.032258064523413114,0.0,0.0,0.09677419357023935,0.0,0.032258064523413114,0.032258064523413114,0.09677419357023935,0.0,0.0,0.0,0.0,0.0,0.0,0.0,0.0,0.0,0.0,0.032258064523413114,0.0,0.0,0.0,0.0,0.0,0.0,0.0,0.0,0.0,0.0,0.032258064523413114,0.0,0.0,0.0,0.0,0.0,0.0,0.064516129046826229,0.0,0.0,0.032258064523413114,0.0,0.0,0.0,0.0,0.0,0.0,0.0,0.0,0.0,0.032258064523413114,0.0,0.0,0.0,0.0,0.0,0.0,0.0,0.0,0.0,0.0,0.0,0.032258064523413114,0.0,0.0,0.0,0.0,0.0,0.0,0.0,0.0,0.0,0.0,0.0,0.0,0.0,0.0,0.032258064523413114,0.0,0.0,0.0,0.0,0.0,0.0,0.0,0.0,0.0,0.0,0.0,0.0,0.0,0.032258064523413114
0.0,0.083333333357638872,0.041666666678819436,0.083333333357638872,0.0,0.041666666678819436,0.0,0.0,0.041666666678819436,0.0,0.16666666642361108,0.0,0.041666666678819436,0.0,0.0,0.12500000003645831,0.0,0.0,0.0,0.083333333357638872,0.0,0.0,0.0,0.0,0.0,0.0,0.0,0.0,0.0,0.0,0.0,0.0,0.0,0.0,0.0,0.0,0.0,0.0,0.0,0.0,0.0,0.041666666678819436,0.0,0.0,0.0,0.0,0.0,0.0,0.0,0.0,0.0,0.0,0.0,0.0,0.0,0.0,0.041666666678819436,0.0,0.041666666678819436,0.0,0.0,0.0,0.041666666678819436,0.0,0.0,0.0,0.0,0.0,0.0,0.0,0.0,0.0,0.0,0.0,0.0,0.0,0.0,0.0,0.083333333357638872,0.0,0.0,0.0,0.0,0.0,0.0,0.041666666678819436,0.0,0.0,0.0,0.0,0.0,0.0,0.0,0.0,0.0,0.0,0.0,0.0,0.0,0.0
0.0,0.03333333334888889,0.13333333316222223,0.10000000004666668,0.0,0.0,0.066666666697777779,0.0,0.23333333320888891,0.0,0.10000000004666668,0.0,0.03333333334888889,0.03333333334888889,0.0,0.0,0.0,0.0,0.03333333334888889,0.0,0.0,0.0,0.0,0.0,0.0,0.0,0.0,0.0,0.0,0.0,0.0,0.0,0.0,0.0,0.0,0.0,0.0,0.0,0.0,0.0,0.0,0.0,0.0,0.0,0.0,0.03333333334888889,0.0,0.0,0.0,0.0,0.066666666697777779,0.0,0.0,0.03333333334888889,0.0,0.0,0.03333333334888889,0.0,0.03333333334888889,0.0,0.0,0.0,0.0,0.0,0.0,0.0,0.0,0.0,0.0,0.0,0.0,0.0,0.0,0.0,0.0,0.0,0.0,0.0,0.0,0.0,0.0,0.0,0.0,0.0,0.0,0.0,0.0,0.0,0.03333333334888889,0.0,0.0,0.0,0.0,0.0,0.0,0.0,0.0,0.0,0.0,0.0
0.0,0.11111111113991766,0.11111111113991766,0.0,0.0,0.037037037046639222,0.0,0.074074074093278444,0.0,0.14814814792729764,0.0,0.037037037046639222,0.037037037046639222,0.0,0.0,0.037037037046639222,0.0,0.037037037046639222,0.0,0.074074074093278444,0.037037037046639222,0.0,0.0,0.0,0.0,0.0,0.0,0.037037037046639222,0.0,0.0,0.0,0.037037037046639222,0.0,0.0,0.0,0.037037037046639222,0.0,0.0,0.0,0.0,0.0,0.0,0.0,0.0,0.0,0.0,0.0,0.0,0.0,0.037037037046639222,0.0,0.0,0.0,0.037037037046639222,0.0,0.0,0.0,0.074074074093278444,0.0,0.0,0.0,0.0,0.0,0.0,0.0,0.0,0.0,0.0,0.0,0.0,0.0,0.0,0.0,0.0,0.0,0.0,0.0,0.0,0.0,0.0,0.0,0.0,0.0,0.0,0.0,0.0,0.0,0.0,0.0,0.0,0.0,0.0,0.0,0.0,0.0,0.0,0.0,0.0,0.0,0.0
0.0,0.0,0.066666666666666652,0.0,0.0,0.0,0.066666666666666652,0.0,0.0,0.066666666666666652,0.1333333333333333,0.0,0.0,0.0,0.0,0.1333333333333333,0.1333333333333333,0.0,0.066666666666666652,0.0,0.0,0.0,0.0,0.0,0.0,0.0,0.0,0.0,0.0,0.0,0.0,0.0,0.0,0.0,0.0,0.0,0.0,0.0,0.0,0.0,0.0,0.0,0.0,0.0,0.0,0.0,0.0,0.0,0.0,0.0,0.066666666666666652,0.066666666666666652,0.0,0.1333333333333333,0.0,0.0,0.0,0.0,0.0,0.0,0.0,0.0,0.0,0.066666666666666652,0.0,0.0,0.0,0.0,0.0,0.0,0.0,0.0,0.0,0.0,0.0,0.0,0.0,0.0,0.0,0.0,0.0,0.0,0.0,0.0,0.0,0.0,0.0,0.0,0.0,0.0,0.0,0.0,0.0,0.0,0.0,0.0,0.0,0.0,0.0,0.0
0.0,0.11111111113991767,0.11111111113991767,0.0,0.037037037046639222,0.074074074093278444,0.0,0.037037037046639222,0.0,0.0,0.14814814792729764,0.0,0.0,0.11111111113991767,0.0,0.0,0.0,0.037037037046639222,0.0,0.074074074093278444,0.0,0.0,0.0,0.0,0.0,0.0,0.0,0.0,0.0,0.0,0.0,0.0,0.0,0.0,0.0,0.0,0.0,0.0,0.0,0.0,0.0,0.037037037046639222,0.0,0.0,0.0,0.0,0.0,0.0,0.074074074093278444,0.0,0.037037037046639222,0.0,0.0,0.0,0.0,0.0,0.037037037046639222,0.0,0.0,0.037037037046639222,0.0,0.0,0.0,0.0,0.0,0.0,0.0,0.0,0.0,0.0,0.0,0.0,0.037037037046639222,0.0,0.0,0.0,0.0,0.0,0.0,0.0,0.0,0.0,0.0,0.0,0.0,0.0,0.0,0.0,0.0,0.0,0.0,0.0,0.0,0.0,0.0,0.0,0.0,0.0,0.0,0.0
0.0,0.043478260882797722,0.086956521765595443,0.0,0.17391304322684306,0.043478260882797722,0.13043478264839317,0.0,0.043478260882797722,0.0,0.043478260882797722,0.0,0.13043478264839317,0.0,0.043478260882797722,0.0,0.0,0.043478260882797722,0.0,0.0,0.0,0.0,0.0,0.043478260882797722,0.0,0.0,0.0,0.043478260882797722,0.0,0.0,0.043478260882797722,0.0,0.0,0.0,0.0,0.0,0.0,0.0,0.0,0.0,0.0,0.0,0.0,0.0,0.0,0.0,0.0,0.0,0.0,0.0,0.0,0.0,0.0,0.0,0.0,0.0,0.0,0.0,0.043478260882797722,0.043478260882797722,0.0,0.0,0.0,0.0,0.0,0.0,0.0,0.0,0.0,0.0,0.0,0.0,0.0,0.0,0.0,0.0,0.0,0.0,0.0,0.0,0.0,0.0,0.0,0.0,0.0,0.0,0.0,0.0,0.0,0.0,0.0,0.0,0.0,0.0,0.0,0.0,0.0,0.0,0.0,0.0
0.0,0.038461538471893479,0.038461538471893479,0.038461538471893479,0.076923076943786958,0.038461538471893479,0.038461538471893479,0.038461538471893479,0.19230769209023663,0.038461538471893479,0.0,0.0,0.038461538471893479,0.076923076943786958,0.0,0.0,0.038461538471893479,0.076923076943786958,0.0,0.038461538471893479,0.0,0.0,0.0,0.0,0.0,0.0,0.0,0.0,0.0,0.0,0.0,0.0,0.0,0.0,0.0,0.0,0.0,0.0,0.0,0.0,0.0,0.0,0.0,0.0,0.0,0.0,0.0,0.0,0.0,0.0,0.0,0.0,0.0,0.0,0.038461538471893479,0.038461538471893479,0.038461538471893479,0.038461538471893479,0.0,0.0,0.0,0.0,0.0,0.0,0.0,0.0,0.0,0.0,0.0,0.0,0.0,0.0,0.0,0.0,0.0,0.0,0.0,0.0,0.0,0.0,0.0,0.0,0.0,0.0,0.0,0.038461538471893479,0.0,0.0,0.0,0.0,0.0,0.0,0.0,0.0,0.0,0.0,0.0,0.0,0.0,0.0
0.0,0.0,0.0,0.0,0.0,0.0,0.0,0.062499999999999986,0.0,0.0,0.0,0.0,0.0,0.0,0.0,0.0,0.0,0.0,0.062499999999999986,0.0,0.0,0.0,0.0,0.0,0.0,0.0,0.0,0.062499999999999986,0.0,0.0,0.0,0.0,0.0,0.062499999999999986,0.0,0.0,0.0,0.0,0.0,0.0,0.0,0.0,0.0,0.062499999999999986,0.0,0.0,0.0,0.062499999999999986,0.062499999999999986,0.0,0.0,0.0,0.18749999999999997,0.0,0.0,0.0,0.0,0.062499999999999986,0.0,0.062499999999999986,0.0,0.0,0.0,0.0,0.0,0.0,0.0,0.0,0.0,0.0,0.0,0.0,0.0,0.0,0.0,0.0,0.0,0.0,0.0,0.062499999999999986,0.0,0.0,0.0,0.0,0.0,0.062499999999999986,0.0,0.0,0.062499999999999986,0.0,0.0,0.0,0.0,0.0,0.062499999999999986,0.0,0.0,0.0,0.0,0.0
0.0,0.0,0.032258064530697197,0.16129032242767952,0.064516129061394395,0.064516129061394395,0.032258064530697197,0.0,0.0,0.12903225789698233,0.032258064530697197,0.0,0.0,0.0,0.0,0.0,0.096774193592091592,0.032258064530697197,0.032258064530697197,0.032258064530697197,0.0,0.0,0.0,0.0,0.0,0.0,0.0,0.0,0.0,0.032258064530697197,0.0,0.0,0.0,0.0,0.0,0.032258064530697197,0.0,0.0,0.032258064530697197,0.0,0.0,0.0,0.064516129061394395,0.0,0.0,0.032258064530697197,0.0,0.0,0.0,0.0,0.0,0.0,0.0,0.0,0.0,0.0,0.032258064530697197,0.0,0.032258064530697197,0.0,0.0,0.0,0.0,0.032258064530697197,0.0,0.0,0.0,0.0,0.0,0.0,0.0,0.0,0.0,0.0,0.0,0.0,0.0,0.0,0.0,0.0,0.0,0.0,0.0,0.0,0.0,0.0,0.0,0.0,0.0,0.0,0.0,0.0,0.0,0.0,0.0,0.0,0.0,0.0,0.0,0.0
0.0,0.045454545454545449,0.045454545454545449,0.0,0.045454545454545449,0.0,0.0,0.045454545454545449,0.13636363636363635,0.0,0.045454545454545449,0.0,0.0,0.0,0.045454545454545449,0.0,0.0,0.0,0.0,0.0,0.0,0.0,0.0,0.0,0.0,0.0,0.0,0.0,0.0,0.0,0.0,0.0,0.0,0.0,0.0,0.0,0.0,0.0,0.0,0.0,0.0,0.0,0.0,0.045454545454545449,0.0,0.0,0.0,0.045454545454545449,0.090909090909090898,0.045454545454545449,0.090909090909090898,0.0,0.0,0.045454545454545449,0.0,0.045454545454545449,0.0,0.13636363636363635,0.0,0.0,0.0,0.0,0.0,0.0,0.0,0.045454545454545449,0.0,0.0,0.0,0.0,0.0,0.0,0.0,0.0,0.0,0.0,0.0,0.0,0.0,0.0,0.0,0.0,0.0,0.0,0.0,0.0,0.0,0.0,0.0,0.0,0.0,0.0,0.0,0.0,0.0,0.0,0.0,0.0,0.0,0.0
0.0,0.0,0.1111111111111111,0.0,0.0,0.0,0.1111111111111111,0.1111111111111111,0.0,0.1111111111111111,0.0,0.0,0.0,0.0,0.0,0.0,0.0,0.0,0.0,0.0,0.0,0.0,0.0,0.0,0.0,0.0,0.0,0.1111111111111111,0.0,0.0,0.0,0.0,0.0,0.0,0.1111111111111111,0.0,0.0,0.0,0.0,0.0,0.1111111111111111,0.0,0.0,0.0,0.0,0.0,0.0,0.0,0.0,0.0,0.0,0.0,0.0,0.0,0.1111111111111111,0.0,0.0,0.0,0.0,0.0,0.0,0.0,0.0,0.0,0.0,0.0,0.0,0.0,0.0,0.0,0.1111111111111111,0.0,0.0,0.0,0.0,0.0,0.0,0.0,0.0,0.0,0.0,0.0,0.0,0.0,0.0,0.0,0.0,0.0,0.0,0.0,0.0,0.0,0.0,0.0,0.0,0.0,0.0,0.0,0.0,0.0
0.0,0.0,0.0,0.0,0.0,0.066666666666666666,0.066666666666666666,0.066666666666666666,0.0,0.066666666666666666,0.066666666666666666,0.0,0.0,0.066666666666666666,0.0,0.0,0.0,0.20000000000000001,0.066666666666666666,0.0,0.0,0.0,0.0,0.0,0.0,0.0,0.0,0.0,0.0,0.0,0.0,0.0,0.0,0.0,0.0,0.0,0.0,0.0,0.0,0.0,0.0,0.0,0.0,0.0,0.0,0.066666666666666666,0.0,0.0,0.0,0.0,0.0,0.0,0.0,0.13333333333333333,0.0,0.0,0.066666666666666666,0.066666666666666666,0.0,0.0,0.0,0.0,0.0,0.0,0.0,0.0,0.0,0.0,0.0,0.0,0.0,0.0,0.0,0.0,0.0,0.0,0.0,0.0,0.0,0.0,0.0,0.0,0.0,0.0,0.0,0.0,0.0,0.0,0.0,0.0,0.0,0.0,0.0,0.0,0.0,0.0,0.0,0.0,0.0,0.0
0.18750000008203124,0.0,0.0,0.24999999967187497,0.0,0.062500000027343738,0.0,0.062500000027343738,0.0,0.0,0.0,0.0,0.062500000027343738,0.062500000027343738,0.0,0.0,0.0,0.0,0.0,0.12500000005468748,0.0,0.0,0.0,0.0,0.0,0.0,0.0,0.0,0.0,0.0,0.0,0.062500000027343738,0.0,0.0,0.0,0.0,0.0,0.0,0.0,0.0,0.0,0.0,0.0,0.062500000027343738,0.0,0.0,0.062500000027343738,0.0,0.0,0.0,0.0,0.0,0.0,0.0,0.0,0.0,0.0,0.0,0.0,0.0,0.0,0.0,0.0,0.0,0.0,0.0,0.0,0.0,0.0,0.0,0.0,0.0,0.0,0.0,0.0,0.0,0.0,0.0,0.0,0.0,0.0,0.0,0.0,0.0,0.0,0.0,0.0,0.0,0.0,0.0,0.0,0.0,0.0,0.0,0.0,0.0,0.0,0.0,0.0,0.0
0.0,0.0769230769230769,0.1538461538461538,0.0769230769230769,0.0,0.0769230769230769,0.0769230769230769,0.0,0.0,0.0769230769230769,0.0769230769230769,0.0,0.0,0.0,0.0,0.0769230769230769,0.0,0.0,0.0769230769230769,0.0,0.0,0.0,0.0,0.0,0.0,0.0,0.0,0.0,0.0,0.0,0.0,0.0,0.0,0.0,0.0,0.0,0.0,0.0,0.0,0.0,0.0,0.0,0.0,0.0,0.0,0.0,0.0,0.0,0.0,0.0,0.0,0.0,0.0,0.0,0.0769230769230769,0.0,0.0,0.0,0.0,0.0,0.0,0.0,0.0,0.0,0.0,0.0,0.0,0.0,0.0,0.0,0.0,0.0,0.0,0.0,0.0,0.0,0.0,0.0,0.0,0.0,0.0,0.0,0.0,0.0,0.0769230769230769,0.0,0.0,0.0,0.0,0.0,0.0,0.0,0.0,0.0769230769230769,0.0,0.0,0.0,0.0,0.0,0.0
0.0,0.1333333333333333,0.0,0.0,0.066666666666666652,0.066666666666666652,0.19999999999999998,0.0,0.0,0.0,0.0,0.066666666666666652,0.066666666666666652,0.0,0.0,0.0,0.0,0.0,0.0,0.1333333333333333,0.0,0.0,0.0,0.0,0.0,0.0,0.0,0.0,0.0,0.066666666666666652,0.0,0.0,0.0,0.0,0.0,0.0,0.0,0.0,0.0,0.0,0.0,0.0,0.0,0.0,0.0,0.0,0.066666666666666652,0.0,0.0,0.0,0.0,0.066666666666666652,0.0,0.0,0.066666666666666652,0.0,0.0,0.0,0.0,0.0,0.0,0.0,0.0,0.0,0.0,0.0,0.0,0.0,0.0,0.0,0.0,0.0,0.0,0.0,0.0,0.0,0.0,0.0,0.0,0.0,0.0,0.0,0.0,0.0,0.0,0.0,0.0,0.0,0.0,0.0,0.0,0.0,0.0,0.0,0.0,0.0,0.0,0.0,0.0,0.0
0.062499999999999986,0.0,0.12499999999999997,0.0,0.12499999999999997,0.062499999999999986,0.12499999999999997,0.062499999999999986,0.0,0.0,0.0,0.0,0.0,0.0,0.0,0.062499999999999986,0.062499999999999986,0.0,0.18749999999999997,0.0,0.0,0.0,0.0,0.0,0.0,0.0,0.0,0.0,0.0,0.062499999999999986,0.0,0.0,0.0,0.0,0.0,0.0,0.0,0.0,0.0,0.0,0.0,0.0,0.0,0.0,0.0,0.0,0.0,0.0,0.0,0.0,0.0,0.0,0.0,0.0,0.0,0.0,0.062499999999999986,0.0,0.0,0.0,0.0,0.0,0.0,0.0,0.0,0.0,0.0,0.0,0.0,0.0,0.0,0.0,0.0,0.0,0.0,0.0,0.0,0.0,0.0,0.0,0.0,0.0,0.0,0.0,0.0,0.0,0.0,0.0,0.0,0.0,0.0,0.0,0.0,0.0,0.0,0.0,0.0,0.0,0.0,0.0
0.0,0.058823529435986149,0.0,0.0,0.0,0.0,0.058823529435986149,0.0,0.0,0.0,0.0,0.0,0.0,0.0,0.0,0.0,0.0,0.0,0.0,0.0,0.0,0.058823529435986149,0.0,0.1176470588719723,0.0,0.0,0.0,0.29411764676816604,0.058823529435986149,0.0,0.0,0.0,0.0,0.0,0.0,0.17647058830795845,0.0,0.0,0.0,0.0,0.0,0.0,0.0,0.0,0.0,0.0,0.0,0.058823529435986149,0.0,0.0,0.0,0.0,0.0,0.0,0.0,0.0,0.0,0.0,0.0,0.0,0.0,0.058823529435986149,0.0,0.0,0.0,0.0,0.0,0.0,0.0,0.0,0.0,0.0,0.0,0.0,0.0,0.0,0.0,0.0,0.0,0.0,0.0,0.0,0.0,0.0,0.0,0.0,0.0,0.0,0.0,0.0,0.0,0.0,0.0,0.058823529435986149,0.0,0.0,0.0,0.0,0.0,0.0
0.0,0.0,0.0,0.0,0.0,0.0,0.0,0.0,0.0,0.0,0.0,0.0,0.045454545483471061,0.0,0.0,0.0,0.0,0.0,0.0,0.0,0.0,0.0,0.090909090966942122,0.0,0.0,0.22727272709917351,0.0,0.0,0.0,0.0,0.0,0.0,0.0,0.0,0.045454545483471061,0.31818181806611562,0.0,0.045454545483471061,0.0,0.045454545483471061,0.0,0.0,0.0,0.0,0.0,0.0,0.0,0.0,0.0,0.0,0.0,0.0,0.0,0.0,0.0,0.0,0.0,0.0,0.0,0.0,0.0,0.0,0.0,0.0,0.0,0.0,0.090909090966942122,0.0,0.0,0.0,0.0,0.0,0.0,0.0,0.0,0.0,0.0,0.0,0.0,0.045454545483471061,0.0,0.0,0.0,0.0,0.0,0.0,0.0,0.0,0.0,0.0,0.0,0.0,0.0,0.045454545483471061,0.0,0.0,0.0,0.0,0.0,0.0
0.0,0.0,0.0,0.0,0.0,0.0,0.0,0.0,0.0,0.0,0.0,0.0,0.0,0.0,0.0,0.0,0.0,0.0,0.0,0.0,0.0,0.1538461538461538,0.0,0.0,0.0,0.1538461538461538,0.0,0.0,0.0769230769230769,0.0,0.0,0.0,0.0769230769230769,0.0,0.0,0.0,0.0769230769230769,0.0,0.0,0.0,0.0,0.0,0.0,0.0,0.0,0.0,0.0,0.0,0.0,0.0,0.0,0.0,0.0,0.0,0.0,0.0,0.0,0.0,0.0,0.0,0.0,0.0,0.0,0.0,0.0769230769230769,0.0,0.0,0.0,0.0,0.0,0.0769230769230769,0.0,0.0769230769230769,0.0,0.0,0.0,0.0,0.0769230769230769,0.0,0.0,0.0,0.0,0.0,0.0769230769230769,0.0,0.0,0.0,0.0,0.0,0.0,0.0,0.0,0.0,0.0,0.0,0.0,0.0,0.0769230769230769,0.0,0.0
0.035714285723214279,0.0,0.0,0.035714285723214279,0.0,0.035714285723214279,0.0,0.0,0.0,0.0,0.0,0.0,0.0,0.0,0.0,0.0,0.0,0.0,0.0,0.0,0.071428571446428557,0.0,0.0,0.0,0.071428571446428557,0.0,0.071428571446428557,0.035714285723214279,0.071428571446428557,0.0,0.035714285723214279,0.0,0.0,0.0,0.0,0.035714285723214279,0.1785714283660714,0.0,0.0,0.035714285723214279,0.0,0.0,0.0,0.0,0.0,0.0,0.0,0.0,0.0,0.0,0.0,0.0,0.0,0.0,0.0,0.0,0.0,0.0,0.0,0.0,0.0,0.0,0.0,0.035714285723214279,0.035714285723214279,0.0,0.035714285723214279,0.035714285723214279,0.0,0.035714285723214279,0.0,0.0,0.0,0.0,0.0,0.0,0.0,0.0,0.0,0.0,0.0,0.0,0.0,0.0,0.0,0.0,0.0,0.0,0.071428571446428557,0.0,0.035714285723214279,0.0,0.0,0.0,0.0,0.0,0.0,0.0,0.0,0.0
0.0,0.0,0.0,0.058823529435986149,0.0,0.0,0.0,0.0,0.0,0.0,0.0,0.0,0.0,0.0,0.0,0.0,0.0,0.0,0.0,0.0,0.0,0.0,0.0,0.23529411733217989,0.0,0.1176470588719723,0.058823529435986149,0.1176470588719723,0.0,0.0,0.0,0.0,0.0,0.058823529435986149,0.0,0.0,0.0,0.0,0.0,0.0,0.0,0.0,0.0,0.0,0.0,0.058823529435986149,0.0,0.0,0.0,0.0,0.0,0.0,0.0,0.0,0.0,0.0,0.0,0.0,0.0,0.058823529435986149,0.0,0.0,0.0,0.0,0.0,0.0,0.0,0.0,0.0,0.0,0.0,0.0,0.058823529435986149,0.0,0.0,0.0,0.0,0.0,0.0,0.0,0.0,0.0,0.0,0.0,0.0,0.0,0.0,0.0,0.058823529435986149,0.058823529435986149,0.0,0.0,0.0,0.0,0.0,0.0,0.0,0.058823529435986149,0.0,0.0
0.0,0.0,0.0,0.0,0.0,0.0,0.0,0.0,0.0,0.0,0.0,0.0,0.0,0.0,0.0,0.0,0.0,0.0,0.0,0.0,0.0,0.12000000003359997,0.080000000022399972,0.0,0.080000000022399972,0.0,0.0,0.040000000011199986,0.0,0.040000000011199986,0.040000000011199986,0.040000000011199986,0.15999999976479995,0.040000000011199986,0.040000000011199986,0.080000000022399972,0.0,0.0,0.0,0.0,0.0,0.040000000011199986,0.0,0.0,0.0,0.0,0.0,0.0,0.0,0.0,0.0,0.0,0.0,0.0,0.0,0.0,0.0,0.0,0.0,0.0,0.0,0.040000000011199986,0.0,0.040000000011199986,0.0,0.040000000011199986,0.0,0.0,0.0,0.0,0.0,0.0,0.0,0.0,0.0,0.0,0.0,0.0,0.0,0.0,0.0,0.0,0.0,0.0,0.0,0.0,0.0,0.0,0.040000000011199986,0.0,0.0,0.040000000011199986,0.0,0.0,0.0,0.0,0.0,0.0,0.0,0.0
0.0,0.0,0.0,0.0,0.0,0.0,0.0,0.0,0.0,0.0,0.0,0.0,0.0,0.0,0.0,0.0,0.0,0.0,0.0,0.0,0.058823529435986149,0.0,0.058823529435986149,0.0,0.0,0.0,0.0,0.0,0.058823529435986149,0.0,0.058823529435986149,0.0,0.0,0.0,0.1176470588719723,0.0,0.058823529435986149,0.0,0.0,0.0,0.0,0.0,0.0,0.0,0.0,0.0,0.0,0.0,0.0,0.0,0.0,0.0,0.0,0.0,0.0,0.0,0.0,0.058823529435986149,0.0,0.0,0.0,0.0,0.0,0.0,0.23529411733217989,0.0,0.0,0.0,0.0,0.0,0.0,0.058823529435986149,0.058823529435986149,0.0,0.0,0.0,0.058823529435986149,0.0,0.0,0.0,0.0,0.0,0.0,0.0,0.0,0.0,0.0,0.0,0.0,0.0,0.0,0.0,0.0,0.0,0.0,0.0,0.1176470588719723,0.0,0.0,0.0
0.0,0.0,0.0,0.0,0.0,0.0,0.0,0.0,0.0,0.0,0.0,0.0,0.0,0.0,0.0,0.0,0.0,0.0,0.0,0.0,0.24999999973749995,0.0,0.0,0.05000000001749999,0.10000000003499998,0.0,0.0,0.0,0.0,0.0,0.0,0.05000000001749999,0.10000000003499998,0.15000000005249997,0.0,0.0,0.0,0.0,0.0,0.0,0.0,0.0,0.0,0.0,0.0,0.0,0.0,0.0,0.0,0.0,0.0,0.0,0.0,0.0,0.0,0.0,0.0,0.0,0.0,0.0,0.0,0.0,0.0,0.0,0.0,0.0,0.0,0.0,0.0,0.0,0.0,0.05000000001749999,0.15000000005249997,0.0,0.10000000003499998,0.0,0.0,0.0,0.0,0.0,0.0,0.0,0.0,0.0,0.0,0.0,0.0,0.0,0.0,0.0,0.0,0.0,0.0,0.0,0.0,0.0,0.0,0.0,0.0,0.0
0.0,0.0,0.0,0.0,0.0,0.0,0.0,0.0,0.0,0.0,0.0,0.0,0.0,0.0,0.052631578947368404,0.0,0.0,0.0,0.0,0.0,0.0,0.0,0.0,0.052631578947368404,0.10526315789473681,0.0,0.052631578947368404,0.0,0.0,0.052631578947368404,0.15789473684210523,0.052631578947368404,0.052631578947368404,0.0,0.0,0.0,0.0,0.0,0.0,0.0,0.0,0.0,0.0,0.0,0.0,0.0,0.0,0.0,0.0,0.0,0.0,0.0,0.0,0.0,0.0,0.0,0.0,0.0,0.0,0.0,0.0,0.0,0.0,0.052631578947368404,0.0,0.0,0.0,0.0,0.0,0.052631578947368404,0.0,0.052631578947368404,0.0,0.0,0.0,0.0,0.052631578947368404,0.052631578947368404,0.0,0.0,0.0,0.0,0.0,0.0,0.0,0.0,0.0,0.0,0.052631578947368404,0.0,0.0,0.0,0.0,0.0,0.0,0.0,0.052631578947368404,0.052631578947368404,0.0,0.0
0.0,0.0,0.0,0.041666666678819443,0.041666666678819443,0.0,0.0,0.0,0.0,0.0,0.0,0.0,0.0,0.0,0.0,0.0,0.0,0.0,0.0,0.0,0.0,0.16666666642361111,0.0,0.0,0.0,0.083333333357638886,0.0,0.0,0.083333333357638886,0.0,0.0,0.0,0.0,0.0,0.041666666678819443,0.083333333357638886,0.0,0.041666666678819443,0.0,0.0,0.0,0.0,0.0,0.0,0.0,0.041666666678819443,0.0,0.0,0.0,0.0,0.0,0.0,0.0,0.0,0.0,0.083333333357638886,0.0,0.0,0.0,0.0,0.0,0.0,0.0,0.041666666678819443,0.0,0.0,0.0,0.0,0.041666666678819443,0.0,0.0,0.0,0.0,0.0,0.0,0.0,0.0,0.0,0.0,0.0,0.0,0.0,0.0,0.0,0.0,0.0,0.0,0.0,0.0,0.083333333357638886,0.0,0.0,0.0,0.0,0.0,0.0,0.0,0.12500000003645834,0.0,0.0
0.0,0.0,0.055555555577160486,0.0,0.0,0.0,0.0,0.0,0.0,0.0,0.0,0.0,0.0,0.0,0.0,0.0,0.0,0.0,0.0,0.0,0.0,0.0,0.0,0.0,0.055555555577160486,0.0,0.055555555577160486,0.0,0.0,0.0,0.0,0.0,0.0,0.0,0.055555555577160486,0.0,0.0,0.0,0.0,0.0,0.0,0.0,0.0,0.0,0.0,0.0,0.0,0.0,0.0,0.0,0.0,0.0,0.0,0.0,0.0,0.0,0.0,0.0,0.0,0.0,0.0,0.055555555577160486,0.055555555577160486,0.0,0.0,0.0,0.0,0.0,0.0,0.0,0.0,0.055555555577160486,0.3888888886512345,0.0,0.0,0.0,0.11111111115432097,0.0,0.0,0.0,0.0,0.0,0.0,0.0,0.0,0.0,0.0,0.0,0.0,0.055555555577160486,0.0,0.0,0.0,0.055555555577160486,0.0,0.0,0.0,0.0,0.0,0.0
0.0,0.0,0.0,0.038461538482248515,0.0,0.0,0.0,0.0,0.0,0.0,0.0,0.0,0.038461538482248515,0.0,0.0,0.0,0.0,0.0,0.0,0.0,0.0,0.0,0.038461538482248515,0.0,0.0,0.038461538482248515,0.0,0.0,0.0,0.0,0.0,0.0,0.038461538482248515,0.23076923062426033,0.038461538482248515,0.0,0.0,0.0,0.30769230758875737,0.0,0.0,0.038461538482248515,0.0,0.038461538482248515,0.0,0.0,0.0,0.0,0.0,0.0,0.0,0.0,0.0,0.0,0.0,0.0,0.0,0.0,0.0,0.0,0.0,0.0,0.0,0.0,0.0,0.0,0.038461538482248515,0.0,0.038461538482248515,0.0,0.0,0.0,0.0,0.0,0.0,0.0,0.038461538482248515,0.0,0.0,0.0,0.0,0.0,0.0,0.0,0.0,0.0,0.0,0.0,0.0,0.0,0.0,0.0,0.0,0.0,0.038461538482248515,0.0,0.0,0.0,0.0,0.0
0.0,0.0,0.0,0.0,0.0,0.0,0.0,0.0,0.0,0.0,0.0,0.0,0.0,0.0,0.0,0.0,0.0,0.0,0.0,0.0,0.0,0.0,0.16666666666666663,0.0,0.0,0.083333333333333315,0.0,0.0,0.083333333333333315,0.083333333333333315,0.0,0.24999999999999997,0.0,0.0,0.083333333333333315,0.0,0.0,0.083333333333333315,0.0,0.0,0.0,0.083333333333333315,0.0,0.0,0.0,0.0,0.0,0.0,0.0,0.0,0.0,0.0,0.0,0.0,0.0,0.0,0.0,0.0,0.0,0.0,0.0,0.0,0.0,0.0,0.0,0.0,0.0,0.0,0.0,0.0,0.0,0.0,0.0,0.0,0.0,0.0,0.0,0.0,0.0,0.0,0.0,0.0,0.0,0.0,0.0,0.0,0.0,0.0,0.0,0.0,0.0,0.0,0.0,0.0,0.0,0.0,0.0,0.0,0.0,0.083333333333333315
0.0,0.0,0.0,0.0,0.0,0.0,0.0,0.0,0.0,0.0,0.0,0.0,0.0,0.0,0.0,0.0,0.0,0.0,0.0,0.0,0.0,0.0,0.0,0.055555555577160486,0.055555555577160486,0.0,0.0,0.055555555577160486,0.0,0.055555555577160486,0.0,0.27777777749691351,0.0,0.0,0.0,0.055555555577160486,0.0,0.0,0.0,0.0,0.0,0.0,0.0,0.0,0.0,0.0,0.0,0.0,0.0,0.0,0.0,0.0,0.0,0.0,0.055555555577160486,0.055555555577160486,0.0,0.0,0.0,0.0,0.0,0.055555555577160486,0.0,0.055555555577160486,0.0,0.0,0.0,0.055555555577160486,0.0,0.0,0.055555555577160486,0.0,0.0,0.0,0.055555555577160486,0.0,0.0,0.0,0.0,0.0,0.0,0.0,0.0,0.0,0.0,0.055555555577160486,0.0,0.0,0.0,0.0,0.0,0.0,0.0,0.0,0.0,0.0,0.0,0.0,0.0,0.0
0.0,0.05000000001749999,0.0,0.0,0.0,0.0,0.0,0.0,0.0,0.0,0.0,0.0,0.05000000001749999,0.0,0.0,0.0,0.0,0.0,0.0,0.0,0.10000000003499998,0.05000000001749999,0.0,0.0,0.0,0.0,0.10000000003499998,0.05000000001749999,0.05000000001749999,0.0,0.0,0.05000000001749999,0.05000000001749999,0.0,0.0,0.05000000001749999,0.0,0.19999999971999996,0.0,0.0,0.0,0.0,0.0,0.0,0.0,0.0,0.0,0.0,0.0,0.0,0.05000000001749999,0.0,0.05000000001749999,0.0,0.0,0.0,0.0,0.0,0.0,0.0,0.05000000001749999,0.0,0.0,0.0,0.0,0.0,0.05000000001749999,0.0,0.0,0.0,0.0,0.0,0.0,0.0,0.0,0.0,0.0,0.0,0.0,0.0,0.0,0.0,0.0,0.0,0.0,0.0,0.0,0.0,0.0,0.0,0.0,0.0,0.0,0.0,0.0,0.0,0.0,0.0,0.0,0.0
0.0,0.0,0.0,0.0,0.0,0.0,0.0,0.0,0.0,0.0,0.0,0.0,0.040000000011199986,0.0,0.0,0.0,0.0,0.0,0.0,0.0,0.0,0.2799999997983999,0.0,0.040000000011199986,0.0,0.12000000003359997,0.0,0.0,0.0,0.080000000022399972,0.0,0.080000000022399972,0.0,0.040000000011199986,0.080000000022399972,0.0,0.0,0.0,0.080000000022399972,0.0,0.0,0.0,0.0,0.0,0.0,0.080000000022399972,0.0,0.0,0.0,0.0,0.0,0.0,0.0,0.0,0.0,0.0,0.0,0.0,0.0,0.0,0.0,0.0,0.0,0.0,0.0,0.0,0.0,0.0,0.0,0.0,0.0,0.0,0.0,0.0,0.0,0.0,0.0,0.0,0.0,0.0,0.0,0.0,0.0,0.0,0.0,0.0,0.040000000011199986,0.0,0.0,0.0,0.0,0.0,0.0,0.0,0.040000000011199986,0.0,0.0,0.0,0.0,0.0
0.035714285741071425,0.0,0.0,0.0,0.0,0.0,0.0,0.0,0.0,0.0,0.0,0.0,0.035714285741071425,0.0,0.0,0.0,0.0,0.0,0.0,0.0,0.0,0.0,0.0,0.17857142845535712,0.0,0.0,0.0,0.0,0.0,0.035714285741071425,0.0,0.0,0.0,0.0,0.0,0.0,0.0,0.0,0.0,0.0,0.0,0.0,0.0,0.0,0.0,0.0,0.035714285741071425,0.0,0.0,0.0,0.0,0.0,0.0,0.0,0.0,0.0,0.0,0.0,0.0,0.0,0.0,0.0,0.0,0.0,0.35714285716071426,0.0,0.24999999993749999,0.0,0.0,0.0,0.0,0.0,0.0,0.0,0.0,0.0,0.0,0.0,0.0,0.0,0.0,0.035714285741071425,0.0,0.0,0.035714285741071425,0.0,0.0,0.0,0.0,0.0,0.0,0.0,0.0,0.0,0.0,0.0,0.0,0.0,0.0,0.0
0.0,0.0,0.0,0.0,0.0,0.0,0.0,0.0,0.0,0.0,0.0,0.0,0.0,0.0,0.0,0.0,0.0,0.0,0.0,0.0,0.29411764688927339,0.0,0.0,0.0,0.0,0.0,0.058823529460207614,0.0,0.0,0.0,0.0,0.0,0.0,0.0,0.11764705892041523,0.0,0.0,0.0,0.0,0.058823529460207614,0.0,0.0,0.0,0.0,0.0,0.0,0.0,0.0,0.0,0.0,0.0,0.0,0.0,0.0,0.0,0.0,0.0,0.0,0.0,0.0,0.0,0.0,0.0,0.0,0.0,0.0,0.11764705892041523,0.0,0.0,0.0,0.23529411742906575,0.0,0.0,0.0,0.058823529460207614,0.0,0.0,0.0,0.0,0.0,0.0,0.0,0.0,0.0,0.0,0.0,0.0,0.0,0.0,0.0,0.0,0.0,0.0,0.058823529460207614,0.0,0.0,0.0,0.0,0.0,0.0
0.0,0.0,0.071428571464285703,0.0,0.0,0.0,0.0,0.0,0.0,0.0,0.0,0.0,0.071428571464285703,0.0,0.0,0.0,0.071428571464285703,0.0,0.0,0.0,0.0,0.0,0.0,0.0,0.071428571464285703,0.21428571439285712,0.0,0.0,0.0,0.0,0.0,0.28571428535714283,0.0,0.0,0.0,0.0,0.0,0.0,0.0,0.0,0.0,0.071428571464285703,0.0,0.0,0.0,0.0,0.0,0.0,0.0,0.0,0.0,0.0,0.0,0.071428571464285703,0.0,0.0,0.0,0.0,0.0,0.0,0.0,0.0,0.0,0.0,0.0,0.0,0.0,0.0,0.0,0.0,0.0,0.0,0.0,0.071428571464285703,0.0,0.0,0.0,0.0,0.0,0.0,0.0,0.0,0.0,0.0,0.0,0.0,0.0,0.0,0.0,0.0,0.0,0.0,0.0,0.0,0.0,0.0,0.0,0.0,0.0,0.0
0.0,0.0,0.0,0.0,0.0,0.0,0.0,0.0,0.0,0.0,0.0,0.0,0.0,0.0,0.0,0.0,0.0,0.0,0.0,0.0,0.0769230769230769,0.0,0.0769230769230769,0.0769230769230769,0.0,0.0,0.0,0.0,0.0,0.0769230769230769,0.0,0.0,0.0,0.0,0.0,0.0,0.0,0.0769230769230769,0.0,0.0,0.0,0.0,0.0,0.0,0.0,0.0,0.0,0.0,0.0,0.0,0.0,0.0,0.0,0.0,0.0,0.1538461538461538,0.0,0.0,0.0,0.0,0.0769230769230769,0.0,0.0,0.0,0.0,0.0,0.0,0.0769230769230769,0.0,0.0,0.0769230769230769,0.0,0.0,0.0,0.0,0.0,0.0,0.0,0.0,0.0769230769230769,0.0,0.0,0.0,0.0,0.0,0.0,0.0,0.0769230769230769,0.0,0.0,0.0,0.0,0.0,0.0,0.0,0.0,0.0,0.0,0.0769230769230769,0.0
0.071428571428571438,0.0,0.071428571428571438,0.0,0.0,0.0,0.0,0.0,0.071428571428571438,0.0,0.0,0.0,0.0,0.14285714285714288,0.071428571428571438,0.0,0.0,0.0,0.0,0.0,0.0,0.0,0.0,0.0,0.0,0.0,0.0,0.0,0.0,0.0,0.0,0.0,0.0,0.0,0.0,0.0,0.0,0.0,0.0,0.0,0.0,0.0,0.0,0.0,0.071428571428571438,0.071428571428571438,0.0,0.0,0.14285714285714288,0.0,0.0,0.0,0.0,0.071428571428571438,0.0,0.0,0.0,0.0,0.0,0.0,0.0,0.0,0.0,0.0,0.0,0.0,0.0,0.0,0.0,0.0,0.0,0.0,0.0,0.0,0.0,0.0,0.0,0.0,0.0,0.0,0.0,0.0,0.14285714285714288,0.0,0.0,0.0,0.0,0.0,0.0,0.0,0.0,0.0,0.0,0.071428571428571438,0.0,0.0,0.0,0.0,0.0,0.0
0.0,0.0,0.0,0.0,0.0,0.0,0.0,0.0,0.0,0.0,0.052631578966758998,0.0,0.0,0.052631578966758998,0.0,0.0,0.052631578966758998,0.0,0.0,0.0,0.0,0.0,0.0,0.0,0.0,0.0,0.0,0.0,0.0,0.0,0.0,0.0,0.0,0.0,0.0,0.0,0.0,0.0,0.0,0.0,0.0,0.0,0.0,0.0,0.0,0.0,0.0,0.052631578966758998,0.0,0.052631578966758998,0.105263157933518,0.0,0.21052631549861495,0.0,0.0,0.0,0.0,0.105263157933518,0.052631578966758998,0.0,0.0,0.0,0.0,0.0,0.0,0.0,0.0,0.0,0.0,0.0,0.0,0.0,0.0,0.0,0.0,0.052631578966758998,0.0,0.0,0.0,0.0,0.0,0.0,0.052631578966758998,0.0,0.0,0.052631578966758998,0.0,0.0,0.0,0.0,0.0,0.0,0.0,0.0,0.0,0.105263157933518,0.0,0.0,0.0,0.0
0.0,0.0,0.0,0.0,0.0,0.0,0.040000000011199993,0.0,0.0,0.0,0.0,0.0,0.080000000022399986,0.0,0.0,0.0,0.0,0.0,0.0,0.0,0.0,0.040000000011199993,0.0,0.0,0.0,0.0,0.0,0.0,0.040000000011199993,0.0,0.0,0.0,0.0,0.0,0.0,0.0,0.0,0.0,0.0,0.0,0.0,0.0,0.0,0.040000000011199993,0.19999999977599997,0.0,0.0,0.0,0.0,0.0,0.0,0.0,0.0,0.080000000022399986,0.040000000011199993,0.040000000011199993,0.0,0.0,0.040000000011199993,0.0,0.0,0.0,0.0,0.0,0.0,0.0,0.0,0.0,0.0,0.0,0.0,0.0,0.0,0.0,0.0,0.0,0.0,0.0,0.0,0.040000000011199993,0.040000000011199993,0.0,0.040000000011199993,0.040000000011199993,0.0,0.0,0.0,0.0,0.040000000011199993,0.0,0.0,0.0,0.040000000011199993,0.0,0.040000000011199993,0.0,0.080000000022399986,0.0,0.0,0.0
0.0,0.0,0.0,0.0,0.0,0.0,0.0,0.0,0.0,0.0,0.0,0.0,0.0,0.045454545483471075,0.0,0.0,0.0,0.0,0.0,0.0,0.0,0.0,0.0,0.0,0.0,0.045454545483471075,0.0,0.0,0.0,0.0,0.0,0.0,0.0,0.0,0.0,0.0,0.0,0.0,0.0,0.0,0.0,0.0,0.18181818161570248,0.0,0.045454545483471075,0.0,0.045454545483471075,0.0,0.0,0.0,0.0,0.0,0.0,0.0,0.0,0.0,0.0,0.0,0.0,0.0,0.0,0.0,0.0,0.0,0.0,0.0,0.0,0.0,0.0,0.0,0.0,0.045454545483471075,0.0,0.0,0.0,0.0,0.0,0.045454545483471075,0.0,0.045454545483471075,0.0,0.0,0.0,0.0,0.045454545483471075,0.0,0.0,0.0,0.090909090966942149,0.0,0.13636363645041324,0.0,0.0,0.0,0.0,0.22727272709917357,0.0,0.0,0.0,0.0
0.0,0.0,0.0,0.0,0.0,0.0,0.0,0.0,0.0,0.0,0.0,0.0,0.0,0.0,0.0,0.0,0.0,0.0,0.0,0.0,0.0,0.0,0.0,0.0,0.0,0.0,0.0,0.0,0.0,0.062500000027343725,0.0,0.0,0.0,0.0,0.0,0.0,0.0,0.0,0.0,0.0,0.0,0.062500000027343725,0.37499999972656239,0.062500000027343725,0.0,0.062500000027343725,0.062500000027343725,0.0,0.062500000027343725,0.0,0.0,0.0,0.0,0.0,0.0,0.062500000027343725,0.0,0.0,0.0,0.0,0.0,0.0,0.0,0.0,0.0,0.0,0.0,0.0,0.0,0.0,0.0,0.0,0.0,0.0,0.0,0.0,0.0,0.0,0.0,0.0,0.0,0.0,0.0,0.0,0.0,0.0,0.0,0.0,0.12500000005468745,0.0,0.0,0.0,0.0,0.062500000027343725,0.0,0.0,0.0,0.0,0.0,0.0
0.0,0.15789473684210525,0.0,0.0,0.052631578947368418,0.0,0.0,0.0,0.0,0.0,0.0,0.0,0.052631578947368418,0.0,0.0,0.052631578947368418,0.0,0.0,0.052631578947368418,0.10526315789473684,0.0,0.0,0.0,0.0,0.0,0.0,0.0,0.0,0.0,0.10526315789473684,0.0,0.0,0.0,0.0,0.10526315789473684,0.10526315789473684,0.0,0.0,0.0,0.0,0.052631578947368418,0.0,0.0,0.0,0.0,0.0,0.0,0.0,0.052631578947368418,0.0,0.0,0.0,0.0,0.0,0.0,0.0,0.052631578947368418,0.0,0.0,0.0,0.0,0.0,0.0,0.0,0.0,0.0,0.0,0.0,0.0,0.0,0.0,0.0,0.0,0.0,0.0,0.0,0.0,0.0,0.0,0.0,0.0,0.0,0.0,0.0,0.0,0.0,0.0,0.0,0.052631578947368418,0.0,0.0,0.0,0.0,0.0,0.0,0.0,0.0,0.0,0.0,0.0
0.0,0.0,0.058823529435986149,0.0,0.0,0.0,0.0,0.0,0.0,0.0,0.0,0.058823529435986149,0.058823529435986149,0.0,0.0,0.0,0.0,0.0,0.0,0.0,0.0,0.0,0.0,0.0,0.0,0.0,0.0,0.0,0.0,0.0,0.0,0.0,0.0,0.0,0.0,0.0,0.058823529435986149,0.0,0.0,0.0,0.0,0.0,0.0,0.0,0.1176470588719723,0.0,0.0,0.0,0.0,0.0,0.0,0.0,0.058823529435986149,0.0,0.0,0.0,0.0,0.0,0.0,0.0,0.0,0.0,0.058823529435986149,0.0,0.0,0.0,0.0,0.0,0.0,0.0,0.0,0.0,0.0,0.0,0.0,0.0,0.0,0.0,0.35294117620415222,0.0,0.0,0.1176470588719723,0.0,0.0,0.0,0.0,0.0,0.0,0.058823529435986149,0.0,0.0,0.0,0.0,0.0,0.0,0.0,0.0,0.0,0.0,0.0
0.0,0.0,0.0,0.0,0.052631578966758991,0.0,0.0,0.0,0.0,0.0,0.0,0.0,0.0,0.0,0.0,0.0,0.0,0.0,0.0,0.0,0.0,0.0,0.052631578966758991,0.0,0.0,0.0,0.0,0.0,0.0,0.0,0.0,0.0,0.0,0.0,0.052631578966758991,0.0,0.0,0.0,0.0,0.0,0.0,0.052631578966758991,0.0,0.0,0.052631578966758991,0.0,0.0,0.0,0.0,0.0,0.0,0.0,0.052631578966758991,0.0,0.052631578966758991,0.0,0.0,0.0,0.0,0.0,0.0,0.0,0.0,0.0,0.052631578966758991,0.0,0.0,0.0,0.0,0.0,0.0,0.0,0.0,0.0,0.0,0.0,0.0,0.0,0.0,0.0,0.21052631549861492,0.0,0.10526315793351798,0.0,0.10526315793351798,0.0,0.0,0.052631578966758991,0.052631578966758991,0.0,0.0,0.0,0.052631578966758991,0.0,0.0,0.0,0.0,0.0,0.0,0.0
0.0,0.0,0.095238095238095205,0.047619047619047603,0.0,0.047619047619047603,0.0,0.0,0.095238095238095205,0.047619047619047603,0.0,0.0,0.0,0.095238095238095205,0.047619047619047603,0.0,0.0,0.0,0.0,0.0,0.0,0.0,0.0,0.0,0.0,0.0,0.0,0.0,0.0,0.0,0.0,0.0,0.0,0.0,0.0,0.0,0.0,0.0,0.0,0.0,0.095238095238095205,0.0,0.047619047619047603,0.0,0.047619047619047603,0.0,0.0,0.047619047619047603,0.0,0.0,0.047619047619047603,0.047619047619047603,0.0,0.047619047619047603,0.0,0.0,0.0,0.0,0.0,0.0,0.0,0.0,0.047619047619047603,0.0,0.0,0.0,0.0,0.0,0.0,0.0,0.0,0.0,0.0,0.0,0.0,0.047619047619047603,0.0,0.0,0.0,0.0,0.047619047619047603,0.0,0.0,0.0,0.0,0.0,0.0,0.0,0.0,0.0,0.0,0.0,0.0,0.0,0.0,0.0,0.0,0.0,0.0,0.0
0.0,0.0,0.0,0.0,0.0,0.0,0.0,0.0,0.0,0.0,0.0,0.0,0.099999999999999992,0.0,0.0,0.0,0.0,0.0,0.0,0.0,0.0,0.0,0.0,0.0,0.0,0.0,0.0,0.0,0.0,0.0,0.0,0.0,0.0,0.0,0.0,0.0,0.0,0.0,0.0,0.0,0.0,0.0,0.099999999999999992,0.0,0.0,0.0,0.0,0.0,0.0,0.0,0.0,0.0,0.099999999999999992,0.0,0.0,0.0,0.0,0.0,0.0,0.0,0.0,0.0,0.0,0.0,0.0,0.0,0.0,0.0,0.0,0.0,0.0,0.099999999999999992,0.0,0.0,0.0,0.0,0.0,0.0,0.0,0.0,0.099999999999999992,0.099999999999999992,0.099999999999999992,0.099999999999999992,0.0,0.0,0.0,0.0,0.0,0.0,0.099999999999999992,0.0,0.0,0.0,0.099999999999999992,0.0,0.0,0.0,0.0,0.0
0.050000000017500004,0.050000000017500004,0.19999999972000002,0.0,0.0,0.050000000017500004,0.0,0.050000000017500004,0.0,0.0,0.0,0.0,0.0,0.10000000003500001,0.0,0.0,0.0,0.0,0.0,0.0,0.0,0.0,0.0,0.0,0.0,0.0,0.0,0.0,0.0,0.0,0.0,0.0,0.0,0.0,0.0,0.0,0.0,0.0,0.0,0.0,0.050000000017500004,0.10000000003500001,0.0,0.0,0.050000000017500004,0.0,0.0,0.0,0.0,0.0,0.0,0.050000000017500004,0.0,0.0,0.0,0.0,0.0,0.15000000005250003,0.0,0.0,0.0,0.0,0.0,0.0,0.0,0.0,0.0,0.0,0.0,0.0,0.0,0.0,0.0,0.0,0.0,0.0,0.0,0.0,0.0,0.0,0.0,0.0,0.050000000017500004,0.0,0.0,0.0,0.0,0.0,0.0,0.0,0.0,0.0,0.0,0.050000000017500004,0.0,0.0,0.0,0.0,0.0,0.0
0.0,0.0,0.49999999970833331,0.0,0.0,0.0,0.0,0.0,0.0,0.0,0.0,0.0,0.0,0.0,0.08333333338194443,0.0,0.0,0.08333333338194443,0.0,0.0,0.0,0.0,0.0,0.0,0.0,0.0,0.0,0.0,0.0,0.0,0.0,0.0,0.0,0.0,0.0,0.0,0.0,0.0,0.0,0.0,0.0,0.0,0.0,0.0,0.0,0.0,0.0,0.0,0.16666666676388886,0.0,0.08333333338194443,0.0,0.0,0.0,0.0,0.0,0.0,0.0,0.0,0.0,0.0,0.0,0.0,0.0,0.0,0.0,0.0,0.08333333338194443,0.0,0.0,0.0,0.0,0.0,0.0,0.0,0.0,0.0,0.0,0.0,0.0,0.0,0.0,0.0,0.0,0.0,0.0,0.0,0.0,0.0,0.0,0.0,0.0,0.0,0.0,0.0,0.0,0.0,0.0,0.0,0.0
0.0,0.0,0.090909090909090884,0.0,0.0,0.0,0.045454545454545442,0.0,0.045454545454545442,0.0,0.0,0.090909090909090884,0.0,0.0,0.0,0.0,0.0,0.0,0.0,0.0,0.0,0.0,0.0,0.0,0.0,0.0,0.0,0.0,0.0,0.0,0.0,0.0,0.0,0.0,0.0,0.0,0.0,0.0,0.0,0.045454545454545442,0.0,0.13636363636363633,0.0,0.0,0.0,0.0,0.0,0.0,0.0,0.0,0.0,0.045454545454545442,0.0,0.0,0.0,0.0,0.0,0.045454545454545442,0.090909090909090884,0.0,0.0,0.0,0.0,0.0,0.0,0.0,0.0,0.0,0.0,0.0,0.0,0.045454545454545442,0.0,0.0,0.0,0.0,0.0,0.0,0.0,0.0,0.0,0.0,0.0,0.0,0.13636363636363633,0.0,0.0,0.0,0.0,0.0,0.0,0.0,0.045454545454545442,0.0,0.0,0.090909090909090884,0.045454545454545442,0.0,0.0,0.0
0.0,0.0,0.0,0.0,0.0,0.0,0.071428571428571425,0.14285714285714285,0.0,0.071428571428571425,0.0,0.0,0.0,0.071428571428571425,0.0,0.071428571428571425,0.0,0.0,0.071428571428571425,0.0,0.0,0.0,0.0,0.0,0.0,0.0,0.0,0.0,0.0,0.0,0.0,0.0,0.0,0.0,0.0,0.071428571428571425,0.0,0.071428571428571425,0.0,0.0,0.071428571428571425,0.0,0.0,0.0,0.0,0.0,0.0,0.0,0.0,0.0,0.071428571428571425,0.071428571428571425,0.0,0.0,0.0,0.0,0.071428571428571425,0.0,0.0,0.0,0.0,0.0,0.0,0.0,0.0,0.0,0.0,0.0,0.0,0.0,0.0,0.0,0.0,0.0,0.0,0.0,0.0,0.0,0.0,0.0,0.0,0.0,0.0,0.0,0.0,0.0,0.0,0.0,0.0,0.0,0.0,0.071428571428571425,0.0,0.0,0.0,0.0,0.0,0.0,0.0,0.0
0.0,0.0,0.0,0.0,0.0,0.0,0.0,0.0,0.0,0.0,0.0,0.0,0.0,0.0,0.0,0.0,0.0,0.0,0.0,0.0,0.0,0.0,0.0,0.0,0.0,0.0,0.0,0.0,0.0,0.0,0.0,0.0,0.0,0.0,0.0,0.0,0.0,0.0,0.0,0.0,0.0,0.066666666666666652,0.0,0.0,0.0,0.0,0.0,0.0,0.0,0.0,0.1333333333333333,0.0,0.0,0.0,0.0,0.0,0.066666666666666652,0.0,0.066666666666666652,0.0,0.0,0.0,0.0,0.0,0.0,0.0,0.0,0.066666666666666652,0.066666666666666652,0.0,0.0,0.0,0.0,0.0,0.0,0.0,0.0,0.0,0.066666666666666652,0.0,0.1333333333333333,0.066666666666666652,0.0,0.0,0.0,0.066666666666666652,0.066666666666666652,0.0,0.0,0.066666666666666652,0.0,0.0,0.0,0.0,0.0,0.0,0.0,0.0,0.066666666666666652,0.0
0.083333333333333315,0.0,0.0,0.0,0.0,0.0,0.0,0.0,0.0,0.0,0.0,0.0,0.0,0.083333333333333315,0.083333333333333315,0.0,0.0,0.0,0.0,0.0,0.0,0.0,0.0,0.0,0.0,0.0,0.0,0.0,0.0,0.16666666666666663,0.083333333333333315,0.0,0.0,0.0,0.0,0.0,0.0,0.0,0.0,0.0,0.0,0.0,0.0,0.0,0.16666666666666663,0.0,0.0,0.0,0.0,0.0,0.083333333333333315,0.0,0.0,0.0,0.0,0.0,0.0,0.0,0.0,0.0,0.0,0.0,0.0,0.0,0.0,0.0,0.0,0.083333333333333315,0.0,0.0,0.0,0.0,0.083333333333333315,0.0,0.0,0.0,0.0,0.0,0.0,0.0,0.083333333333333315,0.0,0.0,0.0,0.0,0.0,0.0,0.0,0.0,0.0,0.0,0.0,0.0,0.0,0.0,0.0,0.0,0.0,0.0,0.0
0.0,0.0,0.0,0.0,0.090909090966942135,0.0,0.0,0.0,0.0,0.0,0.0,0.0,0.090909090966942135,0.0,0.0,0.36363636323140491,0.0,0.0,0.18181818193388427,0.0,0.0,0.0,0.0,0.0,0.0,0.0,0.0,0.0,0.0,0.0,0.0,0.0,0.0,0.0,0.0,0.0,0.0,0.0,0.0,0.0,0.090909090966942135,0.0,0.0,0.0,0.0,0.0,0.0,0.0,0.0,0.0,0.0,0.0,0.0,0.090909090966942135,0.0,0.0,0.0,0.0,0.0,0.0,0.0,0.0,0.0,0.0,0.0,0.0,0.0,0.0,0.0,0.0,0.0,0.0,0.0,0.0,0.0,0.0,0.0,0.0,0.0,0.0,0.0,0.090909090966942135,0.0,0.0,0.0,0.0,0.0,0.0,0.0,0.0,0.0,0.0,0.0,0.0,0.0,0.0,0.0,0.0,0.0,0.0
0.0,0.0,0.0,0.0,0.0,0.10526315789473681,0.0,0.0,0.0,0.052631578947368404,0.10526315789473681,0.10526315789473681,0.0,0.0,0.0,0.0,0.0,0.0,0.0,0.0,0.0,0.0,0.0,0.0,0.0,0.0,0.0,0.0,0.0,0.0,0.052631578947368404,0.0,0.0,0.0,0.0,0.0,0.0,0.0,0.0,0.0,0.0,0.052631578947368404,0.10526315789473681,0.052631578947368404,0.0,0.0,0.052631578947368404,0.0,0.0,0.0,0.10526315789473681,0.0,0.0,0.0,0.0,0.0,0.0,0.0,0.10526315789473681,0.052631578947368404,0.0,0.0,0.0,0.0,0.0,0.0,0.0,0.0,0.0,0.0,0.0,0.0,0.0,0.0,0.0,0.0,0.0,0.0,0.0,0.0,0.0,0.0,0.0,0.0,0.0,0.0,0.0,0.0,0.0,0.0,0.0,0.0,0.0,0.0,0.0,0.052631578947368404,0.0,0.0,0.0,0.0
0.058823529411764691,0.058823529411764691,0.0,0.058823529411764691,0.058823529411764691,0.058823529411764691,0.058823529411764691,0.0,0.0,0.0,0.0,0.0,0.0,0.0,0.0,0.0,0.0,0.0,0.0,0.0,0.0,0.0,0.0,0.0,0.0,0.0,0.0,0.0,0.058823529411764691,0.0,0.0,0.0,0.0,0.0,0.0,0.0,0.0,0.0,0.0,0.0,0.0,0.058823529411764691,0.0,0.0,0.0,0.0,0.0,0.0,0.0,0.0,0.0,0.0,0.058823529411764691,0.0,0.058823529411764691,0.0,0.0,0.11764705882352938,0.0,0.058823529411764691,0.0,0.0,0.0,0.0,0.0,0.0,0.0,0.0,0.0,0.0,0.0,0.0,0.0,0.0,0.0,0.0,0.0,0.0,0.0,0.0,0.058823529411764691,0.0,0.0,0.0,0.0,0.11764705882352938,0.0,0.0,0.0,0.0,0.0,0.0,0.0,0.0,0.0,0.058823529411764691,0.0,0.0,0.0,0.0
0.0,0.0,0.0,0.0,0.0,0.0,0.0,0.0,0.0,0.0,0.0,0.13333333339555553,0.0,0.0,0.0,0.0,0.0,0.0,0.0,0.0,0.0,0.0,0.0,0.0,0.0,0.0,0.0,0.0,0.0,0.0,0.0,0.0,0.0,0.0,0.0,0.0,0.0,0.0,0.0,0.0,0.0,0.13333333339555553,0.0,0.0,0.0,0.0,0.0,0.0,0.0,0.0,0.0,0.0,0.066666666697777766,0.0,0.066666666697777766,0.0,0.0,0.0,0.066666666697777766,0.0,0.0,0.0,0.0,0.0,0.0,0.0,0.0,0.0,0.0,0.0,0.0,0.0,0.0,0.0,0.0,0.0,0.0,0.0,0.0,0.0,0.0,0.0,0.0,0.26666666632444441,0.066666666697777766,0.0,0.0,0.0,0.0,0.0,0.0,0.0,0.0,0.0,0.0,0.13333333339555553,0.0,0.0,0.066666666697777766,0.0
0.0,0.0,0.0,0.0,0.0,0.0,0.0,0.0,0.0,0.0,0.0,0.0,0.0,0.0,0.0,0.0,0.0,0.0,0.0,0.0,0.0,0.0,0.0,0.0,0.0,0.0,0.0,0.0,0.0,0.0,0.0,0.22222222222222221,0.0,0.0,0.1111111111111111,0.0,0.0,0.0,0.0,0.0,0.0,0.0,0.0,0.0,0.0,0.0,0.0,0.0,0.0,0.0,0.0,0.0,0.0,0.0,0.0,0.0,0.0,0.0,0.0,0.0,0.0,0.0,0.0,0.0,0.0,0.0,0.0,0.0,0.0,0.0,0.0,0.0,0.0,0.22222222222222221,0.0,0.22222222222222221,0.1111111111111111,0.0,0.0,0.0,0.0,0.0,0.0,0.0,0.0,0.0,0.0,0.0,0.0,0.1111111111111111,0.0,0.0,0.0,0.0,0.0,0.0,0.0,0.0,0.0,0.0
0.0,0.0,0.0,0.0,0.0,0.0,0.0,0.0,0.0,0.0,0.0,0.0,0.0,0.0,0.0,0.0,0.0,0.0,0.0,0.0,0.0,0.0,0.0,0.0,0.0,0.16666666666666666,0.0,0.0,0.0,0.0,0.0,0.0,0.0,0.083333333333333329,0.0,0.0,0.0,0.0,0.0,0.0,0.0,0.0,0.0,0.0,0.0,0.0,0.0,0.0,0.0,0.0,0.0,0.0,0.0,0.0,0.083333333333333329,0.0,0.0,0.0,0.0,0.0,0.0,0.0,0.083333333333333329,0.0,0.0,0.0,0.0,0.16666666666666666,0.0,0.0,0.0,0.0,0.0,0.0,0.0,0.0,0.0,0.0,0.16666666666666666,0.0,0.0,0.0,0.0,0.0,0.0,0.0,0.0,0.0,0.0,0.0,0.0,0.083333333333333329,0.0,0.0,0.0,0.0,0.083333333333333329,0.083333333333333329,0.0,0.0
0.0,0.0,0.0,0.0,0.0625,0.0,0.0,0.0,0.0,0.0,0.0,0.0,0.0,0.0,0.0,0.0,0.0,0.0,0.0,0.0,0.0,0.0,0.0,0.0,0.0625,0.0625,0.0,0.0,0.0625,0.0,0.0625,0.0,0.0,0.0,0.0,0.0625,0.0,0.0,0.0,0.0,0.0,0.0,0.0,0.0,0.0,0.0,0.0,0.0,0.0,0.0,0.0,0.0,0.0625,0.0625,0.0,0.0,0.0,0.0,0.0,0.0,0.0625,0.125,0.0,0.0,0.0,0.0,0.0,0.0,0.0,0.0,0.0,0.0,0.0,0.0,0.0,0.0,0.0,0.0,0.125,0.0,0.0,0.0,0.0,0.0,0.0,0.125,0.0,0.0,0.0,0.0,0.0,0.0,0.0,0.0,0.0,0.0,0.0,0.0,0.0625,0.0
0.0,0.0,0.0,0.0,0.0,0.0,0.0,0.0,0.0,0.0,0.0,0.0,0.0,0.0,0.0,0.0,0.0,0.0,0.0,0.0,0.0,0.0,0.0,0.0,0.0,0.0,0.0,0.0,0.0769230769230769,0.1538461538461538,0.0,0.0769230769230769,0.0,0.0,0.0,0.0,0.0,0.0,0.0,0.0,0.0,0.0,0.0,0.0,0.0,0.0,0.0,0.0,0.0,0.0,0.0,0.0,0.0,0.0,0.0,0.0,0.0,0.0,0.0,0.0,0.0,0.0,0.0,0.0,0.0,0.0,0.0,0.0,0.0,0.0,0.1538461538461538,0.0,0.0,0.0,0.0769230769230769,0.0,0.0,0.0769230769230769,0.0769230769230769,0.0,0.0,0.0,0.0,0.0,0.0,0.0,0.0,0.0,0.0,0.0,0.0769230769230769,0.0,0.0,0.1538461538461538,0.0,0.0,0.0,0.0769230769230769,0.0,0.0
0.080000000044799985,0.0,0.0,0.0,0.0,0.0,0.0,0.0,0.0,0.0,0.0,0.0,0.0,0.040000000022399992,0.0,0.0,0.0,0.0,0.0,0.0,0.0,0.040000000022399992,0.0,0.12000000006719999,0.0,0.0,0.080000000044799985,0.0,0.0,0.040000000022399992,0.0,0.0,0.040000000022399992,0.0,0.0,0.0,0.43999999968639997,0.0,0.0,0.0,0.0,0.0,0.0,0.0,0.0,0.0,0.0,0.0,0.0,0.0,0.0,0.0,0.0,0.0,0.0,0.0,0.0,0.0,0.0,0.0,0.0,0.0,0.0,0.0,0.0,0.0,0.0,0.0,0.0,0.0,0.0,0.0,0.0,0.0,0.0,0.0,0.0,0.0,0.0,0.0,0.0,0.0,0.0,0.0,0.0,0.0,0.0,0.0,0.0,0.040000000022399992,0.0,0.040000000022399992,0.0,0.0,0.0,0.0,0.0,0.0,0.0,0.040000000022399992
0.0,0.0,0.0,0.0,0.0,0.0,0.0,0.0,0.0,0.0,0.0,0.0,0.0,0.0,0.0,0.0,0.0,0.0,0.0,0.0,0.0,0.0,0.0,0.0,0.0,0.090909090909090898,0.090909090909090898,0.0,0.0,0.0,0.0,0.0,0.0,0.0,0.0,0.0,0.0,0.0,0.0,0.0,0.0,0.0,0.0,0.090909090909090898,0.0,0.0,0.0,0.0,0.0,0.090909090909090898,0.090909090909090898,0.0,0.0,0.0,0.0,0.0,0.0,0.0,0.0,0.0,0.0,0.0,0.090909090909090898,0.0,0.0,0.0,0.0,0.0,0.0,0.1818181818181818,0.0,0.0,0.0,0.0,0.0,0.0,0.090909090909090898,0.0,0.0,0.0,0.0,0.0,0.0,0.0,0.0,0.0,0.0,0.090909090909090898,0.0,0.0,0.0,0.0,0.0,0.0,0.0,0.0,0.0,0.090909090909090898,0.0,0.0
0.0,0.0,0.0,0.0,0.0,0.0,0.0,0.0,0.0,0.0,0.0,0.0,0.0,0.0,0.0,0.0,0.0,0.0,0.0,0.0,0.0,0.058823529435986135,0.0,0.058823529435986135,0.0,0.0,0.0,0.0,0.0,0.0,0.0,0.0,0.0,0.0,0.0,0.0,0.35294117620415216,0.058823529435986135,0.0,0.0,0.0,0.0,0.0,0.0,0.0,0.0,0.0,0.0,0.0,0.0,0.0,0.0,0.0,0.0,0.0,0.0,0.0,0.0,0.0,0.0,0.0,0.0,0.0,0.0,0.058823529435986135,0.0,0.0,0.0,0.0,0.0,0.0,0.0,0.0,0.0,0.0,0.0,0.0,0.0,0.058823529435986135,0.058823529435986135,0.0,0.0,0.0,0.0,0.0,0.0,0.0,0.058823529435986135,0.058823529435986135,0.0,0.0,0.0,0.0,0.0,0.0,0.0,0.0,0.11764705887197227,0.0,0.058823529435986135
0.0,0.0,0.0,0.0,0.0,0.0,0.0,0.0,0.0,0.0,0.0,0.0,0.0,0.0,0.0,0.0,0.0,0.0,0.0,0.0,0.0,0.0,0.0,0.0,0.0,0.0,0.058823529411764691,0.0,0.0,0.0,0.0,0.0,0.0,0.0,0.0,0.0,0.0,0.0,0.0,0.058823529411764691,0.058823529411764691,0.0,0.058823529411764691,0.0,0.0,0.0,0.0,0.0,0.0,0.0,0.0,0.0,0.0,0.0,0.0,0.0,0.0,0.0,0.0,0.0,0.0,0.0,0.0,0.0,0.058823529411764691,0.0,0.0,0.0,0.058823529411764691,0.0,0.0,0.0,0.0,0.0,0.0,0.0,0.0,0.058823529411764691,0.0,0.11764705882352938,0.0,0.0,0.058823529411764691,0.058823529411764691,0.0,0.058823529411764691,0.058823529411764691,0.0,0.0,0.058823529411764691,0.058823529411764691,0.058823529411764691,0.058823529411764691,0.0,0.0,0.0,0.0,0.0,0.0,0.0
0.0,0.0,0.0,0.0,0.0,0.0,0.0,0.0,0.0,0.0,0.0,0.0,0.0,0.0,0.0,0.0,0.0,0.0,0.0,0.0,0.0,0.0,0.0,0.071428571428571438,0.071428571428571438,0.0,0.0,0.0,0.0,0.0,0.0,0.0,0.0,0.0,0.0,0.0,0.0,0.0,0.0,0.14285714285714288,0.0,0.0,0.0,0.071428571428571438,0.071428571428571438,0.0,0.0,0.0,0.0,0.0,0.0,0.0,0.0,0.0,0.0,0.0,0.0,0.0,0.0,0.0,0.0,0.0,0.071428571428571438,0.0,0.0,0.0,0.0,0.14285714285714288,0.0,0.0,0.0,0.0,0.0,0.0,0.14285714285714288,0.0,0.071428571428571438,0.0,0.0,0.0,0.0,0.0,0.0,0.0,0.0,0.0,0.0,0.0,0.0,0.0,0.071428571428571438,0.0,0.0,0.0,0.0,0.0,0.0,0.071428571428571438,0.0,0.0
0.0,0.0,0.0,0.0,0.0,0.0,0.0,0.0,0.0,0.0,0.0,0.0,0.0,0.0,0.0,0.0,0.0,0.0,0.0,0.0,0.0,0.0,0.0,0.0,0.0,0.0,0.0,0.0769230769230769,0.0769230769230769,0.0,0.0,0.0,0.0,0.0,0.0,0.0,0.0,0.0,0.0,0.0,0.0,0.0,0.0769230769230769,0.0,0.0,0.0,0.0,0.0,0.0,0.0,0.0,0.0,0.0,0.0,0.0,0.0769230769230769,0.0,0.0,0.0,0.0,0.0,0.0,0.0,0.0,0.0,0.0,0.0,0.1538461538461538,0.0769230769230769,0.0,0.0,0.0769230769230769,0.0,0.0,0.0769230769230769,0.0,0.0,0.0,0.0,0.0,0.0,0.0,0.0,0.0,0.0,0.0,0.0,0.0,0.0,0.0,0.0769230769230769,0.0,0.0,0.0,0.0,0.0769230769230769,0.0769230769230769,0.0769230769230769,0.0,0.0
0.0,0.0,0.0,0.0,0.0,0.0,0.0,0.0,0.0,0.0,0.0,0.0,0.0,0.0,0.0,0.0,0.0,0.0,0.0,0.0,0.0,0.0,0.062499999999999986,0.0,0.0,0.0,0.062499999999999986,0.0,0.0,0.0,0.0,0.062499999999999986,0.0,0.0,0.0,0.0,0.0,0.18749999999999997,0.062499999999999986,0.0,0.0,0.0,0.0,0.0,0.0,0.0,0.0,0.0,0.0,0.0,0.0,0.0,0.0,0.0,0.0,0.0,0.0,0.0,0.0,0.0,0.0,0.0,0.0,0.062499999999999986,0.0,0.062499999999999986,0.0,0.0,0.0,0.0,0.0,0.0,0.0,0.0,0.062499999999999986,0.062499999999999986,0.12499999999999997,0.062499999999999986,0.0,0.0,0.0,0.0,0.0,0.0,0.0,0.0,0.0,0.0,0.0,0.062499999999999986,0.0,0.0,0.0,0.0,0.0,0.0,0.0,0.0,0.062499999999999986,0.0
0.0,0.0,0.0,0.083333333333333329,0.0,0.0,0.0,0.0,0.0,0.0,0.0,0.0,0.0,0.0,0.0,0.0,0.0,0.0,0.0,0.0,0.0,0.0,0.0,0.0,0.0,0.0,0.0,0.0,0.083333333333333329,0.0,0.0,0.0,0.0,0.083333333333333329,0.0,0.0,0.0,0.0,0.0,0.0,0.0,0.0,0.0,0.083333333333333329,0.0,0.0,0.0,0.0,0.0,0.0,0.0,0.0,0.0,0.0,0.0,0.0,0.0,0.0,0.0,0.0,0.0,0.0,0.0,0.0,0.0,0.083333333333333329,0.083333333333333329,0.0,0.0,0.083333333333333329,0.0,0.0,0.0,0.0,0.0,0.0,0.0,0.0,0.0,0.0,0.0,0.0,0.083333333333333329,0.083333333333333329,0.0,0.0,0.0,0.0,0.0,0.083333333333333329,0.16666666666666666,0.0,0.0,0.0,0.0,0.0,0.0,0.0,0.0,0.0
0.0,0.0,0.055555555577160486,0.0,0.0,0.0,0.0,0.0,0.0,0.0,0.055555555577160486,0.0,0.0,0.0,0.0,0.0,0.0,0.0,0.0,0.0,0.0,0.0,0.055555555577160486,0.0,0.055555555577160486,0.0,0.055555555577160486,0.11111111115432097,0.055555555577160486,0.0,0.27777777749691351,0.055555555577160486,0.0,0.0,0.055555555577160486,0.0,0.0,0.0,0.0,0.11111111115432097,0.0,0.0,0.0,0.0,0.0,0.0,0.0,0.0,0.0,0.0,0.0,0.0,0.0,0.0,0.0,0.0,0.0,0.0,0.0,0.0,0.0,0.0,0.0,0.0,0.0,0.0,0.0,0.0,0.0,0.0,0.0,0.0,0.0,0.0,0.0,0.0,0.0,0.0,0.0,0.0,0.0,0.0,0.0,0.0,0.0,0.0,0.0,0.0,0.0,0.055555555577160486,0.0,0.0,0.0,0.0,0.0,0.0,0.0,0.0,0.0,0.0
0.0,0.0,0.0,0.0,0.0,0.0,0.0,0.0,0.0,0.0,0.0,0.0,0.0,0.0,0.0,0.0,0.0,0.0,0.0,0.0,0.0,0.0,0.0,0.0,0.0,0.0,0.0,0.0,0.0,0.0,0.0,0.0,0.0,0.0,0.0,0.083333333333333329,0.0,0.0,0.0,0.083333333333333329,0.083333333333333329,0.0,0.0,0.083333333333333329,0.0,0.0,0.083333333333333329,0.0,0.0,0.0,0.0,0.0,0.0,0.0,0.0,0.0,0.0,0.0,0.0,0.0,0.16666666666666666,0.0,0.0,0.0,0.0,0.0,0.0,0.0,0.0,0.0,0.0,0.0,0.0,0.0,0.0,0.0,0.0,0.083333333333333329,0.0,0.0,0.0,0.0,0.0,0.0,0.0,0.0,0.0,0.0,0.0,0.0,0.0,0.083333333333333329,0.0,0.0,0.0,0.0,0.0,0.0,0.0,0.25
0.0,0.0,0.0,0.10000000007,0.0,0.0,0.0,0.0,0.0,0.0,0.0,0.0,0.0,0.0,0.0,0.0,0.0,0.0,0.0,0.0,0.0,0.0,0.0,0.0,0.0,0.0,0.0,0.0,0.0,0.0,0.0,0.0,0.0,0.10000000007,0.0,0.0,0.0,0.20000000013999999,0.0,0.0,0.0,0.0,0.0,0.0,0.0,0.0,0.0,0.0,0.0,0.0,0.0,0.0,0.0,0.0,0.0,0.0,0.0,0.0,0.0,0.0,0.0,0.0,0.0,0.10000000007,0.0,0.0,0.0,0.0,0.39999999957999999,0.0,0.0,0.0,0.0,0.0,0.0,0.0,0.0,0.0,0.0,0.0,0.0,0.0,0.0,0.0,0.0,0.0,0.0,0.10000000007,0.0,0.0,0.0,0.0,0.0,0.0,0.0,0.0,0.0,0.0,0.0,0.0
0.0,0.0,0.0,0.11111111111111112,0.0,0.0,0.0,0.0,0.0,0.0,0.0,0.0,0.0,0.0,0.0,0.0,0.0,0.0,0.0,0.0,0.0,0.0,0.0,0.0,0.11111111111111112,0.0,0.0,0.0,0.0,0.0,0.0,0.0,0.0,0.0,0.0,0.0,0.0,0.0,0.0,0.0,0.0,0.0,0.0,0.0,0.0,0.0,0.0,0.0,0.0,0.0,0.0,0.0,0.0,0.0,0.0,0.0,0.0,0.0,0.0,0.0,0.0,0.0,0.0,0.0,0.0,0.0,0.0,0.0,0.11111111111111112,0.11111111111111112,0.11111111111111112,0.0,0.0,0.0,0.0,0.0,0.11111111111111112,0.0,0.0,0.11111111111111112,0.0,0.0,0.0,0.0,0.0,0.0,0.0,0.0,0.0,0.22222222222222224,0.0,0.0,0.0,0.0,0.0,0.0,0.0,0.0,0.0,0.0
0.0,0.0,0.0,0.0,0.0,0.0,0.0,0.0,0.0,0.0,0.0,0.0,0.0,0.066666666666666652,0.0,0.0,0.0,0.0,0.0,0.0,0.0,0.0,0.0,0.066666666666666652,0.0,0.0,0.066666666666666652,0.0,0.0,0.0,0.19999999999999998,0.0,0.0,0.0,0.0,0.0,0.0,0.0,0.0,0.0,0.0,0.0,0.0,0.0,0.0,0.0,0.0,0.0,0.0,0.0,0.0,0.0,0.0,0.0,0.0,0.0,0.0,0.0,0.0,0.0,0.0,0.0,0.0,0.0,0.0,0.0,0.0,0.0,0.066666666666666652,0.0,0.066666666666666652,0.1333333333333333,0.066666666666666652,0.1333333333333333,0.0,0.0,0.0,0.0,0.0,0.0,0.0,0.0,0.0,0.0,0.066666666666666652,0.0,0.0,0.0,0.0,0.0,0.0,0.0,0.0,0.066666666666666652,0.0,0.0,0.0,0.0,0.0,0.0
0.0,0.0,0.0,0.0,0.0,0.0,0.0,0.0,0.0,0.0,0.0,0.0,0.0,0.0,0.0,0.0,0.0,0.0,0.0,0.090909090909090912,0.0,0.0,0.0,0.0,0.0,0.0,0.0,0.0,0.0,0.0,0.0,0.0,0.090909090909090912,0.0,0.0,0.0,0.0,0.0,0.0,0.0,0.0,0.0,0.0,0.0,0.0,0.0,0.0,0.0,0.0,0.0,0.0,0.0,0.0,0.0,0.0,0.0,0.0,0.0,0.0,0.0,0.090909090909090912,0.0,0.0,0.0,0.0,0.090909090909090912,0.0,0.0,0.0,0.090909090909090912,0.090909090909090912,0.0,0.0,0.27272727272727276,0.0,0.0,0.090909090909090912,0.0,0.0,0.0,0.0,0.0,0.0,0.0,0.0,0.0,0.0,0.0,0.0,0.0,0.0,0.0,0.0,0.0,0.0,0.0,0.0,0.0,0.0,0.090909090909090912
0.0,0.0,0.0,0.0,0.0,0.0,0.0,0.0,0.0,0.0,0.0,0.0,0.0,0.0,0.0,0.0,0.0,0.0,0.0,0.0,0.0,0.0,0.0,0.0,0.0,0.0,0.0,0.0,0.0,0.0,0.0,0.0,0.0,0.0,0.0,0.0,0.0,0.058823529460207601,0.0,0.0,0.0,0.0,0.0,0.0,0.0,0.058823529460207601,0.29411764688927333,0.0,0.0,0.0,0.0,0.0,0.0,0.0,0.058823529460207601,0.058823529460207601,0.0,0.0,0.0,0.0,0.0,0.0,0.23529411742906572,0.0,0.0,0.0,0.0,0.0,0.0,0.0,0.0,0.058823529460207601,0.0,0.0,0.0,0.0,0.0,0.0,0.0,0.0,0.0,0.058823529460207601,0.058823529460207601,0.0,0.0,0.0,0.058823529460207601,0.0,0.0,0.0,0.0,0.0,0.0,0.0,0.0,0.0,0.0,0.0,0.0,0.0
0.0,0.0,0.0,0.0,0.0,0.0,0.0,0.0,0.0,0.0,0.0,0.083333333333333329,0.0,0.0,0.0,0.0,0.0,0.0,0.0,0.0,0.0,0.0,0.0,0.0,0.0,0.0,0.0,0.0,0.0,0.0,0.0,0.0,0.0,0.0,0.0,0.0,0.0,0.0,0.0,0.0,0.0,0.0,0.0,0.083333333333333329,0.0,0.0,0.0,0.0,0.0,0.0,0.0,0.0,0.0,0.0,0.0,0.0,0.0,0.0,0.0,0.0,0.0,0.083333333333333329,0.0,0.0,0.0,0.0,0.0,0.16666666666666666,0.0,0.0,0.0,0.0,0.0,0.083333333333333329,0.0,0.25,0.0,0.0,0.0,0.0,0.0,0.0,0.0,0.0,0.0,0.0,0.0,0.0,0.083333333333333329,0.0,0.0,0.083333333333333329,0.0,0.0,0.0,0.0,0.0,0.0,0.0,0.083333333333333329
0.0,0.0,0.0,0.0,0.0,0.0,0.0,0.0,0.052631578986149577,0.0,0.0,0.0,0.0,0.0,0.0,0.0,0.0,0.0,0.0,0.0,0.0,0.0,0.0,0.0,0.0,0.052631578986149577,0.0,0.0,0.0,0.0,0.0,0.0,0.0,0.0,0.0,0.0,0.0,0.0,0.0,0.0,0.0,0.0,0.0,0.0,0.0,0.0,0.0,0.31578947354847642,0.0,0.052631578986149577,0.0,0.0,0.0,0.0,0.0,0.0,0.0,0.0,0.0,0.0,0.0,0.052631578986149577,0.0,0.0,0.0,0.0,0.0,0.0,0.0,0.0,0.0,0.0,0.0,0.0,0.0,0.0,0.0,0.0,0.0,0.0,0.0,0.0,0.0,0.0,0.36842105253462598,0.0,0.0,0.0,0.052631578986149577,0.0,0.0,0.0,0.052631578986149577,0.0,0.0,0.0,0.0,0.0,0.0,0.0
0.0769230769230769,0.0,0.0,0.0,0.0,0.0,0.0,0.0,0.0,0.0,0.0,0.0,0.0,0.0,0.0,0.0,0.0,0.0,0.0,0.0,0.0,0.0,0.0,0.0,0.0769230769230769,0.0,0.0,0.0,0.0769230769230769,0.0,0.0,0.0,0.0,0.0,0.0,0.0,0.0,0.0,0.0,0.0,0.0,0.0,0.0,0.0,0.0,0.0769230769230769,0.1538461538461538,0.0769230769230769,0.0,0.0,0.0,0.0,0.0,0.0,0.0,0.0,0.0,0.0,0.0769230769230769,0.0,0.0,0.0,0.0,0.0,0.0,0.0,0.0769230769230769,0.0,0.0,0.0,0.0,0.0,0.0,0.0,0.0,0.0,0.0,0.0,0.0,0.0,0.0,0.0,0.0,0.0,0.0,0.0,0.0,0.0,0.1538461538461538,0.0769230769230769,0.0,0.0,0.0,0.0,0.0,0.0769230769230769,0.0,0.0,0.0,0.0
0.0,0.0,0.0,0.052631578966758991,0.0,0.0,0.0,0.0,0.0,0.0,0.052631578966758991,0.0,0.0,0.0,0.0,0.0,0.0,0.0,0.0,0.0,0.0,0.0,0.0,0.0,0.0,0.0,0.0,0.0,0.0,0.0,0.0,0.0,0.0,0.0,0.0,0.0,0.0,0.0,0.0,0.0,0.052631578966758991,0.0,0.10526315793351798,0.052631578966758991,0.0,0.0,0.0,0.0,0.0,0.0,0.0,0.0,0.0,0.0,0.0,0.0,0.0,0.0,0.0,0.0,0.052631578966758991,0.0,0.0,0.052631578966758991,0.0,0.0,0.0,0.0,0.0,0.0,0.0,0.0,0.0,0.0,0.0,0.0,0.0,0.052631578966758991,0.052631578966758991,0.0,0.0,0.052631578966758991,0.0,0.0,0.0,0.0,0.21052631549861492,0.052631578966758991,0.0,0.0,0.0,0.0,0.10526315793351798,0.0,0.052631578966758991,0.0,0.0,0.0,0.0,0.0
0.0,0.0,0.0,0.0,0.0,0.0,0.0,0.0,0.0,0.0,0.0,0.0,0.0,0.0,0.0,0.0,0.0,0.0,0.0,0.0,0.0,0.0,0.0,0.0,0.0,0.0,0.0,0.0,0.0,0.0,0.0,0.0,0.0,0.0,0.0,0.0,0.0,0.0,0.0,0.0,0.0,0.0,0.058823529460207614,0.0,0.0,0.0,0.0,0.0,0.0,0.058823529460207614,0.0,0.0,0.0,0.0,0.0,0.0,0.0,0.0,0.0,0.23529411742906575,0.0,0.058823529460207614,0.058823529460207614,0.0,0.0,0.0,0.0,0.0,0.0,0.0,0.0,0.0,0.0,0.0,0.0,0.0,0.0,0.058823529460207614,0.0,0.0,0.0,0.0,0.0,0.0,0.11764705892041523,0.0,0.0,0.0,0.0,0.0,0.0,0.0,0.058823529460207614,0.0,0.058823529460207614,0.0,0.0,0.0,0.23529411742906575,0.0
0.0,0.0,0.0,0.0,0.0,0.0,0.0,0.0,0.0,0.0,0.0,0.043478260882797722,0.0,0.0,0.0,0.0,0.0,0.0,0.0,0.0,0.0,0.0,0.0,0.043478260882797722,0.0,0.0,0.0,0.0,0.0,0.0,0.0,0.0,0.0,0.0,0.0,0.0,0.0,0.0,0.0,0.0,0.043478260882797722,0.0,0.0,0.043478260882797722,0.0,0.043478260882797722,0.0,0.13043478264839317,0.0,0.0,0.0,0.0,0.13043478264839317,0.0,0.0,0.0,0.0,0.0,0.0,0.0,0.0,0.0,0.0,0.0,0.0,0.043478260882797722,0.0,0.0,0.0,0.0,0.0,0.0,0.0,0.0,0.0,0.0,0.0,0.0,0.0,0.0,0.30434782587523629,0.0,0.0,0.0,0.0,0.0,0.086956521765595443,0.0,0.0,0.0,0.0,0.043478260882797722,0.0,0.0,0.0,0.0,0.0,0.043478260882797722,0.0,0.0
0.0,0.0,0.0,0.11764705882352938,0.058823529411764691,0.0,0.0,0.0,0.0,0.0,0.0,0.058823529411764691,0.0,0.0,0.0,0.0,0.0,0.0,0.0,0.0,0.0,0.0,0.0,0.0,0.0,0.0,0.0,0.0,0.0,0.0,0.0,0.0,0.0,0.0,0.0,0.0,0.0,0.0,0.0,0.0,0.0,0.0,0.0,0.0,0.0,0.0,0.0,0.0,0.0,0.0,0.0,0.058823529411764691,0.058823529411764691,0.0,0.058823529411764691,0.0,0.0,0.058823529411764691,0.0,0.058823529411764691,0.0,0.0,0.11764705882352938,0.0,0.0,0.0,0.0,0.0,0.0,0.0,0.0,0.0,0.0,0.0,0.0,0.0,0.0,0.0,0.0,0.0,0.0,0.0,0.0,0.0,0.058823529411764691,0.0,0.0,0.058823529411764691,0.0,0.0,0.0,0.0,0.0,0.0,0.0,0.1764705882352941,0.058823529411764691,0.0,0.0,0.0
0.0,0.0,0.0,0.0,0.0,0.0,0.0,0.0,0.0,0.071428571428571438,0.0,0.0,0.0,0.0,0.0,0.0,0.0,0.0,0.0,0.0,0.0,0.0,0.0,0.0,0.0,0.0,0.0,0.0,0.0,0.0,0.0,0.0,0.0,0.0,0.0,0.0,0.0,0.0,0.0,0.0,0.0,0.0,0.0,0.0,0.0,0.0,0.0,0.071428571428571438,0.0,0.0,0.0,0.0,0.0,0.0,0.0,0.0,0.0,0.0,0.0,0.0,0.0,0.0,0.071428571428571438,0.071428571428571438,0.0,0.0,0.0,0.0,0.0,0.0,0.0,0.0,0.0,0.0,0.0,0.0,0.0,0.0,0.0,0.0,0.071428571428571438,0.071428571428571438,0.21428571428571433,0.0,0.0,0.0,0.0,0.14285714285714288,0.0,0.0,0.0,0.0,0.0,0.0,0.14285714285714288,0.0,0.0,0.071428571428571438,0.0,0.0
0.0,0.0,0.0,0.0,0.0,0.0,0.0,0.0,0.0,0.0,0.0,0.0,0.0,0.0,0.0,0.0,0.0,0.0,0.0,0.0,0.0,0.0,0.0,0.0,0.0,0.0,0.0,0.0,0.0,0.0,0.0,0.0,0.0,0.0,0.0,0.0,0.0,0.0,0.0,0.083333333333333329,0.083333333333333329,0.0,0.0,0.0,0.0,0.0,0.0,0.083333333333333329,0.0,0.083333333333333329,0.0,0.0,0.083333333333333329,0.0,0.0,0.0,0.0,0.0,0.0,0.0,0.0,0.0,0.0,0.0,0.0,0.0,0.0,0.0,0.0,0.0,0.0,0.0,0.083333333333333329,0.0,0.0,0.0,0.0,0.0,0.0,0.0,0.0,0.0,0.083333333333333329,0.083333333333333329,0.0,0.0,0.083333333333333329,0.0,0.0,0.083333333333333329,0.0,0.0,0.16666666666666666,0.0,0.0,0.0,0.0,0.0,0.0,0.0
0.086956521739130418,0.0,0.0,0.0,0.0,0.0,0.0,0.0,0.0,0.0,0.0,0.086956521739130418,0.0,0.0,0.0,0.0,0.0,0.0,0.0,0.0,0.0,0.0,0.0,0.043478260869565209,0.043478260869565209,0.0,0.0,0.0,0.0,0.043478260869565209,0.0,0.0,0.0,0.0,0.043478260869565209,0.0,0.043478260869565209,0.0,0.0,0.0,0.0,0.0,0.043478260869565209,0.043478260869565209,0.0,0.0,0.043478260869565209,0.043478260869565209,0.0,0.043478260869565209,0.0,0.0,0.0,0.0,0.0,0.0,0.0,0.0,0.0,0.0,0.0,0.0,0.0,0.0,0.13043478260869565,0.0,0.0,0.0,0.043478260869565209,0.0,0.0,0.0,0.0,0.0,0.0,0.0,0.0,0.0,0.0,0.0,0.0,0.086956521739130418,0.0,0.0,0.0,0.0,0.0,0.0,0.0,0.0,0.0,0.0,0.043478260869565209,0.0,0.0,0.0,0.0,0.086956521739130418,0.0,0.0
0.0,0.0,0.0,0.0,0.0,0.0,0.0,0.0,0.0,0.0,0.0,0.0,0.0,0.0,0.0,0.0,0.0,0.0,0.0,0.0,0.0,0.0,0.066666666666666652,0.0,0.0,0.0,0.0,0.066666666666666652,0.0,0.0,0.0,0.066666666666666652,0.0,0.1333333333333333,0.0,0.0,0.0,0.0,0.0,0.0,0.0,0.0,0.0,0.0,0.0,0.0,0.0,0.0,0.0,0.0,0.0,0.0,0.0,0.0,0.0,0.0,0.0,0.0,0.066666666666666652,0.0,0.0,0.066666666666666652,0.0,0.0,0.066666666666666652,0.0,0.0,0.066666666666666652,0.0,0.0,0.0,0.0,0.0,0.0,0.0,0.0,0.0,0.0,0.066666666666666652,0.066666666666666652,0.0,0.0,0.0,0.0,0.0,0.0,0.0,0.0,0.066666666666666652,0.0,0.0,0.066666666666666652,0.0,0.0,0.0,0.0,0.066666666666666652,0.0,0.066666666666666652,0.0
0.0,0.0,0.0,0.0,0.0,0.0,0.0,0.0,0.0,0.0,0.0,0.0,0.0,0.0,0.0,0.0,0.0,0.0,0.0,0.0,0.0,0.0,0.0,0.0,0.0,0.0,0.0,0.0,0.0,0.0,0.0,0.0,0.0,0.0,0.0,0.0,0.0,0.0,0.0,0.0,0.0,0.0,0.0,0.25,0.0,0.0,0.0,0.0,0.0,0.0,0.0,0.0,0.0,0.0,0.0,0.0,0.0,0.0,0.0,0.0,0.0,0.0,0.0,0.0,0.0,0.16666666666666666,0.0,0.0,0.083333333333333329,0.0,0.0,0.083333333333333329,0.0,0.0,0.0,0.083333333333333329,0.0,0.0,0.0,0.083333333333333329,0.0,0.0,0.0,0.0,0.083333333333333329,0.16666666666666666,0.0,0.0,0.0,0.0,0.0,0.0,0.0,0.0,0.0,0.0,0.0,0.0,0.0,0.0
0.0,0.0,0.0,0.0,0.0,0.0,0.0,0.0,0.0,0.0,0.0,0.0,0.0,0.0,0.0,0.0,0.0,0.0,0.0,0.0,0.0,0.0,0.0,0.0,0.0,0.0,0.0,0.0,0.0,0.0,0.0,0.0,0.0,0.0,0.0,0.0,0.0,0.0,0.0,0.0,0.0,0.0,0.0,0.0,0.0,0.0,0.0,0.0,0.0,0.0,0.0,0.0,0.0,0.0,0.0,0.0,0.0,0.0,0.0,0.0,0.0,0.0,0.0,0.0,0.0,0.0,0.0,0.18181818181818182,0.0,0.090909090909090912,0.0,0.0,0.0,0.090909090909090912,0.0,0.0,0.0,0.090909090909090912,0.0,0.090909090909090912,0.0,0.0,0.090909090909090912,0.0,0.0,0.0,0.0,0.0,0.0,0.0,0.0,0.0,0.0,0.0,0.0,0.0,0.18181818181818182,0.0,0.090909090909090912,0.090909090909090912
0.0,0.0,0.0,0.0,0.0,0.0,0.0,0.0,0.0,0.0,0.0,0.062500000027343738,0.0,0.0,0.0,0.0,0.0,0.0,0.0,0.0,0.0,0.0,0.0,0.0,0.0,0.0,0.0,0.0,0.0,0.0,0.0,0.0,0.0,0.0,0.0,0.0,0.062500000027343738,0.0,0.0,0.0,0.0,0.0,0.0,0.0,0.0,0.0,0.0,0.0,0.0,0.062500000027343738,0.0,0.0,0.0,0.0,0.0,0.0,0.0,0.0,0.0,0.12500000005468748,0.0,0.062500000027343738,0.062500000027343738,0.0,0.0,0.0,0.0,0.0,0.0,0.062500000027343738,0.0,0.0,0.0,0.0,0.0,0.0,0.0,0.0,0.0,0.0,0.0,0.0,0.12500000005468748,0.24999999967187497,0.0,0.0,0.0,0.062500000027343738,0.0,0.0,0.0,0.0,0.0,0.062500000027343738,0.0,0.0,0.0,0.0,0.0,0.0
0.0,0.0,0.0,0.0,0.066666666666666652,0.0,0.0,0.0,0.0,0.0,0.0,0.066666666666666652,0.0,0.0,0.0,0.0,0.0,0.0,0.0,0.0,0.0,0.0,0.0,0.0,0.0,0.0,0.066666666666666652,0.0,0.066666666666666652,0.0,0.0,0.0,0.0,0.0,0.0,0.0,0.0,0.0,0.0,0.0,0.066666666666666652,0.0,0.0,0.0,0.0,0.066666666666666652,0.0,0.0,0.0,0.0,0.066666666666666652,0.0,0.0,0.0,0.066666666666666652,0.0,0.0,0.0,0.0,0.0,0.0,0.066666666666666652,0.0,0.0,0.0,0.066666666666666652,0.0,0.0,0.0,0.0,0.0,0.0,0.0,0.0,0.0,0.0,0.1333333333333333,0.0,0.0,0.0,0.0,0.0,0.0,0.0,0.0,0.066666666666666652,0.0,0.0,0.0,0.0,0.0,0.0,0.0,0.0,0.0,0.0,0.0,0.1333333333333333,0.0,0.0
0.0,0.0,0.0,0.0,0.0,0.1111111111111111,0.0,0.0,0.0,0.0,0.0,0.0,0.0,0.0,0.0,0.0,0.0,0.0,0.0,0.0,0.0,0.0,0.0,0.0,0.0,0.0,0.0,0.0,0.0,0.1111111111111111,0.0,0.0,0.0,0.0,0.0,0.0,0.0,0.0,0.0,0.0,0.0,0.0,0.0,0.0,0.0,0.0,0.0,0.1111111111111111,0.0,0.0,0.0,0.0,0.0,0.0,0.0,0.0,0.0,0.0,0.1111111111111111,0.0,0.0,0.0,0.0,0.0,0.0,0.0,0.0,0.0,0.0,0.0,0.0,0.0,0.0,0.0,0.0,0.0,0.0,0.0,0.0,0.0,0.0,0.0,0.0,0.0,0.0,0.0,0.22222222222222221,0.1111111111111111,0.0,0.0,0.0,0.0,0.22222222222222221,0.0,0.0,0.0,0.0,0.0,0.0,0.0
0.0,0.0,0.0,0.0,0.0,0.0,0.0,0.0,0.0,0.0,0.0,0.0,0.0,0.0,0.0,0.0,0.0,0.0,0.0,0.0,0.0,0.0,0.0,0.0,0.0,0.0,0.0,0.0,0.0,0.0,0.0,0.0,0.0,0.0,0.0,0.0,0.0,0.0,0.055555555555555552,0.0,0.0,0.055555555555555552,0.0,0.16666666666666666,0.0,0.055555555555555552,0.055555555555555552,0.0,0.055555555555555552,0.0,0.0,0.0,0.0,0.0,0.1111111111111111,0.0,0.055555555555555552,0.0,0.0,0.1111111111111111,0.0,0.0,0.0,0.0,0.0,0.0,0.0,0.0,0.0,0.0,0.0,0.0,0.0,0.0,0.0,0.0,0.0,0.0,0.0,0.0,0.0,0.055555555555555552,0.0,0.0,0.0,0.1111111111111111,0.0,0.0,0.0,0.0,0.0,0.0,0.055555555555555552,0.0,0.0,0.0,0.0,0.055555555555555552,0.0,0.0
0.0,0.0,0.0,0.0,0.0,0.0,0.0,0.0,0.0,0.0,0.0,0.0,0.0,0.0,0.090909090909090898,0.0,0.0,0.0,0.0,0.0,0.0,0.0,0.0,0.0,0.0,0.0,0.0,0.0,0.0,0.0,0.0,0.0,0.0,0.0,0.0,0.0,0.0,0.0,0.0,0.0,0.0,0.0,0.0,0.090909090909090898,0.0,0.0,0.0,0.0,0.0,0.0,0.0,0.0,0.0,0.0,0.0,0.090909090909090898,0.0,0.0,0.0,0.0,0.0,0.090909090909090898,0.0,0.0,0.0,0.090909090909090898,0.0,0.0,0.0,0.0,0.0,0.0,0.0,0.090909090909090898,0.090909090909090898,0.0,0.0,0.0,0.0,0.0,0.0,0.0,0.090909090909090898,0.0,0.090909090909090898,0.0,0.0,0.0,0.0,0.0,0.0,0.090909090909090898,0.0,0.090909090909090898,0.0,0.0,0.0,0.0,0.0,0.0
0.0,0.0,0.0,0.0,0.0,0.0,0.0,0.0,0.0,0.0,0.0,0.0,0.0,0.0,0.0,0.0,0.0,0.0,0.0,0.0,0.0,0.052631578947368404,0.0,0.0,0.0,0.0,0.052631578947368404,0.0,0.052631578947368404,0.15789473684210523,0.0,0.0,0.0,0.0,0.0,0.0,0.0,0.0,0.0,0.052631578947368404,0.0,0.0,0.052631578947368404,0.0,0.0,0.0,0.0,0.0,0.0,0.0,0.0,0.0,0.0,0.0,0.0,0.0,0.0,0.0,0.0,0.0,0.0,0.0,0.0,0.10526315789473681,0.0,0.0,0.052631578947368404,0.0,0.052631578947368404,0.052631578947368404,0.0,0.0,0.0,0.0,0.0,0.0,0.0,0.0,0.0,0.0,0.0,0.0,0.0,0.052631578947368404,0.0,0.0,0.0,0.0,0.052631578947368404,0.0,0.052631578947368404,0.0,0.0,0.10526315789473681,0.0,0.0,0.0,0.0,0.0,0.052631578947368404
0.0,0.0,0.0,0.0,0.0,0.0,0.0,0.0,0.0,0.0,0.0,0.0,0.0,0.0,0.0,0.0,0.0,0.090909090909090912,0.0,0.0,0.0,0.0,0.0,0.0,0.0,0.0,0.0,0.0,0.0,0.0,0.0,0.0,0.0,0.0,0.0,0.0,0.0,0.0,0.0,0.0,0.0,0.0,0.0,0.0,0.0,0.0,0.0,0.0,0.0,0.0,0.0,0.0,0.0,0.0,0.0,0.0,0.0,0.0,0.0,0.0,0.090909090909090912,0.0,0.0,0.0,0.0,0.0,0.0,0.0,0.0,0.0,0.18181818181818182,0.0,0.0,0.0,0.0,0.0,0.0,0.0,0.0,0.0,0.0,0.090909090909090912,0.0,0.18181818181818182,0.0,0.0,0.090909090909090912,0.090909090909090912,0.0,0.0,0.0,0.0,0.18181818181818182,0.0,0.0,0.0,0.0,0.0,0.0,0.0
0.0,0.0,0.0,0.0,0.0,0.0,0.0,0.0,0.0,0.0,0.0,0.0,0.0,0.0,0.0,0.0,0.0,0.0,0.0,0.0,0.0,0.0,0.0,0.0,0.0,0.0,0.0,0.0,0.0,0.0,0.0,0.0,0.0,0.0,0.0,0.0,0.0,0.0,0.090909090909090884,0.0,0.0,0.0,0.0,0.0,0.0,0.0,0.0,0.0,0.0,0.0,0.0,0.0,0.0,0.0,0.0,0.0,0.0,0.0,0.0,0.0,0.090909090909090884,0.0,0.0,0.0,0.0,0.090909090909090884,0.0,0.0,0.0,0.27272727272727265,0.0,0.0,0.090909090909090884,0.090909090909090884,0.0,0.0,0.090909090909090884,0.090909090909090884,0.0,0.0,0.0,0.0,0.0,0.0,0.0,0.0,0.0,0.0,0.0,0.0,0.0,0.090909090909090884,0.0,0.0,0.0,0.0,0.0,0.0,0.0,0.0
