0.3888888887685184,0.055555555490740725,0.0,0.027777777828703692,0.0,0.055555555490740725,0.0,0.0,0.0,0.0,0.0,0.0,0.055555555490740725,0.0,0.0,0.0,0.027777777828703692,0.0,0.0,0.027777777828703692,0.0,0.0,0.0,0.0,0.0,0.0,0.0,0.0,0.0,0.0,0.0,0.055555555490740725,0.0,0.0,0.0,0.0,0.0,0.0,0.0,0.0,0.0,0.027777777828703692,0.0,0.055555555490740725,0.0,0.0,0.027777777828703692,0.0,0.027777777828703692,0.0,0.0,0.0,0.0,0.0,0.027777777828703692,0.0,0.0,0.027777777828703692,0.0,0.0,0.0,0.0,0.0,0.0,0.0,0.0,0.0,0.0,0.0,0.0,0.0,0.0,0.0,0.0,0.0,0.0,0.0,0.0,0.0,0.0,0.027777777828703692,0.055555555490740725,0.0,0.0,0.0,0.0,0.0,0.0,0.027777777828703692,0.0,0.0,0.0,0.0,0.0,0.0,0.0,0.0,0.0,0.0,0.0
0.023809523853741493,0.40476190465646256,0.0,0.023809523853741493,0.0,0.11904761898299318,0.0,0.023809523853741493,0.023809523853741493,0.0,0.09523809527210883,0.0,0.047619047564625844,0.0,0.0,0.023809523853741493,0.0,0.0,0.023809523853741493,0.047619047564625844,0.0,0.0,0.0,0.047619047564625844,0.0,0.0,0.0,0.0,0.0,0.0,0.0,0.0,0.0,0.0,0.0,0.0,0.0,0.0,0.0,0.0,0.0,0.0,0.0,0.0,0.0,0.047619047564625844,0.0,0.0,0.0,0.0,0.0,0.0,0.0,0.0,0.0,0.0,0.023809523853741493,0.0,0.0,0.0,0.0,0.0,0.023809523853741493,0.0,0.0,0.0,0.0,0.0,0.0,0.0,0.0,0.0,0.0,0.0,0.0,0.0,0.0,0.0,0.0,0.0,0.0,0.0,0.0,0.0,0.0,0.0,0.0,0.0,0.0,0.0,0.0,0.0,0.0,0.0,0.0,0.0,0.0,0.0,0.0,0.0
0.040000000057600002,0.0,0.43999999967360004,0.0,0.0,0.0,0.0,0.0,0.0,0.0,0.0,0.040000000057600002,0.0,0.0,0.0,0.15999999999040002,0.0,0.0,0.040000000057600002,0.0,0.0,0.0,0.0,0.0,0.0,0.0,0.0,0.0,0.0,0.0,0.0,0.0,0.0,0.0,0.0,0.0,0.0,0.0,0.0,0.0,0.0,0.0,0.0,0.040000000057600002,0.0,0.0,0.0,0.0,0.0,0.0,0.0,0.0,0.079999999875200012,0.0,0.040000000057600002,0.0,0.0,0.0,0.0,0.0,0.0,0.0,0.0,0.0,0.0,0.0,0.0,0.0,0.0,0.0,0.0,0.0,0.0,0.0,0.040000000057600002,0.0,0.040000000057600002,0.0,0.0,0.0,0.0,0.0,0.0,0.040000000057600002,0.0,0.0,0.0,0.0,0.0,0.0,0.0,0.0,0.0,0.0,0.0,0.0,0.0,0.0,0.0,0.0
0.025641025680473363,0.0,0.0,0.53846153821301757,0.0,0.0,0.025641025680473363,0.025641025680473363,0.0,0.0,0.025641025680473363,0.076923076887573938,0.025641025680473363,0.0,0.0,0.0,0.051282051207100575,0.025641025680473363,0.0,0.0,0.0,0.0,0.0,0.0,0.0,0.0,0.0,0.0,0.0,0.0,0.0,0.0,0.0,0.0,0.0,0.0,0.0,0.0,0.0,0.0,0.0,0.025641025680473363,0.0,0.0,0.0,0.025641025680473363,0.025641025680473363,0.0,0.025641025680473363,0.0,0.0,0.0,0.0,0.051282051207100575,0.0,0.025641025680473363,0.0,0.0,0.0,0.0,0.0,0.0,0.0,0.0,0.0,0.0,0.0,0.0,0.0,0.0,0.0,0.0,0.0,0.0,0.0,0.0,0.0,0.0,0.0,0.0,0.0,0.0,0.0,0.0,0.0,0.0,0.0,0.0,0.0,0.0,0.0,0.0,0.0,0.0,0.0,0.0,0.0,0.0,0.0,0.0
0.0,0.0,0.0,0.0,0.58620689615933397,0.0,0.0,0.0,0.0,0.034482758670630186,0.034482758670630186,0.0,0.0,0.0,0.0,0.0,0.0,0.0,0.034482758670630186,0.06896551713436383,0.0,0.0,0.0,0.0,0.0,0.0,0.0,0.0,0.0,0.0,0.0,0.0,0.0,0.0,0.0,0.0,0.0,0.0,0.0,0.0,0.0,0.0,0.0,0.0,0.034482758670630186,0.034482758670630186,0.0,0.0,0.0,0.0,0.034482758670630186,0.0,0.0,0.0,0.0,0.0,0.0,0.0,0.0,0.0,0.0,0.0,0.0,0.0,0.0,0.0,0.0,0.0,0.0,0.0,0.0,0.0,0.0,0.0,0.0,0.0,0.0,0.0,0.0,0.0,0.0,0.034482758670630186,0.0,0.0,0.0,0.0,0.0,0.0,0.0,0.0,0.0,0.0,0.0,0.034482758670630186,0.0,0.0,0.034482758670630186,0.0,0.034482758670630186,0.0
0.028571428625306122,0.11428571432979592,0.0,0.0,0.028571428625306122,0.3428571428179592,0.028571428625306122,0.0,0.057142857079183679,0.0,0.11428571432979592,0.0,0.057142857079183679,0.0,0.0,0.0,0.0,0.0,0.057142857079183679,0.0,0.0,0.0,0.0,0.0,0.0,0.0,0.0,0.0,0.0,0.0,0.0,0.0,0.0,0.0,0.0,0.0,0.0,0.0,0.0,0.0,0.0,0.0,0.0,0.0,0.0,0.028571428625306122,0.057142857079183679,0.0,0.0,0.0,0.0,0.0,0.0,0.0,0.0,0.0,0.057142857079183679,0.028571428625306122,0.0,0.0,0.0,0.0,0.0,0.0,0.0,0.0,0.0,0.0,0.0,0.0,0.0,0.0,0.0,0.0,0.0,0.0,0.0,0.0,0.0,0.0,0.0,0.0,0.0,0.0,0.0,0.0,0.0,0.0,0.0,0.0,0.0,0.0,0.0,0.0,0.0,0.0,0.0,0.0,0.0,0.0
0.0,0.0,0.0,0.0,0.0,0.025000000037499991,0.49999999969999986,0.025000000037499991,0.0,0.025000000037499991,0.0,0.025000000037499991,0.0,0.025000000037499991,0.0,0.025000000037499991,0.0,0.07499999996249998,0.0,0.0,0.0,0.0,0.0,0.0,0.0,0.0,0.0,0.0,0.0,0.0,0.0,0.0,0.0,0.0,0.0,0.0,0.0,0.0,0.0,0.0,0.0,0.0,0.0,0.0,0.0,0.0,0.0,0.07499999996249998,0.0,0.025000000037499991,0.0,0.0,0.049999999924999983,0.025000000037499991,0.025000000037499991,0.025000000037499991,0.0,0.025000000037499991,0.0,0.025000000037499991,0.0,0.0,0.0,0.0,0.0,0.0,0.0,0.0,0.0,0.0,0.0,0.0,0.0,0.0,0.0,0.0,0.0,0.0,0.0,0.0,0.0,0.0,0.0,0.0,0.0,0.0,0.0,0.0,0.0,0.0,0.0,0.0,0.0,0.0,0.0,0.0,0.0,0.0,0.0,0.0
0.0,0.038461538505917159,0.038461538505917159,0.038461538505917159,0.0,0.0,0.0,0.46153846114792901,0.0,0.038461538505917159,0.0,0.0,0.0,0.0,0.0,0.0,0.0,0.0,0.038461538505917159,0.0,0.0,0.0,0.0,0.038461538505917159,0.0,0.0,0.0,0.0,0.0,0.0,0.0,0.0,0.0,0.0,0.0,0.0,0.0,0.0,0.0,0.0,0.0,0.0,0.0,0.0,0.0,0.038461538505917159,0.0,0.0,0.038461538505917159,0.0,0.038461538505917159,0.0,0.0,0.038461538505917159,0.0,0.0,0.0,0.0,0.0,0.11538461528698225,0.0,0.0,0.0,0.0,0.0,0.0,0.0,0.0,0.0,0.0,0.0,0.0,0.0,0.038461538505917159,0.0,0.0,0.0,0.0,0.0,0.0,0.0,0.0,0.0,0.0,0.0,0.0,0.0,0.0,0.0,0.0,0.0,0.0,0.0,0.0,0.0,0.0,0.0,0.0,0.0,0.0
0.025316455668322385,0.012658227872135875,0.0,0.012658227872135875,0.012658227872135875,0.025316455668322385,0.0,0.0,0.50632911389809332,0.0,0.0,0.0,0.0,0.0,0.025316455668322385,0.0,0.0,0.0,0.0,0.0,0.0,0.0,0.0,0.0,0.0,0.0,0.0,0.0,0.0,0.0,0.0,0.0,0.012658227872135875,0.0,0.0,0.0,0.0,0.0,0.0,0.0,0.0,0.0,0.0,0.0,0.0,0.012658227872135875,0.0,0.0,0.0,0.0,0.0,0.012658227872135875,0.0,0.0,0.0,0.0,0.0,0.0,0.15189873416183305,0.0,0.0,0.0,0.0,0.0,0.0,0.0,0.0,0.0,0.0,0.0,0.0,0.037974683540458264,0.0,0.0,0.0,0.0,0.15189873416183305,0.0,0.0,0.0,0.0,0.0,0.0,0.0,0.0,0.0,0.0,0.0,0.0,0.0,0.0,0.0,0.0,0.0,0.0,0.0,0.0,0.0,0.0,0.0
0.0,0.062499999906249992,0.0,0.0,0.0,0.0,0.03125000004687499,0.03125000004687499,0.03125000004687499,0.49999999981249993,0.0,0.0,0.0,0.0,0.0,0.03125000004687499,0.0,0.03125000004687499,0.0,0.0,0.0,0.0,0.0,0.0,0.0,0.0,0.0,0.0,0.0,0.0,0.0,0.0,0.0,0.0,0.0,0.0,0.0,0.0,0.0,0.0,0.03125000004687499,0.0,0.0,0.0,0.0,0.0,0.0,0.0,0.0,0.0,0.0,0.03125000004687499,0.0,0.062499999906249992,0.0,0.0,0.0,0.03125000004687499,0.093749999953124982,0.0,0.0,0.0,0.03125000004687499,0.0,0.0,0.0,0.0,0.0,0.0,0.0,0.0,0.0,0.0,0.0,0.0,0.0,0.0,0.0,0.0,0.0,0.0,0.0,0.0,0.0,0.0,0.0,0.0,0.0,0.0,0.0,0.0,0.0,0.0,0.0,0.0,0.0,0.0,0.0,0.0,0.0
0.027027027062089103,0.081081081024105148,0.0,0.027027027062089103,0.0,0.027027027062089103,0.027027027062089103,0.0,0.0,0.081081081024105148,0.43243243218261485,0.0,0.0,0.0,0.0,0.027027027062089103,0.0,0.054054053962016048,0.0,0.0,0.0,0.0,0.0,0.027027027062089103,0.0,0.0,0.0,0.0,0.0,0.0,0.0,0.0,0.0,0.0,0.0,0.0,0.0,0.0,0.0,0.0,0.0,0.0,0.0,0.0,0.027027027062089103,0.027027027062089103,0.0,0.0,0.0,0.0,0.027027027062089103,0.0,0.0,0.0,0.0,0.0,0.0,0.0,0.0,0.0,0.0,0.0,0.0,0.027027027062089103,0.0,0.0,0.0,0.0,0.0,0.0,0.0,0.0,0.0,0.0,0.0,0.0,0.0,0.0,0.0,0.0,0.0,0.0,0.0,0.0,0.0,0.0,0.0,0.027027027062089103,0.0,0.0,0.0,0.0,0.0,0.0,0.0,0.027027027062089103,0.0,0.027027027062089103,0.0,0.0
0.0,0.0,0.033333333386666657,0.033333333386666657,0.0,0.0,0.0,0.066666666573333325,0.0,0.033333333386666657,0.0,0.36666666645333323,0.0,0.033333333386666657,0.0,0.0,0.0,0.066666666573333325,0.033333333386666657,0.0,0.0,0.0,0.0,0.0,0.0,0.0,0.0,0.0,0.0,0.0,0.0,0.0,0.0,0.0,0.033333333386666657,0.0,0.0,0.0,0.0,0.0,0.0,0.066666666573333325,0.0,0.0,0.0,0.0,0.0,0.0,0.033333333386666657,0.0,0.0,0.0,0.0,0.0,0.0,0.0,0.0,0.0,0.0,0.0,0.0,0.0,0.0,0.0,0.033333333386666657,0.0,0.0,0.0,0.0,0.0,0.033333333386666657,0.0,0.0,0.0,0.0,0.0,0.0,0.0,0.0,0.0,0.0,0.0,0.0,0.033333333386666657,0.0,0.066666666573333325,0.0,0.0,0.0,0.033333333386666657,0.0,0.0,0.0,0.0,0.0,0.0,0.0,0.0,0.0,0.0
0.034482758684898925,0.0,0.0,0.068965517162901308,0.0,0.13793103453269914,0.0,0.0,0.0,0.0,0.068965517162901308,0.0,0.48275862055410224,0.034482758684898925,0.0,0.034482758684898925,0.034482758684898925,0.0,0.068965517162901308,0.0,0.0,0.0,0.0,0.0,0.0,0.0,0.0,0.0,0.0,0.0,0.0,0.0,0.0,0.0,0.0,0.0,0.0,0.0,0.0,0.0,0.0,0.0,0.0,0.0,0.0,0.0,0.0,0.0,0.0,0.0,0.0,0.0,0.0,0.0,0.0,0.0,0.0,0.0,0.0,0.0,0.0,0.0,0.0,0.0,0.0,0.034482758684898925,0.0,0.0,0.0,0.0,0.0,0.0,0.0,0.0,0.0,0.0,0.0,0.0,0.0,0.0,0.0,0.0,0.0,0.0,0.0,0.0,0.0,0.0,0.0,0.0,0.0,0.0,0.0,0.0,0.0,0.0,0.0,0.0,0.0,0.0
0.0,0.0,0.0,0.0,0.0,0.0,0.04166666672916667,0.04166666672916667,0.0,0.0,0.0,0.04166666672916667,0.0,0.4583333330208334,0.0,0.0,0.04166666672916667,0.083333333208333346,0.0,0.04166666672916667,0.0,0.0,0.0,0.0,0.0,0.0,0.0,0.0,0.0,0.0,0.0,0.0,0.0,0.0,0.0,0.0,0.0,0.0,0.0,0.0,0.04166666672916667,0.04166666672916667,0.0,0.0,0.0,0.04166666672916667,0.0,0.0,0.083333333208333346,0.0,0.0,0.0,0.04166666672916667,0.0,0.0,0.0,0.0,0.0,0.0,0.0,0.0,0.0,0.0,0.0,0.0,0.0,0.0,0.0,0.0,0.0,0.0,0.0,0.0,0.0,0.0,0.0,0.0,0.0,0.0,0.0,0.0,0.0,0.0,0.0,0.0,0.0,0.0,0.0,0.0,0.0,0.0,0.0,0.0,0.0,0.0,0.0,0.0,0.0,0.0,0.0
0.068965517148632569,0.0,0.0,0.0,0.0,0.0,0.0,0.0,0.034482758677764562,0.0,0.0,0.0,0.0,0.0,0.48275862045422113,0.0,0.0,0.0,0.0,0.0,0.0,0.0,0.0,0.0,0.0,0.0,0.0,0.034482758677764562,0.0,0.0,0.0,0.0,0.0,0.0,0.0,0.0,0.0,0.0,0.0,0.0,0.0,0.0,0.0,0.0,0.0,0.0,0.0,0.0,0.0,0.034482758677764562,0.0,0.0,0.0,0.0,0.068965517148632569,0.034482758677764562,0.0,0.0,0.034482758677764562,0.0,0.034482758677764562,0.0,0.0,0.0,0.0,0.0,0.0,0.0,0.0,0.0,0.0,0.0,0.0,0.0,0.0,0.0,0.068965517148632569,0.0,0.0,0.0,0.0,0.0,0.034482758677764562,0.0,0.0,0.0,0.0,0.0,0.034482758677764562,0.0,0.034482758677764562,0.0,0.0,0.0,0.0,0.0,0.0,0.0,0.0,0.0
0.0,0.033333333379999983,0.066666666559999976,0.0,0.0,0.0,0.0,0.0,0.0,0.0,0.0,0.0,0.0,0.0,0.0,0.56666666625999984,0.0,0.033333333379999983,0.0,0.033333333379999983,0.0,0.0,0.0,0.0,0.0,0.0,0.0,0.0,0.0,0.0,0.0,0.0,0.0,0.0,0.0,0.0,0.0,0.0,0.0,0.0,0.0,0.0,0.0,0.0,0.0,0.033333333379999983,0.0,0.0,0.0,0.0,0.033333333379999983,0.0,0.0,0.033333333379999983,0.033333333379999983,0.0,0.033333333379999983,0.0,0.0,0.0,0.0,0.0,0.0,0.0,0.0,0.0,0.0,0.0,0.0,0.0,0.0,0.0,0.0,0.0,0.0,0.033333333379999983,0.0,0.0,0.0,0.0,0.0,0.0,0.0,0.0,0.0,0.0,0.0,0.0,0.033333333379999983,0.0,0.0,0.0,0.0,0.033333333379999983,0.0,0.0,0.0,0.0,0.0,0.0
0.034482758663495837,0.0,0.034482758663495837,0.0,0.034482758663495837,0.0,0.0,0.034482758663495837,0.034482758663495837,0.0,0.0,0.0,0.0,0.0,0.0,0.0,0.44827586179785966,0.0,0.0,0.068965517120095132,0.0,0.0,0.0,0.0,0.0,0.0,0.0,0.0,0.0,0.0,0.0,0.034482758663495837,0.0,0.0,0.0,0.0,0.0,0.0,0.0,0.0,0.0,0.0,0.034482758663495837,0.0,0.0,0.0,0.0,0.0,0.034482758663495837,0.0,0.0,0.13793103444708679,0.0,0.0,0.034482758663495837,0.0,0.0,0.0,0.034482758663495837,0.0,0.0,0.0,0.0,0.0,0.0,0.0,0.0,0.0,0.0,0.0,0.0,0.0,0.0,0.0,0.0,0.0,0.0,0.0,0.0,0.0,0.0,0.0,0.0,0.0,0.0,0.0,0.0,0.0,0.0,0.0,0.0,0.0,0.0,0.0,0.0,0.0,0.0,0.0,0.0,0.0
0.0,0.030303030352617073,0.0,0.0,0.0,0.030303030352617073,0.090909090876033036,0.0,0.0,0.030303030352617073,0.090909090876033036,0.090909090876033036,0.0,0.090909090876033036,0.0,0.0,0.0,0.45454545438016519,0.0,0.0,0.0,0.0,0.0,0.0,0.0,0.0,0.0,0.0,0.0,0.0,0.0,0.0,0.0,0.0,0.0,0.0,0.0,0.0,0.0,0.0,0.0,0.0,0.0,0.0,0.0,0.0,0.0,0.0,0.0,0.0,0.0,0.0,0.0,0.0,0.0,0.0,0.030303030352617073,0.0,0.030303030352617073,0.0,0.0,0.0,0.0,0.0,0.030303030352617073,0.0,0.0,0.0,0.0,0.0,0.0,0.0,0.0,0.0,0.0,0.0,0.0,0.0,0.0,0.0,0.0,0.0,0.0,0.0,0.0,0.0,0.0,0.0,0.0,0.0,0.0,0.0,0.0,0.0,0.0,0.0,0.0,0.0,0.0,0.0
0.0,0.037037037078189297,0.0,0.074074073934156381,0.037037037078189297,0.037037037078189297,0.0,0.037037037078189297,0.0,0.0,0.0,0.037037037078189297,0.037037037078189297,0.0,0.0,0.037037037078189297,0.0,0.0,0.40740740697119338,0.0,0.0,0.0,0.0,0.037037037078189297,0.0,0.0,0.0,0.0,0.0,0.0,0.0,0.0,0.0,0.0,0.0,0.0,0.0,0.0,0.0,0.0,0.0,0.0,0.0,0.0,0.037037037078189297,0.037037037078189297,0.037037037078189297,0.0,0.0,0.0,0.0,0.0,0.0,0.0,0.0,0.0,0.037037037078189297,0.0,0.0,0.037037037078189297,0.0,0.0,0.0,0.0,0.037037037078189297,0.0,0.0,0.0,0.0,0.0,0.0,0.0,0.0,0.0,0.0,0.0,0.0,0.0,0.0,0.0,0.0,0.0,0.0,0.0,0.0,0.0,0.0,0.0,0.0,0.0,0.0,0.0,0.0,0.0,0.0,0.0,0.0,0.0,0.0,0.0
0.0,0.0,0.0,0.0,0.18518518506995882,0.0,0.074074073983539088,0.0,0.0,0.0,0.0,0.0,0.0,0.03703703710288065,0.03703703710288065,0.0,0.074074073983539088,0.0,0.0,0.40740740724279823,0.0,0.0,0.0,0.0,0.0,0.0,0.0,0.0,0.0,0.0,0.0,0.0,0.0,0.0,0.0,0.0,0.0,0.03703703710288065,0.0,0.0,0.0,0.0,0.0,0.0,0.0,0.0,0.0,0.0,0.0,0.0,0.03703703710288065,0.0,0.0,0.0,0.0,0.0,0.0,0.0,0.0,0.0,0.0,0.0,0.0,0.0,0.0,0.0,0.0,0.0,0.0,0.0,0.0,0.0,0.0,0.0,0.0,0.0,0.0,0.0,0.0,0.0,0.0,0.0,0.0,0.0,0.0,0.03703703710288065,0.0,0.0,0.0,0.0,0.03703703710288065,0.0,0.0,0.03703703710288065,0.0,0.0,0.0,0.0,0.0,0.0
0.0,0.0,0.034482758677764562,0.0,0.0,0.0,0.0,0.0,0.0,0.0,0.0,0.0,0.0,0.0,0.0,0.0,0.0,0.034482758677764562,0.0,0.0,0.44827586198335312,0.0,0.034482758677764562,0.0,0.0,0.0,0.0,0.068965517148632582,0.0,0.0,0.0,0.0,0.0,0.0,0.0,0.034482758677764562,0.034482758677764562,0.17241379297502973,0.0,0.0,0.0,0.0,0.0,0.0,0.0,0.0,0.0,0.0,0.0,0.0,0.0,0.0,0.0,0.0,0.0,0.0,0.0,0.0,0.0,0.0,0.0,0.0,0.0,0.0,0.0,0.0,0.0,0.034482758677764562,0.0,0.0,0.0,0.0,0.0,0.0,0.0,0.0,0.0,0.0,0.0,0.0,0.0,0.068965517148632582,0.0,0.0,0.0,0.0,0.0,0.0,0.0,0.0,0.0,0.0,0.0,0.034482758677764562,0.0,0.0,0.0,0.0,0.0,0.0
0.0,0.0,0.0,0.0,0.0,0.0,0.0,0.0,0.0,0.0,0.0,0.0,0.030303030347107438,0.0,0.030303030347107438,0.0,0.0,0.0,0.0,0.0,0.0,0.48484848464462815,0.030303030347107438,0.030303030347107438,0.0,0.030303030347107438,0.0,0.0,0.0,0.030303030347107438,0.0,0.0,0.030303030347107438,0.0,0.0,0.030303030347107438,0.060606060512396705,0.0,0.0,0.0,0.0,0.0,0.0,0.0,0.0,0.0,0.0,0.0,0.0,0.0,0.0,0.0,0.0,0.0,0.0,0.0,0.0,0.0,0.0,0.0,0.0,0.0,0.0,0.0,0.030303030347107438,0.0,0.090909090859504146,0.0,0.0,0.0,0.0,0.0,0.0,0.0,0.0,0.0,0.0,0.0,0.0,0.0,0.0,0.0,0.0,0.0,0.0,0.0,0.0,0.0,0.060606060512396705,0.0,0.0,0.0,0.0,0.0,0.0,0.0,0.0,0.030303030347107438,0.0,0.0
0.0,0.0,0.0,0.0,0.0,0.0,0.0,0.0,0.0,0.03448275866349583,0.0,0.0,0.0,0.0,0.0,0.0,0.0,0.0,0.0,0.0,0.0,0.0,0.65517241336504151,0.03448275866349583,0.03448275866349583,0.03448275866349583,0.0,0.0,0.0,0.03448275866349583,0.0,0.0,0.0,0.0,0.0,0.0,0.0,0.03448275866349583,0.0,0.0,0.0,0.0,0.0,0.0,0.0,0.0,0.0,0.0,0.0,0.0,0.0,0.0,0.0,0.0,0.0,0.0,0.0,0.0,0.0,0.0,0.0,0.0,0.0,0.0,0.03448275866349583,0.0,0.0,0.0,0.0,0.0,0.0,0.0,0.0,0.0,0.0,0.0,0.0,0.0,0.0,0.0,0.0,0.0,0.0,0.0,0.0,0.0,0.0,0.0,0.03448275866349583,0.0,0.0,0.0,0.03448275866349583,0.0,0.0,0.0,0.03448275866349583,0.0,0.0,0.0
0.0,0.0,0.0,0.0,0.0,0.0,0.0,0.0,0.02439024394527067,0.0,0.0,0.0,0.0,0.0,0.0,0.0,0.0,0.0,0.02439024394527067,0.0,0.0,0.04878048774419988,0.0,0.46341463408209393,0.0,0.0,0.0,0.0,0.0,0.02439024394527067,0.0,0.0,0.0,0.0,0.0,0.0,0.02439024394527067,0.02439024394527067,0.02439024394527067,0.0,0.0,0.0,0.0,0.02439024394527067,0.0,0.0,0.0,0.0,0.0,0.0,0.0,0.0,0.0,0.0,0.0,0.0,0.0,0.0,0.0,0.0,0.0,0.0,0.0,0.0,0.12195121943367042,0.0,0.19512195112314096,0.0,0.0,0.0,0.0,0.0,0.0,0.0,0.0,0.0,0.0,0.0,0.0,0.0,0.0,0.0,0.0,0.0,0.0,0.0,0.0,0.0,0.0,0.0,0.0,0.0,0.0,0.0,0.0,0.0,0.0,0.0,0.0,0.0
0.0,0.0,0.0,0.0,0.0,0.0,0.0,0.0,0.0,0.0,0.0,0.0,0.0,0.0,0.0,0.0,0.0,0.0,0.0,0.0,0.0,0.0,0.0,0.0,0.54285714266612228,0.028571428615510194,0.0,0.0,0.0,0.028571428615510194,0.0,0.057142857059591823,0.0,0.0,0.028571428615510194,0.0,0.0,0.0,0.0,0.028571428615510194,0.0,0.0,0.0,0.0,0.0,0.0,0.0,0.0,0.0,0.0,0.0,0.0,0.0,0.0,0.0,0.0,0.0,0.0,0.0,0.0,0.0,0.0,0.0,0.028571428615510194,0.0,0.0,0.0,0.0,0.0,0.0,0.0,0.0,0.0,0.0,0.0,0.057142857059591823,0.0,0.0,0.0,0.028571428615510194,0.028571428615510194,0.028571428615510194,0.0,0.0,0.0,0.0,0.0,0.0,0.057142857059591823,0.0,0.0,0.0,0.0,0.0,0.028571428615510194,0.0,0.0,0.028571428615510194,0.0,0.0
0.0,0.0,0.0,0.0,0.0,0.0,0.0,0.0,0.0,0.0,0.0,0.024390243941701362,0.0,0.0,0.0,0.0,0.0,0.0,0.0,0.0,0.0,0.0,0.0,0.0,0.0,0.43902439007257577,0.0,0.0,0.0,0.024390243941701362,0.0,0.0,0.073170731678762618,0.0,0.12195121941582389,0.0,0.0,0.0,0.024390243941701362,0.0,0.0,0.0,0.0,0.0,0.0,0.0,0.0,0.0,0.0,0.0,0.0,0.0,0.0,0.0,0.0,0.0,0.0,0.0,0.0,0.0,0.024390243941701362,0.024390243941701362,0.0,0.09756097562046398,0.0,0.0,0.024390243941701362,0.0,0.0,0.0,0.0,0.024390243941701362,0.0,0.0,0.0,0.0,0.0,0.0,0.0,0.0,0.0,0.024390243941701362,0.0,0.0,0.0,0.0,0.0,0.0,0.048780487737061264,0.0,0.0,0.0,0.0,0.0,0.0,0.0,0.0,0.0,0.024390243941701362,0.0
0.0,0.0,0.0,0.0,0.0,0.0,0.0,0.0,0.0,0.0,0.0,0.0,0.0,0.0,0.0,0.0,0.0,0.0,0.0,0.0,0.040000000067199996,0.0,0.0,0.0,0.0,0.0,0.55999999974079995,0.0,0.0,0.0,0.040000000067199996,0.0,0.040000000067199996,0.0,0.040000000067199996,0.0,0.0,0.0,0.0,0.0,0.0,0.040000000067199996,0.0,0.079999999894400001,0.0,0.0,0.0,0.0,0.0,0.0,0.0,0.0,0.0,0.0,0.0,0.0,0.0,0.0,0.0,0.0,0.0,0.0,0.0,0.0,0.0,0.0,0.0,0.079999999894400001,0.0,0.0,0.0,0.0,0.0,0.0,0.0,0.0,0.0,0.0,0.0,0.0,0.0,0.0,0.0,0.0,0.040000000067199996,0.040000000067199996,0.0,0.0,0.0,0.0,0.0,0.0,0.0,0.0,0.0,0.0,0.0,0.0,0.0,0.0
0.0,0.0,0.0,0.0,0.0,0.0,0.0,0.0,0.0,0.0,0.0,0.0,0.0,0.0,0.0,0.0,0.0,0.0,0.0,0.0,0.033333333373333329,0.0,0.0,0.0,0.0,0.033333333373333329,0.033333333373333329,0.46666666622666664,0.0,0.0,0.0,0.0,0.0,0.033333333373333329,0.0,0.0,0.0,0.0,0.033333333373333329,0.033333333373333329,0.0,0.033333333373333329,0.0,0.0,0.0,0.0,0.0,0.0,0.0,0.0,0.0,0.0,0.0,0.0,0.0,0.0,0.0,0.0,0.0,0.0,0.0,0.0,0.0,0.0,0.0,0.033333333373333329,0.0,0.033333333373333329,0.0,0.0,0.0,0.0,0.0,0.0,0.0,0.0,0.0,0.0,0.0,0.0,0.0,0.0,0.033333333373333329,0.0,0.0,0.0,0.033333333373333329,0.0,0.0,0.0,0.033333333373333329,0.06666666654666667,0.0,0.0,0.033333333373333329,0.0,0.033333333373333329,0.0,0.0,0.0
0.0,0.0,0.0,0.0,0.0,0.0,0.0,0.0,0.0,0.0,0.0,0.0,0.0,0.0,0.0,0.0,0.0,0.0,0.0,0.0,0.0,0.0,0.0,0.0,0.0,0.0,0.0,0.0,0.57692307656804731,0.0,0.0,0.0,0.0,0.0,0.0,0.0,0.0,0.0,0.038461538514792899,0.0,0.0,0.0,0.0,0.038461538514792899,0.0,0.0,0.0,0.0,0.0,0.0,0.0,0.0,0.0,0.0,0.0,0.0,0.0,0.0,0.0,0.0,0.0,0.0,0.038461538514792899,0.0,0.0,0.0,0.0,0.0,0.0,0.0,0.038461538514792899,0.0,0.0,0.0,0.0,0.0,0.0,0.038461538514792899,0.038461538514792899,0.0,0.038461538514792899,0.0,0.0,0.0,0.0,0.0,0.0,0.0,0.0,0.0,0.0,0.11538461531360947,0.0,0.0,0.038461538514792899,0.0,0.0,0.0,0.0,0.0
0.0,0.0,0.0,0.025641025676528588,0.0,0.0,0.0,0.0,0.0,0.0,0.0,0.0,0.0,0.0,0.0,0.0,0.0,0.0,0.0,0.0,0.0,0.0,0.025641025676528588,0.0,0.0,0.0,0.0,0.0,0.0,0.53846153813017728,0.0,0.025641025676528588,0.0,0.0,0.0,0.10256410255226819,0.025641025676528588,0.0,0.025641025676528588,0.0,0.0,0.0,0.0,0.0,0.0,0.0,0.025641025676528588,0.0,0.0,0.0,0.0,0.0,0.0,0.0,0.0,0.0,0.0,0.0,0.0,0.0,0.0,0.025641025676528588,0.0,0.0,0.0,0.0,0.025641025676528588,0.0,0.0,0.076923076875739613,0.0,0.0,0.0,0.0,0.0,0.025641025676528588,0.025641025676528588,0.0,0.0,0.0,0.0,0.0,0.0,0.0,0.0,0.0,0.0,0.0,0.025641025676528588,0.0,0.0,0.0,0.0,0.0,0.0,0.0,0.0,0.0,0.0,0.0
0.0,0.0,0.0,0.0,0.0,0.0,0.0,0.0,0.0,0.0,0.0,0.0,0.0,0.0,0.0,0.0,0.0,0.0,0.0,0.0,0.0,0.0,0.0,0.0,0.0,0.0,0.0,0.0,0.090909090785123978,0.0,0.54545454525619841,0.045454545528925624,0.0,0.0,0.045454545528925624,0.0,0.0,0.0,0.0,0.0,0.0,0.0,0.045454545528925624,0.0,0.0,0.0,0.0,0.0,0.0,0.0,0.0,0.0,0.0,0.0,0.0,0.0,0.0,0.0,0.0,0.0,0.090909090785123978,0.0,0.0,0.0,0.0,0.0,0.0,0.045454545528925624,0.0,0.0,0.0,0.0,0.0,0.0,0.0,0.0,0.045454545528925624,0.0,0.0,0.0,0.0,0.0,0.0,0.0,0.0,0.0,0.0,0.0,0.0,0.0,0.0,0.0,0.0,0.0,0.045454545528925624,0.0,0.0,0.0,0.0,0.0
0.076923076798816575,0.0,0.0,0.0,0.0,0.0,0.0,0.0,0.0,0.0,0.0,0.0,0.0,0.0,0.0,0.0,0.038461538514792899,0.0,0.0,0.0,0.038461538514792899,0.0,0.0,0.0,0.038461538514792899,0.0,0.0,0.076923076798816575,0.0,0.0,0.0,0.46153846125443787,0.0,0.0,0.038461538514792899,0.0,0.0,0.0,0.038461538514792899,0.0,0.0,0.0,0.0,0.0,0.0,0.0,0.0,0.0,0.0,0.0,0.0,0.0,0.0,0.038461538514792899,0.0,0.0,0.0,0.0,0.0,0.0,0.038461538514792899,0.0,0.0,0.0,0.0,0.0,0.0,0.0,0.0,0.0,0.038461538514792899,0.0,0.0,0.0,0.0,0.0,0.0,0.0,0.0,0.0,0.0,0.0,0.0,0.0,0.0,0.0,0.0,0.0,0.0,0.0,0.0,0.0,0.0,0.0,0.038461538514792899,0.0,0.038461538514792899,0.0,0.0,0.0
0.0,0.0,0.0,0.0,0.0,0.0,0.0,0.0,0.0,0.0,0.0,0.0,0.0,0.0,0.0,0.0,0.0,0.0,0.0,0.0,0.0,0.0,0.0,0.0,0.0,0.064516128976066595,0.096774193560874092,0.0,0.0,0.0,0.064516128976066595,0.03225806458480749,0.54838709678043707,0.0,0.03225806458480749,0.0,0.0,0.0,0.064516128976066595,0.0,0.0,0.0,0.0,0.0,0.0,0.0,0.0,0.0,0.0,0.0,0.0,0.0,0.0,0.0,0.0,0.0,0.0,0.0,0.0,0.0,0.0,0.0,0.0,0.0,0.0,0.0,0.0,0.0,0.0,0.0,0.03225806458480749,0.0,0.064516128976066595,0.0,0.0,0.0,0.0,0.0,0.0,0.0,0.0,0.0,0.0,0.0,0.0,0.0,0.0,0.0,0.0,0.0,0.0,0.0,0.0,0.0,0.0,0.0,0.0,0.0,0.0,0.0
0.0,0.0,0.0,0.0,0.0,0.0,0.0,0.0,0.0,0.0,0.0,0.0,0.0,0.0,0.0,0.0,0.0,0.0,0.0,0.0,0.10526315774515238,0.0,0.0,0.0,0.0,0.0,0.052631579030470922,0.052631579030470922,0.0,0.0,0.0,0.052631579030470922,0.0,0.63157894710249318,0.0,0.0,0.0,0.0,0.0,0.0,0.0,0.0,0.0,0.0,0.0,0.0,0.0,0.0,0.0,0.0,0.0,0.0,0.0,0.0,0.0,0.0,0.0,0.0,0.052631579030470922,0.0,0.0,0.0,0.0,0.0,0.0,0.0,0.0,0.0,0.0,0.0,0.0,0.0,0.0,0.0,0.052631579030470922,0.0,0.0,0.0,0.0,0.0,0.0,0.0,0.0,0.0,0.0,0.0,0.0,0.0,0.0,0.0,0.0,0.0,0.0,0.0,0.0,0.0,0.0,0.0,0.0,0.0
0.0,0.029411764747404836,0.0,0.029411764747404836,0.0,0.0,0.0,0.0,0.0,0.0,0.0,0.0,0.0,0.0,0.0,0.0,0.0,0.0,0.0,0.0,0.0,0.0,0.0,0.029411764747404836,0.0,0.088235294065743916,0.0,0.0,0.0,0.029411764747404836,0.0,0.0,0.029411764747404836,0.0,0.44117647032871959,0.058823529318339084,0.0,0.088235294065743916,0.029411764747404836,0.0,0.0,0.0,0.0,0.0,0.0,0.029411764747404836,0.0,0.0,0.0,0.0,0.0,0.0,0.0,0.029411764747404836,0.0,0.0,0.0,0.0,0.0,0.0,0.0,0.0,0.0,0.0,0.029411764747404836,0.0,0.0,0.0,0.0,0.0,0.0,0.0,0.0,0.0,0.0,0.0,0.029411764747404836,0.0,0.0,0.0,0.0,0.0,0.0,0.0,0.0,0.0,0.0,0.0,0.0,0.0,0.029411764747404836,0.0,0.0,0.0,0.0,0.0,0.0,0.0,0.0,0.0
0.0,0.0,0.0,0.0,0.0,0.0,0.0,0.0,0.031250000041015615,0.031250000041015615,0.0,0.0,0.031250000041015615,0.0,0.0,0.0,0.0,0.0,0.0,0.0,0.031250000041015615,0.031250000041015615,0.031250000041015615,0.0,0.031250000041015615,0.031250000041015615,0.0,0.0,0.0,0.031250000041015615,0.0,0.0,0.0,0.0,0.062499999894531241,0.46874999967773429,0.0,0.0,0.0,0.0,0.031250000041015615,0.0,0.0,0.0,0.0,0.0,0.0,0.0,0.0,0.0,0.0,0.0,0.0,0.031250000041015615,0.0,0.0,0.0,0.0,0.0,0.0,0.0,0.0,0.0,0.0,0.0,0.0,0.0,0.0,0.0,0.0,0.0,0.0,0.0,0.0,0.0,0.0,0.0,0.0,0.0,0.0,0.0,0.0,0.0,0.0,0.0,0.0,0.0,0.031250000041015615,0.0,0.0,0.062499999894531241,0.0,0.0,0.0,0.0,0.0,0.0,0.0,0.031250000041015615,0.0
0.0,0.0,0.0,0.0,0.0,0.0,0.0,0.0,0.0,0.0,0.028571428620408158,0.0,0.0,0.0,0.0,0.0,0.0,0.0,0.0,0.0,0.057142857069387751,0.028571428620408158,0.0,0.057142857069387751,0.0,0.0,0.0,0.0,0.0,0.028571428620408158,0.0,0.0,0.0,0.028571428620408158,0.0,0.0,0.48571428551836732,0.0,0.0,0.0,0.0,0.0,0.0,0.0,0.0,0.0,0.0,0.0,0.0,0.0,0.0,0.0,0.0,0.0,0.0,0.0,0.0,0.0,0.0,0.0,0.0,0.0,0.0,0.0,0.1714285713795918,0.0,0.0,0.0,0.0,0.0,0.0,0.0,0.0,0.0,0.028571428620408158,0.0,0.0,0.0,0.0,0.0,0.0,0.0,0.0,0.0,0.0,0.0,0.028571428620408158,0.0,0.028571428620408158,0.0,0.0,0.0,0.0,0.0,0.0,0.0,0.0,0.0,0.028571428620408158,0.0
0.0,0.0,0.0,0.032258064566077001,0.0,0.0,0.0,0.0,0.0,0.0,0.0,0.0,0.0,0.0,0.0,0.0,0.0,0.0,0.0,0.0,0.22580645157544224,0.0,0.0,0.0,0.0,0.032258064566077001,0.0,0.0,0.0,0.0,0.0,0.0,0.032258064566077001,0.0,0.032258064566077001,0.032258064566077001,0.0,0.58064516102809571,0.0,0.0,0.0,0.0,0.0,0.0,0.0,0.0,0.0,0.0,0.0,0.0,0.0,0.0,0.0,0.0,0.0,0.0,0.0,0.0,0.0,0.0,0.0,0.0,0.0,0.0,0.0,0.0,0.0,0.0,0.0,0.0,0.0,0.0,0.0,0.0,0.0,0.0,0.0,0.0,0.0,0.0,0.0,0.0,0.0,0.0,0.0,0.0,0.0,0.0,0.0,0.0,0.032258064566077001,0.0,0.0,0.0,0.0,0.0,0.0,0.0,0.0,0.0
0.0,0.0,0.0,0.0,0.0,0.0,0.0,0.0,0.0,0.0,0.0,0.0,0.0,0.0,0.0,0.0,0.0,0.0,0.0,0.0,0.0,0.0,0.0,0.029411764747404836,0.029411764747404836,0.058823529318339084,0.0,0.0,0.0,0.0,0.0,0.029411764747404836,0.0,0.0,0.0,0.0,0.0,0.0,0.47058823507612441,0.029411764747404836,0.0,0.0,0.0,0.0,0.0,0.0,0.0,0.0,0.0,0.0,0.0,0.0,0.0,0.029411764747404836,0.0,0.0,0.0,0.0,0.0,0.0,0.029411764747404836,0.0,0.0,0.0,0.0,0.11764705881314876,0.0,0.0,0.0,0.0,0.0,0.058823529318339084,0.0,0.0,0.029411764747404836,0.0,0.029411764747404836,0.0,0.0,0.0,0.0,0.0,0.029411764747404836,0.0,0.0,0.0,0.0,0.0,0.029411764747404836,0.0,0.0,0.0,0.0,0.0,0.0,0.0,0.0,0.0,0.0,0.0
0.0,0.0,0.0,0.0,0.0,0.0,0.0,0.0,0.0,0.0,0.0,0.0,0.0,0.0,0.0,0.0,0.0,0.0,0.0,0.0,0.0,0.0,0.0,0.0,0.052631579030470922,0.052631579030470922,0.0,0.0,0.0,0.0,0.0,0.0,0.0,0.0,0.0,0.0,0.0,0.0,0.0,0.57894736807202218,0.0,0.0,0.0,0.0,0.0,0.0,0.0,0.0,0.0,0.0,0.0,0.0,0.052631579030470922,0.0,0.0,0.052631579030470922,0.0,0.0,0.0,0.0,0.0,0.0,0.0,0.0,0.0,0.0,0.0,0.0,0.0,0.0,0.0,0.0,0.10526315774515238,0.0,0.052631579030470922,0.0,0.0,0.0,0.0,0.0,0.0,0.0,0.052631579030470922,0.0,0.0,0.0,0.0,0.0,0.0,0.0,0.0,0.0,0.0,0.0,0.0,0.0,0.0,0.0,0.0,0.0
0.0,0.0,0.0,0.0,0.0,0.0,0.0,0.0,0.0,0.0,0.0,0.0,0.0,0.050000000030000012,0.050000000030000012,0.0,0.050000000030000012,0.0,0.0,0.0,0.0,0.0,0.0,0.0,0.0,0.0,0.0,0.0,0.0,0.0,0.0,0.0,0.0,0.0,0.0,0.0,0.0,0.0,0.0,0.050000000030000012,0.34999999961000011,0.0,0.0,0.0,0.0,0.0,0.0,0.0,0.050000000030000012,0.0,0.0,0.050000000030000012,0.0,0.0,0.0,0.0,0.0,0.050000000030000012,0.0,0.0,0.0,0.0,0.0,0.0,0.0,0.0,0.050000000030000012,0.0,0.0,0.0,0.0,0.0,0.0,0.0,0.0,0.0,0.0,0.0,0.0,0.0,0.0,0.0,0.0,0.0,0.0,0.0,0.0,0.0,0.0,0.0,0.0,0.050000000030000012,0.0,0.050000000030000012,0.0,0.0,0.050000000030000012,0.050000000030000012,0.0,0.050000000030000012
0.0,0.0,0.074074073967078172,0.037037037094650192,0.0,0.0,0.0,0.0,0.0,0.0,0.0,0.0,0.0,0.0,0.0,0.037037037094650192,0.0,0.037037037094650192,0.0,0.0,0.0,0.0,0.0,0.0,0.0,0.0,0.0,0.0,0.0,0.0,0.0,0.0,0.0,0.0,0.0,0.0,0.0,0.0,0.0,0.0,0.0,0.55555555530864187,0.0,0.037037037094650192,0.0,0.0,0.0,0.0,0.0,0.074074073967078172,0.0,0.0,0.0,0.0,0.0,0.037037037094650192,0.0,0.0,0.037037037094650192,0.0,0.0,0.037037037094650192,0.0,0.0,0.0,0.0,0.0,0.0,0.0,0.0,0.0,0.0,0.0,0.0,0.0,0.0,0.0,0.0,0.0,0.0,0.0,0.0,0.0,0.0,0.0,0.0,0.0,0.0,0.0,0.0,0.037037037094650192,0.0,0.0,0.0,0.0,0.0,0.0,0.0,0.0,0.0
0.0,0.0,0.0,0.0,0.0,0.0,0.0,0.0,0.0,0.0,0.0,0.0,0.0,0.0,0.0,0.0,0.060606060534435249,0.0,0.0,0.0,0.0,0.0,0.0,0.0,0.0,0.0,0.0,0.0,0.0,0.0,0.0,0.0,0.0,0.0,0.0,0.0,0.0,0.0,0.060606060534435249,0.0,0.030303030358126714,0.0,0.48484848482093651,0.15151515142699723,0.0,0.0,0.0,0.030303030358126714,0.0,0.0,0.0,0.030303030358126714,0.0,0.0,0.0,0.0,0.0,0.0,0.0,0.0,0.0,0.0,0.0,0.0,0.0,0.030303030358126714,0.0,0.0,0.0,0.060606060534435249,0.0,0.0,0.0,0.0,0.0,0.0,0.0,0.0,0.0,0.0,0.0,0.0,0.0,0.0,0.0,0.0,0.0,0.0,0.0,0.0,0.0,0.0,0.0,0.0,0.0,0.0,0.030303030358126714,0.0,0.030303030358126714,0.0
0.055555555462962945,0.027777777814814802,0.0,0.0,0.0,0.0,0.027777777814814802,0.0,0.0,0.0,0.0,0.0,0.0,0.0,0.027777777814814802,0.0,0.0,0.0,0.027777777814814802,0.0,0.0,0.0,0.0,0.0,0.0,0.0,0.027777777814814802,0.0,0.083333333277777755,0.0,0.0,0.0,0.0,0.0,0.0,0.0,0.0,0.0,0.0,0.0,0.0,0.027777777814814802,0.11111111109259256,0.38888888857407394,0.0,0.0,0.027777777814814802,0.0,0.0,0.027777777814814802,0.0,0.0,0.0,0.027777777814814802,0.0,0.0,0.0,0.0,0.0,0.027777777814814802,0.0,0.0,0.0,0.0,0.0,0.0,0.0,0.0,0.0,0.027777777814814802,0.0,0.0,0.0,0.0,0.0,0.0,0.0,0.0,0.0,0.0,0.0,0.0,0.0,0.027777777814814802,0.0,0.0,0.0,0.0,0.0,0.0,0.0,0.0,0.0,0.0,0.0,0.027777777814814802,0.0,0.0,0.0,0.0
0.0,0.0,0.0,0.0,0.0,0.0,0.0,0.0,0.0,0.0,0.074074073983539088,0.0,0.0,0.0,0.0,0.0,0.03703703710288065,0.0,0.0,0.0,0.0,0.0,0.0,0.0,0.0,0.0,0.0,0.0,0.0,0.0,0.0,0.0,0.0,0.0,0.0,0.03703703710288065,0.0,0.0,0.0,0.0,0.0,0.0,0.0,0.0,0.51851851832921803,0.0,0.11111111108641973,0.0,0.0,0.0,0.0,0.0,0.0,0.0,0.0,0.0,0.11111111108641973,0.0,0.0,0.0,0.0,0.0,0.0,0.0,0.0,0.0,0.0,0.03703703710288065,0.0,0.0,0.0,0.0,0.03703703710288065,0.0,0.0,0.0,0.0,0.0,0.0,0.0,0.0,0.0,0.0,0.0,0.0,0.0,0.0,0.0,0.0,0.0,0.0,0.0,0.0,0.0,0.0,0.0,0.0,0.0,0.0,0.03703703710288065
0.0,0.031250000064453123,0.0,0.0,0.0,0.062499999941406252,0.0,0.0,0.0,0.0,0.031250000064453123,0.0,0.062499999941406252,0.0,0.0,0.0,0.0,0.0,0.062499999941406252,0.031250000064453123,0.0,0.031250000064453123,0.0,0.0,0.0,0.0,0.0,0.0,0.0,0.031250000064453123,0.031250000064453123,0.0,0.0,0.0,0.0,0.0,0.0,0.0,0.0,0.0,0.0,0.0,0.0,0.062499999941406252,0.062499999941406252,0.43749999996484379,0.0,0.0,0.0,0.062499999941406252,0.0,0.0,0.0,0.0,0.0,0.0,0.0,0.0,0.0,0.0,0.0,0.0,0.0,0.0,0.0,0.0,0.0,0.0,0.0,0.0,0.0,0.0,0.0,0.0,0.0,0.0,0.0,0.0,0.0,0.0,0.0,0.0,0.0,0.0,0.0,0.0,0.0,0.0,0.0,0.0,0.0,0.0,0.0,0.0,0.0,0.0,0.0,0.0,0.0,0.0
0.0,0.0,0.0,0.0,0.0,0.057142857059591823,0.0,0.0,0.0,0.0,0.0,0.0,0.028571428615510194,0.0,0.0,0.0,0.0,0.0,0.057142857059591823,0.057142857059591823,0.0,0.0,0.0,0.0,0.0,0.0,0.028571428615510194,0.0,0.0,0.0,0.0,0.0,0.0,0.0,0.0,0.028571428615510194,0.0,0.0,0.0,0.0,0.0,0.0,0.0,0.028571428615510194,0.0,0.0,0.45714285699102025,0.0,0.0,0.0,0.028571428615510194,0.0,0.0,0.0,0.0,0.0,0.085714285675102017,0.0,0.0,0.0,0.0,0.0,0.0,0.0,0.0,0.0,0.0,0.0,0.0,0.0,0.0,0.0,0.0,0.0,0.0,0.0,0.0,0.0,0.028571428615510194,0.0,0.0,0.028571428615510194,0.0,0.0,0.0,0.0,0.028571428615510194,0.0,0.0,0.0,0.0,0.0,0.0,0.028571428615510194,0.0,0.0,0.0,0.0,0.0,0.028571428615510194
0.0,0.0,0.0,0.0,0.0,0.0,0.047619047673469403,0.0,0.0,0.0,0.0,0.047619047673469403,0.0,0.0,0.0,0.0,0.0,0.0,0.0,0.0,0.0,0.0,0.0,0.0,0.0,0.0,0.0,0.0,0.0,0.0,0.0,0.0,0.0,0.0,0.0,0.0,0.0,0.0,0.0,0.0,0.0,0.0,0.0,0.0,0.0,0.0,0.0,0.57142857093877564,0.0,0.0,0.0,0.047619047673469403,0.0,0.0,0.0,0.047619047673469403,0.0,0.0,0.0,0.047619047673469403,0.0,0.0,0.0,0.0,0.0,0.0,0.0,0.0,0.0,0.0,0.0,0.0,0.0,0.0,0.0,0.047619047673469403,0.0,0.0,0.0,0.0,0.047619047673469403,0.0,0.047619047673469403,0.0,0.047619047673469403,0.0,0.0,0.0,0.0,0.0,0.0,0.0,0.0,0.0,0.0,0.0,0.0,0.0,0.0,0.0
0.0,0.0,0.0,0.0,0.0,0.0,0.037037037094650192,0.0,0.0,0.0,0.0,0.0,0.0,0.0,0.0,0.0,0.0,0.0,0.0,0.037037037094650192,0.0,0.0,0.0,0.0,0.0,0.0,0.0,0.0,0.0,0.037037037094650192,0.0,0.0,0.0,0.0,0.0,0.0,0.0,0.0,0.0,0.0,0.037037037094650192,0.074074073967078172,0.0,0.0,0.0,0.037037037094650192,0.0,0.0,0.62962962927572008,0.037037037094650192,0.037037037094650192,0.0,0.0,0.0,0.0,0.037037037094650192,0.0,0.0,0.0,0.0,0.0,0.0,0.0,0.0,0.0,0.0,0.0,0.0,0.0,0.0,0.0,0.0,0.0,0.0,0.0,0.0,0.0,0.0,0.0,0.0,0.0,0.0,0.0,0.0,0.0,0.0,0.0,0.0,0.0,0.0,0.0,0.0,0.0,0.0,0.0,0.0,0.0,0.0,0.0,0.0
0.0,0.0,0.0,0.0,0.0,0.0,0.0,0.0,0.033333333373333322,0.0,0.0,0.0,0.0,0.033333333373333322,0.0,0.0,0.0,0.033333333373333322,0.0,0.0,0.0,0.0,0.0,0.0,0.0,0.0,0.0,0.033333333373333322,0.0,0.0,0.0,0.0,0.0,0.0,0.0,0.0,0.0,0.0,0.033333333373333322,0.0,0.0,0.033333333373333322,0.0,0.0,0.0,0.099999999919999971,0.0,0.033333333373333322,0.0,0.53333333297333319,0.0,0.0,0.0,0.0,0.0,0.033333333373333322,0.0,0.0,0.0,0.0,0.0,0.0,0.0,0.0,0.0,0.0,0.0,0.0,0.0,0.0,0.0,0.0,0.0,0.033333333373333322,0.0,0.0,0.033333333373333322,0.0,0.0,0.0,0.0,0.0,0.0,0.033333333373333322,0.0,0.0,0.0,0.0,0.0,0.0,0.0,0.0,0.0,0.0,0.0,0.0,0.0,0.0,0.0,0.0
0.0,0.0,0.0,0.0,0.0,0.0,0.0,0.047619047673469389,0.047619047673469389,0.047619047673469389,0.0,0.047619047673469389,0.0,0.0,0.047619047673469389,0.0,0.0,0.0,0.0,0.0,0.0,0.0,0.0,0.0,0.0,0.0,0.0,0.0,0.0,0.0,0.0,0.0,0.0,0.0,0.0,0.0,0.0,0.0,0.0,0.0,0.0,0.0,0.0,0.047619047673469389,0.047619047673469389,0.0,0.0,0.0,0.0,0.0,0.52380952326530617,0.0,0.047619047673469389,0.0,0.0,0.0,0.0,0.0,0.0,0.0,0.0,0.0,0.0,0.0,0.0,0.0,0.0,0.0,0.0,0.0,0.0,0.0,0.0,0.0,0.0,0.0,0.0,0.0,0.0,0.0,0.0,0.0,0.0,0.0,0.0,0.0,0.0,0.0,0.0,0.0,0.0,0.0,0.047619047673469389,0.0,0.0,0.047619047673469389,0.0,0.0,0.0,0.0
0.0,0.033333333379999996,0.0,0.033333333379999996,0.0,0.0,0.0,0.0,0.033333333379999996,0.033333333379999996,0.0,0.033333333379999996,0.0,0.0,0.033333333379999996,0.033333333379999996,0.033333333379999996,0.0,0.0,0.0,0.0,0.0,0.0,0.033333333379999996,0.0,0.0,0.0,0.0,0.0,0.0,0.0,0.0,0.0,0.0,0.0,0.0,0.0,0.0,0.0,0.0,0.066666666560000004,0.0,0.066666666560000004,0.0,0.0,0.0,0.0,0.0,0.0,0.0,0.033333333379999996,0.49999999969999998,0.0,0.0,0.0,0.0,0.0,0.0,0.0,0.0,0.0,0.0,0.0,0.0,0.0,0.0,0.0,0.0,0.0,0.0,0.0,0.0,0.0,0.0,0.0,0.0,0.0,0.033333333379999996,0.0,0.0,0.0,0.0,0.0,0.0,0.0,0.0,0.0,0.0,0.0,0.0,0.0,0.0,0.0,0.0,0.0,0.0,0.0,0.0,0.0,0.0
0.0,0.0,0.041666666729166663,0.041666666729166663,0.0,0.0,0.083333333208333332,0.0,0.0,0.0,0.0,0.041666666729166663,0.0,0.041666666729166663,0.0,0.0,0.0,0.0,0.0,0.0,0.0,0.0,0.0,0.0,0.0,0.0,0.0,0.0,0.0,0.0,0.0,0.0,0.0,0.0,0.0,0.0,0.0,0.041666666729166663,0.0,0.0,0.0,0.041666666729166663,0.0,0.0,0.0,0.0,0.0,0.0,0.0,0.0,0.0,0.0,0.58333333295833334,0.0,0.0,0.041666666729166663,0.0,0.0,0.0,0.0,0.041666666729166663,0.0,0.0,0.0,0.0,0.0,0.0,0.0,0.0,0.0,0.0,0.0,0.0,0.0,0.0,0.0,0.0,0.0,0.0,0.0,0.0,0.0,0.0,0.0,0.0,0.0,0.0,0.0,0.0,0.0,0.0,0.0,0.0,0.0,0.0,0.0,0.0,0.0,0.0,0.0
0.0,0.0,0.0,0.033333333373333315,0.0,0.0,0.0,0.033333333373333315,0.0,0.066666666546666642,0.0,0.0,0.0,0.0,0.0,0.033333333373333315,0.0,0.0,0.0,0.0,0.0,0.0,0.0,0.0,0.0,0.0,0.0,0.0,0.0,0.0,0.0,0.0,0.0,0.0,0.0,0.033333333373333315,0.0,0.0,0.033333333373333315,0.0,0.033333333373333315,0.0,0.033333333373333315,0.033333333373333315,0.0,0.0,0.0,0.0,0.0,0.0,0.0,0.0,0.0,0.46666666622666647,0.0,0.0,0.0,0.0,0.0,0.0,0.0,0.0,0.0,0.0,0.0,0.0,0.033333333373333315,0.0,0.0,0.033333333373333315,0.0,0.0,0.0,0.033333333373333315,0.0,0.0,0.0,0.033333333373333315,0.0,0.0,0.0,0.0,0.0,0.0,0.0,0.0,0.0,0.0,0.0,0.0,0.0,0.0,0.0,0.0,0.0,0.033333333373333315,0.033333333373333315,0.0,0.0,0.0
0.0,0.0,0.040000000057599995,0.0,0.040000000057599995,0.0,0.0,0.0,0.0,0.0,0.0,0.0,0.0,0.040000000057599995,0.040000000057599995,0.0,0.0,0.0,0.0,0.0,0.0,0.0,0.0,0.0,0.0,0.0,0.0,0.0,0.0,0.0,0.0,0.0,0.0,0.0,0.0,0.0,0.0,0.0,0.0,0.0,0.0,0.0,0.0,0.0,0.040000000057599995,0.0,0.0,0.0,0.0,0.0,0.0,0.040000000057599995,0.0,0.0,0.55999999960640001,0.0,0.0,0.0,0.0,0.0,0.0,0.0,0.0,0.0,0.0,0.0,0.0,0.040000000057599995,0.0,0.0,0.0,0.0,0.0,0.0,0.0,0.0,0.0,0.0,0.0,0.0,0.0,0.0,0.079999999875199998,0.0,0.0,0.0,0.0,0.040000000057599995,0.0,0.0,0.0,0.0,0.0,0.0,0.0,0.0,0.0,0.0,0.040000000057599995,0.0
0.0,0.0,0.0,0.0,0.0,0.0,0.032258064559833495,0.0,0.0,0.0,0.0,0.0,0.0,0.0,0.0,0.0,0.0,0.0,0.0,0.0,0.0,0.0,0.0,0.0,0.0,0.0,0.032258064559833495,0.0,0.0,0.0,0.0,0.0,0.0,0.0,0.0,0.0,0.0,0.0,0.0,0.032258064559833495,0.0,0.0,0.032258064559833495,0.0,0.0,0.0,0.032258064559833495,0.0,0.0,0.032258064559833495,0.0,0.0,0.032258064559833495,0.0,0.0,0.54838709635587912,0.0,0.0,0.0,0.032258064559833495,0.0,0.0,0.0,0.0,0.0,0.0,0.0,0.032258064559833495,0.0,0.0,0.0,0.0,0.0,0.0,0.0,0.0,0.0,0.0,0.0,0.0,0.0,0.0,0.0,0.0,0.0,0.0,0.0,0.0,0.0,0.0,0.0,0.0,0.0,0.0,0.0,0.032258064559833495,0.0,0.0,0.12903225804578561,0.0
0.0,0.035714285775510196,0.071428571336734692,0.0,0.0,0.035714285775510196,0.0,0.071428571336734692,0.0,0.0,0.0,0.0,0.0,0.0,0.0,0.0,0.0,0.035714285775510196,0.0,0.0,0.0,0.0,0.0,0.035714285775510196,0.0,0.0,0.0,0.0,0.0,0.0,0.0,0.0,0.0,0.0,0.0,0.0,0.0,0.0,0.0,0.0,0.0,0.0,0.0,0.0,0.071428571336734692,0.0,0.035714285775510196,0.0,0.0,0.0,0.0,0.035714285775510196,0.0,0.0,0.0,0.0,0.53571428556122447,0.0,0.0,0.0,0.0,0.0,0.0,0.0,0.0,0.0,0.0,0.0,0.0,0.0,0.0,0.0,0.0,0.0,0.0,0.0,0.0,0.0,0.0,0.0,0.0,0.0,0.0,0.0,0.0,0.035714285775510196,0.0,0.0,0.0,0.0,0.0,0.0,0.0,0.0,0.0,0.0,0.0,0.0,0.0,0.0
0.041666666708333334,0.0,0.0,0.0,0.0,0.0,0.0,0.0,0.0,0.0,0.0,0.0,0.0,0.041666666708333334,0.0,0.0,0.0,0.0,0.0,0.041666666708333334,0.0,0.041666666708333334,0.0,0.0,0.0,0.0,0.0,0.0,0.0,0.0,0.0,0.0,0.041666666708333334,0.0,0.0,0.0,0.0,0.0,0.0,0.0,0.041666666708333334,0.0,0.0,0.0,0.0,0.0,0.041666666708333334,0.0,0.041666666708333334,0.0,0.041666666708333334,0.0,0.0,0.0,0.0,0.0,0.0,0.49999999950000007,0.0,0.0,0.0,0.0,0.0,0.041666666708333334,0.0,0.0,0.0,0.0,0.0,0.0,0.0,0.0,0.0,0.0,0.0,0.0,0.0,0.0,0.0,0.0,0.0,0.0,0.0,0.0,0.0,0.0,0.041666666708333334,0.0,0.0,0.0,0.0,0.0,0.0,0.041666666708333334,0.0,0.0,0.0,0.0,0.0,0.0
0.0,0.0,0.0,0.0,0.0,0.0,0.0,0.0,0.1777777777096296,0.022222222263703701,0.0,0.0,0.0,0.0,0.044444444394074072,0.0,0.0,0.022222222263703701,0.0,0.0,0.0,0.0,0.0,0.0,0.0,0.0,0.0,0.0,0.0,0.0,0.0,0.0,0.0,0.0,0.0,0.0,0.0,0.0,0.0,0.0,0.022222222263703701,0.0,0.0,0.0,0.0,0.0,0.044444444394074072,0.0,0.0,0.0,0.0,0.0,0.0,0.0,0.0,0.0,0.0,0.022222222263703701,0.35555555555259255,0.0,0.0,0.0,0.0,0.0,0.0,0.0,0.0,0.0,0.0,0.0,0.0,0.022222222263703701,0.0,0.0,0.0,0.0,0.19999999997333334,0.0,0.0,0.0,0.0,0.0,0.0,0.0,0.0,0.0,0.0,0.0,0.0,0.022222222263703701,0.0,0.0,0.0,0.0,0.0,0.044444444394074072,0.0,0.0,0.0,0.0
0.0,0.0,0.0,0.0,0.0,0.0,0.11999999993279999,0.040000000057599995,0.040000000057599995,0.0,0.0,0.040000000057599995,0.0,0.0,0.0,0.0,0.0,0.0,0.0,0.0,0.0,0.0,0.0,0.0,0.0,0.0,0.0,0.0,0.0,0.0,0.0,0.0,0.0,0.0,0.0,0.0,0.0,0.0,0.0,0.0,0.0,0.0,0.0,0.0,0.0,0.040000000057599995,0.0,0.0,0.0,0.0,0.0,0.0,0.079999999875199998,0.0,0.040000000057599995,0.0,0.0,0.0,0.0,0.51999999978879996,0.0,0.0,0.0,0.0,0.0,0.0,0.0,0.0,0.0,0.0,0.0,0.0,0.0,0.0,0.0,0.0,0.0,0.0,0.0,0.0,0.0,0.0,0.0,0.0,0.0,0.040000000057599995,0.0,0.0,0.0,0.0,0.0,0.0,0.0,0.0,0.0,0.0,0.040000000057599995,0.0,0.0,0.0
0.0,0.0,0.0,0.0,0.0,0.0,0.0,0.0,0.0,0.0,0.0,0.064516128926118604,0.0,0.0,0.0,0.0,0.0,0.0,0.0,0.0,0.0,0.0,0.0,0.0,0.032258064559833488,0.0,0.0,0.0,0.0,0.0,0.064516128926118604,0.0,0.0,0.0,0.0,0.0,0.0,0.0,0.0,0.0,0.0,0.0,0.0,0.0,0.0,0.032258064559833488,0.0,0.032258064559833488,0.0,0.0,0.0,0.0,0.0,0.0,0.0,0.0,0.0,0.0,0.0,0.0,0.38709677394380837,0.032258064559833488,0.0,0.0,0.0,0.0,0.032258064559833488,0.0,0.064516128926118604,0.0,0.032258064559833488,0.0,0.032258064559833488,0.032258064559833488,0.0,0.0,0.0,0.0,0.032258064559833488,0.0,0.0,0.0,0.0,0.0,0.032258064559833488,0.0,0.0,0.0,0.0,0.032258064559833488,0.0,0.032258064559833488,0.0,0.0,0.032258064559833488,0.0,0.0,0.0,0.0,0.0
0.0,0.0,0.0,0.0,0.0,0.0,0.038461538514792892,0.0,0.0,0.0,0.0,0.0,0.0,0.0,0.0,0.0,0.0,0.0,0.0,0.0,0.0,0.0,0.0,0.0,0.0,0.0,0.0,0.0,0.0,0.0,0.0,0.0,0.0,0.0,0.0,0.0,0.0,0.0,0.038461538514792892,0.0,0.0,0.0,0.0,0.0,0.0,0.0,0.0,0.0,0.0,0.0,0.0,0.0,0.0,0.0,0.0,0.0,0.0,0.0,0.0,0.0,0.0,0.53846153805325436,0.0,0.0,0.0,0.0,0.0,0.0,0.0,0.0,0.0,0.0,0.0,0.0,0.038461538514792892,0.038461538514792892,0.0,0.038461538514792892,0.038461538514792892,0.0,0.0,0.0,0.038461538514792892,0.0,0.0,0.076923076798816561,0.0,0.038461538514792892,0.0,0.038461538514792892,0.0,0.0,0.038461538514792892,0.0,0.0,0.0,0.0,0.0,0.0,0.0
0.0,0.0,0.0,0.0,0.0,0.0,0.0,0.0,0.0,0.0,0.0,0.0,0.0,0.0,0.0,0.0,0.0,0.0,0.0,0.0,0.0,0.0,0.0,0.0,0.0,0.0,0.0,0.0,0.0,0.090909090785123978,0.0,0.0,0.0,0.0,0.0,0.045454545528925624,0.0,0.0,0.0,0.0,0.0,0.0,0.0,0.0,0.0,0.0,0.0,0.0,0.0,0.0,0.0,0.0,0.0,0.0,0.0,0.0,0.0,0.0,0.0,0.0,0.0,0.0,0.68181818157024798,0.0,0.0,0.0,0.0,0.0,0.0,0.0,0.0,0.0,0.0,0.0,0.045454545528925624,0.0,0.0,0.0,0.0,0.045454545528925624,0.0,0.0,0.0,0.0,0.0,0.0,0.0,0.0,0.0,0.0,0.0,0.0,0.0,0.0,0.045454545528925624,0.0,0.0,0.0,0.0,0.045454545528925624
0.0,0.0,0.0,0.0,0.0,0.0,0.0,0.0,0.0,0.0,0.0,0.0,0.0,0.0,0.0,0.0,0.0,0.0,0.0,0.0,0.0,0.0,0.040000000057599995,0.0,0.040000000057599995,0.079999999875199998,0.0,0.0,0.0,0.0,0.040000000057599995,0.0,0.0,0.0,0.0,0.0,0.0,0.0,0.0,0.0,0.0,0.0,0.0,0.0,0.040000000057599995,0.0,0.0,0.040000000057599995,0.0,0.0,0.0,0.0,0.0,0.0,0.0,0.0,0.0,0.0,0.0,0.0,0.0,0.0,0.0,0.43999999967359993,0.0,0.0,0.040000000057599995,0.0,0.0,0.0,0.0,0.0,0.0,0.0,0.0,0.0,0.0,0.0,0.0,0.0,0.0,0.0,0.0,0.0,0.0,0.0,0.040000000057599995,0.0,0.040000000057599995,0.0,0.11999999993279999,0.0,0.0,0.0,0.040000000057599995,0.0,0.0,0.0,0.0,0.0
0.047619047564625851,0.0,0.023809523853741493,0.0,0.0,0.0,0.0,0.0,0.0,0.0,0.0,0.0,0.0,0.0,0.0,0.0,0.0,0.0,0.0,0.0,0.0,0.095238095272108844,0.023809523853741493,0.023809523853741493,0.0,0.0,0.0,0.0,0.0,0.0,0.0,0.0,0.0,0.0,0.047619047564625851,0.0,0.047619047564625851,0.0,0.0,0.0,0.0,0.0,0.0,0.0,0.0,0.0,0.0,0.0,0.0,0.0,0.0,0.0,0.0,0.0,0.0,0.0,0.0,0.023809523853741493,0.0,0.0,0.023809523853741493,0.0,0.0,0.023809523853741493,0.54761904749319734,0.0,0.0,0.0,0.0,0.0,0.0,0.0,0.0,0.0,0.0,0.0,0.0,0.0,0.0,0.0,0.0,0.0,0.0,0.0,0.0,0.0,0.0,0.0,0.071428571418367351,0.0,0.0,0.0,0.0,0.0,0.0,0.0,0.0,0.0,0.0,0.0
0.0,0.0,0.0,0.0,0.0,0.0,0.0,0.0,0.0,0.0,0.0,0.0,0.0,0.0,0.0,0.0,0.0,0.0,0.0,0.0,0.0,0.0,0.0,0.0,0.0,0.0,0.0,0.0,0.081081081024105148,0.0,0.0,0.0,0.027027027062089103,0.0,0.0,0.0,0.027027027062089103,0.0,0.027027027062089103,0.0,0.0,0.0,0.0,0.0,0.0,0.0,0.0,0.0,0.0,0.0,0.0,0.0,0.0,0.0,0.0,0.0,0.0,0.027027027062089103,0.0,0.0,0.0,0.0,0.0,0.0,0.0,0.43243243218261485,0.0,0.027027027062089103,0.0,0.054054053962016048,0.0,0.0,0.0,0.0,0.0,0.0,0.0,0.027027027062089103,0.10810810808619425,0.0,0.027027027062089103,0.0,0.027027027062089103,0.0,0.0,0.0,0.0,0.0,0.027027027062089103,0.0,0.0,0.0,0.0,0.0,0.0,0.0,0.0,0.027027027062089103,0.027027027062089103,0.027027027062089103
0.023255813985938345,0.023255813985938345,0.0,0.0,0.0,0.0,0.0,0.0,0.0,0.0,0.0,0.0,0.0,0.0,0.0,0.0,0.0,0.0,0.0,0.0,0.023255813985938345,0.0,0.0,0.046511627832341806,0.023255813985938345,0.023255813985938345,0.0,0.0,0.0,0.023255813985938345,0.0,0.023255813985938345,0.0,0.0,0.0,0.023255813985938345,0.16279069762249868,0.0,0.0,0.0,0.0,0.0,0.0,0.0,0.0,0.0,0.0,0.0,0.0,0.0,0.0,0.023255813985938345,0.0,0.0,0.0,0.0,0.0,0.0,0.0,0.0,0.0,0.0,0.0,0.023255813985938345,0.0,0.0,0.44186046489561925,0.0,0.0,0.0,0.0,0.0,0.0,0.023255813985938345,0.0,0.0,0.0,0.0,0.0,0.0,0.0,0.0,0.0,0.0,0.0,0.0,0.0,0.0,0.0,0.0,0.0,0.0,0.0,0.0,0.0,0.0,0.0,0.0,0.069767441818280151,0.023255813985938345
0.0,0.028571428610612237,0.0,0.028571428610612237,0.0,0.0,0.0,0.0,0.0,0.0,0.0,0.0,0.0,0.028571428610612237,0.0,0.0,0.0,0.0,0.0,0.0,0.0,0.0,0.028571428610612237,0.0,0.0,0.0,0.028571428610612237,0.028571428610612237,0.0,0.0,0.0,0.028571428610612237,0.028571428610612237,0.0,0.0,0.0,0.0,0.0,0.0,0.0,0.0,0.0,0.0,0.0,0.0,0.0,0.028571428610612237,0.0,0.0,0.0,0.0,0.0,0.0,0.0,0.0,0.0,0.0,0.0,0.0,0.0,0.0,0.0,0.057142857049795909,0.0,0.0,0.0,0.0,0.59999999962285711,0.0,0.0,0.0,0.0,0.028571428610612237,0.0,0.0,0.0,0.0,0.028571428610612237,0.0,0.0,0.0,0.028571428610612237,0.0,0.0,0.0,0.0,0.0,0.0,0.0,0.0,0.0,0.0,0.0,0.0,0.0,0.0,0.0,0.0,0.0,0.0
0.0,0.0,0.0,0.0,0.0,0.0,0.0,0.0,0.0,0.0,0.0,0.0,0.0,0.0,0.0,0.0,0.0,0.0,0.0,0.0,0.0,0.0,0.0,0.0,0.035714285767857137,0.035714285767857137,0.0,0.0,0.0,0.0,0.0,0.0,0.0,0.0,0.0,0.0,0.0,0.0,0.035714285767857137,0.0,0.0,0.0,0.0,0.0,0.0,0.0,0.0,0.0,0.0,0.035714285767857137,0.0,0.0,0.0,0.0,0.0,0.0,0.0,0.0,0.0,0.0,0.035714285767857137,0.0,0.035714285767857137,0.071428571321428561,0.0,0.0,0.0,0.0,0.53571428544642852,0.0,0.0,0.0,0.035714285767857137,0.0,0.0,0.1071428570892857,0.0,0.0,0.0,0.035714285767857137,0.0,0.0,0.0,0.0,0.0,0.0,0.0,0.0,0.0,0.0,0.0,0.0,0.0,0.0,0.0,0.0,0.0,0.0,0.0,0.0
0.0,0.0,0.0,0.0,0.0,0.0,0.0,0.0,0.0,0.0,0.0,0.0,0.0,0.0,0.0,0.0,0.0,0.0,0.0,0.0,0.0,0.0,0.0,0.0,0.0,0.0,0.0,0.0,0.0,0.0,0.0,0.0,0.0,0.0,0.037037037094650192,0.0,0.0,0.0,0.0,0.0,0.0,0.0,0.14814814815637856,0.0,0.0,0.0,0.0,0.0,0.0,0.0,0.0,0.0,0.0,0.0,0.0,0.0,0.0,0.0,0.0,0.0,0.0,0.0,0.0,0.0,0.0,0.0,0.0,0.0,0.037037037094650192,0.48148148134156366,0.0,0.037037037094650192,0.0,0.074074073967078172,0.0,0.0,0.0,0.0,0.0,0.0,0.0,0.0,0.074074073967078172,0.037037037094650192,0.0,0.0,0.0,0.0,0.0,0.0,0.0,0.037037037094650192,0.0,0.0,0.0,0.0,0.0,0.0,0.0,0.037037037094650192
0.0,0.0,0.0,0.0,0.0,0.0,0.0,0.0,0.0,0.0,0.0,0.0,0.0,0.0,0.0,0.0,0.0,0.0,0.0,0.0,0.0,0.0,0.0,0.0,0.0,0.0,0.0,0.0,0.0,0.0,0.0,0.0,0.0,0.047619047700680275,0.0,0.0,0.0,0.0,0.0,0.0,0.0,0.0,0.0,0.0,0.0,0.0,0.0,0.0,0.0,0.0,0.047619047700680275,0.0,0.0,0.0,0.0,0.0,0.0,0.0,0.0,0.0,0.047619047700680275,0.0,0.0,0.0,0.0,0.0,0.0,0.0,0.0,0.0,0.52380952356462585,0.0,0.0,0.095238095115646265,0.0,0.0,0.0,0.14285714281632655,0.0,0.0,0.0,0.0,0.0,0.0,0.047619047700680275,0.0,0.0,0.0,0.0,0.0,0.0,0.0,0.0,0.0,0.047619047700680275,0.0,0.0,0.0,0.0,0.0
0.0,0.043478260926275991,0.043478260926275991,0.0,0.0,0.0,0.0,0.0,0.17391304344423442,0.0,0.0,0.0,0.0,0.0,0.0,0.0,0.0,0.0,0.0,0.0,0.0,0.0,0.0,0.0,0.0,0.0,0.0,0.0,0.0,0.0,0.0,0.0,0.0,0.0,0.0,0.0,0.0,0.0,0.0,0.0,0.0,0.0,0.0,0.0,0.0,0.0,0.0,0.043478260926275991,0.043478260926275991,0.0,0.0,0.0,0.0,0.08695652159168242,0.0,0.0,0.0,0.0,0.043478260926275991,0.0,0.0,0.0,0.0,0.0,0.0,0.0,0.0,0.0,0.0,0.0,0.0,0.43478260848015127,0.0,0.0,0.0,0.0,0.0,0.0,0.043478260926275991,0.0,0.0,0.0,0.0,0.0,0.0,0.0,0.0,0.0,0.0,0.043478260926275991,0.0,0.0,0.0,0.0,0.0,0.0,0.0,0.0,0.0,0.0
0.0,0.0,0.0,0.0,0.0,0.0,0.0,0.0,0.0,0.0,0.0,0.0,0.0,0.0,0.0,0.0,0.0,0.0,0.0,0.0,0.0,0.043478260937618148,0.0,0.0,0.0,0.0,0.0,0.0,0.0,0.0,0.043478260937618148,0.0,0.0,0.0,0.0,0.0,0.0,0.0,0.0,0.13043478255198487,0.0,0.0,0.0,0.0,0.0,0.0,0.0,0.0,0.0,0.0,0.0,0.0,0.0,0.0,0.0,0.0,0.0,0.0,0.0,0.0,0.0,0.0,0.0,0.0,0.0,0.0,0.0,0.0,0.0,0.0,0.0,0.0,0.56521739114555769,0.0,0.0,0.0,0.0,0.0,0.0,0.0,0.0,0.0,0.0,0.0,0.043478260937618148,0.0,0.0,0.0,0.0,0.0,0.0,0.0,0.043478260937618148,0.0,0.0,0.0,0.0,0.086956521614366733,0.043478260937618148,0.0
0.0,0.0,0.0,0.0,0.0,0.0,0.0,0.0,0.0,0.0,0.0,0.0,0.0,0.0,0.0,0.0,0.0,0.0,0.0,0.0,0.0,0.0,0.0,0.0,0.0,0.0,0.0,0.041666666729166663,0.0,0.0,0.0,0.0,0.0,0.0,0.0,0.0,0.0,0.0,0.0,0.0,0.0,0.0,0.041666666729166663,0.041666666729166663,0.0,0.0,0.0,0.0,0.0,0.0,0.0,0.0,0.0,0.0,0.0,0.0,0.0,0.0,0.0,0.0,0.0,0.0,0.0,0.0,0.0,0.041666666729166663,0.0,0.0,0.041666666729166663,0.0,0.041666666729166663,0.0,0.0,0.49999999974999998,0.083333333208333332,0.0,0.0,0.0,0.0,0.0,0.0,0.0,0.0,0.041666666729166663,0.0,0.041666666729166663,0.0,0.0,0.0,0.0,0.0,0.0,0.0,0.0,0.0,0.0,0.0,0.0,0.0,0.083333333208333332
0.0,0.0,0.0,0.0,0.0,0.0,0.0,0.0,0.0,0.0,0.0,0.0,0.0,0.0,0.0,0.0,0.0,0.0,0.0,0.0,0.0,0.0,0.0,0.0,0.0,0.0,0.0,0.0,0.0,0.0,0.031250000035156239,0.0,0.0,0.0,0.0,0.031250000035156239,0.0,0.031250000035156239,0.0,0.0,0.0,0.0,0.0,0.0,0.031250000035156239,0.0,0.0,0.0,0.0,0.0,0.0,0.0,0.0,0.031250000035156239,0.0,0.0,0.0,0.0,0.0,0.0,0.031250000035156239,0.0,0.0,0.0,0.0,0.0,0.0,0.031250000035156239,0.0,0.0,0.0,0.0,0.0,0.0,0.59374999954296848,0.0,0.0,0.0,0.0,0.031250000035156239,0.0,0.0,0.0,0.0,0.0,0.031250000035156239,0.0,0.031250000035156239,0.0,0.0,0.0,0.031250000035156239,0.0,0.031250000035156239,0.0,0.031250000035156239,0.0,0.0,0.0,0.0
0.0,0.0,0.0,0.0,0.0,0.0,0.0,0.0,0.0,0.0,0.0,0.0,0.0,0.0,0.0,0.0,0.0,0.0,0.0,0.0,0.0,0.040000000067199996,0.0,0.040000000067199996,0.11999999996159999,0.0,0.0,0.0,0.0,0.0,0.0,0.0,0.0,0.0,0.0,0.0,0.0,0.0,0.0,0.0,0.0,0.0,0.0,0.0,0.0,0.0,0.0,0.0,0.0,0.040000000067199996,0.0,0.0,0.0,0.0,0.0,0.0,0.0,0.0,0.0,0.0,0.079999999894400001,0.0,0.0,0.040000000067199996,0.0,0.0,0.0,0.0,0.079999999894400001,0.0,0.0,0.0,0.0,0.0,0.0,0.43999999977919996,0.0,0.0,0.0,0.040000000067199996,0.0,0.0,0.0,0.0,0.0,0.0,0.0,0.0,0.040000000067199996,0.040000000067199996,0.0,0.0,0.0,0.0,0.0,0.0,0.0,0.0,0.0,0.0
0.0,0.0,0.0,0.0,0.0,0.0,0.0,0.0,0.31818181802066109,0.0,0.0,0.0,0.0,0.0,0.0,0.0,0.0,0.0,0.0,0.0,0.0,0.0,0.0,0.0,0.0,0.0,0.0,0.0,0.0,0.0,0.0,0.0,0.0,0.0,0.022727272764462802,0.0,0.0,0.0,0.0,0.0,0.022727272764462802,0.0,0.0,0.0,0.0,0.0,0.0,0.022727272764462802,0.0,0.0,0.0,0.0,0.0,0.0,0.0,0.0,0.022727272764462802,0.0,0.18181818170661151,0.0,0.0,0.0,0.0,0.0,0.0,0.0,0.0,0.0,0.0,0.0,0.022727272764462802,0.022727272764462802,0.0,0.0,0.0,0.0,0.27272727262809909,0.022727272764462802,0.022727272764462802,0.0,0.0,0.0,0.0,0.0,0.0,0.0,0.0,0.0,0.0,0.022727272764462802,0.0,0.022727272764462802,0.0,0.0,0.0,0.0,0.0,0.0,0.0,0.0
0.0,0.0,0.0,0.0,0.0,0.0,0.0,0.0,0.0,0.0,0.0,0.0,0.0,0.0,0.0,0.0,0.0,0.0,0.0,0.0,0.0,0.0,0.0,0.0,0.0,0.0,0.03125000004687499,0.0,0.03125000004687499,0.0,0.0,0.0,0.0,0.03125000004687499,0.0,0.0,0.03125000004687499,0.0,0.0,0.0,0.0,0.0,0.0,0.0,0.03125000004687499,0.0,0.0,0.0,0.0,0.0,0.0,0.0,0.0,0.0,0.0,0.0,0.0,0.0,0.0,0.0,0.0,0.0,0.0,0.0,0.0,0.0,0.0,0.0,0.0,0.0,0.062499999906249992,0.0,0.0,0.03125000004687499,0.03125000004687499,0.0,0.062499999906249992,0.53124999967187492,0.0,0.0,0.03125000004687499,0.0,0.03125000004687499,0.0,0.0,0.0,0.0,0.03125000004687499,0.0,0.0,0.03125000004687499,0.0,0.0,0.0,0.0,0.0,0.0,0.0,0.0,0.0
0.0,0.0,0.0,0.0,0.0,0.0,0.0,0.0,0.0,0.0,0.026315789515235447,0.0,0.0,0.0,0.0,0.0,0.0,0.0,0.0,0.0,0.0,0.0,0.0,0.0,0.0,0.0,0.0,0.0,0.0,0.026315789515235447,0.0,0.0,0.0,0.0,0.0,0.0,0.0,0.0,0.0,0.0,0.0,0.0,0.0,0.0,0.0,0.0,0.0,0.0,0.0,0.0,0.0,0.0,0.0,0.0,0.0,0.0,0.0,0.0,0.0,0.0,0.0,0.0,0.0,0.0,0.026315789515235447,0.13157894726038777,0.0,0.0,0.0,0.0,0.0,0.0,0.0,0.0,0.026315789515235447,0.0,0.0,0.0,0.47368421032686969,0.0,0.026315789515235447,0.026315789515235447,0.026315789515235447,0.0,0.0,0.0,0.0,0.052631578872576162,0.0,0.0,0.0,0.026315789515235447,0.0,0.052631578872576162,0.0,0.0,0.026315789515235447,0.026315789515235447,0.026315789515235447,0.0
0.0,0.0,0.0,0.0,0.0,0.0,0.0,0.0,0.0,0.0,0.0,0.0,0.0,0.0,0.0,0.0,0.0,0.0,0.0,0.0,0.0,0.0,0.0,0.0,0.0,0.0,0.0,0.0,0.0,0.0,0.0,0.0,0.0,0.0,0.0,0.0,0.0,0.0,0.0,0.0,0.0,0.0,0.0,0.090909090834710743,0.0,0.0,0.0,0.0,0.0,0.0,0.0,0.0,0.0,0.0,0.0,0.0,0.0,0.0,0.0,0.0,0.0,0.0,0.0,0.0,0.0,0.0,0.0,0.0,0.18181818194214874,0.0,0.0,0.0,0.0,0.0,0.0,0.090909090834710743,0.0,0.0,0.0,0.63636363638842974,0.0,0.0,0.0,0.0,0.0,0.0,0.0,0.0,0.0,0.0,0.0,0.0,0.0,0.0,0.0,0.0,0.0,0.0,0.0,0.0
0.037037037094650206,0.0,0.0,0.0,0.0,0.0,0.0,0.0,0.0,0.0,0.0,0.0,0.0,0.0,0.0,0.0,0.0,0.0,0.0,0.0,0.0,0.0,0.0,0.037037037094650206,0.0,0.0,0.0,0.0,0.037037037094650206,0.0,0.0,0.0,0.0,0.0,0.0,0.0,0.0,0.0,0.0,0.0,0.0,0.0,0.0,0.0,0.0,0.0,0.037037037094650206,0.0,0.0,0.0,0.0,0.0,0.0,0.0,0.0,0.0,0.0,0.0,0.0,0.0,0.0,0.0,0.0,0.0,0.0,0.0,0.037037037094650206,0.0,0.0,0.0,0.0,0.0,0.0,0.0,0.0,0.0,0.0,0.037037037094650206,0.0,0.0,0.51851851821399186,0.0,0.0,0.037037037094650206,0.14814814815637861,0.0,0.0,0.0,0.0,0.0,0.0,0.0,0.0,0.0,0.0,0.0,0.0,0.0,0.074074073967078199,0.0
0.0,0.0,0.0,0.0,0.0,0.0,0.0,0.0,0.0,0.0,0.0,0.0,0.0,0.0,0.0,0.0,0.0,0.0,0.0,0.0,0.0,0.074074074016460906,0.0,0.0,0.0,0.074074074016460906,0.0,0.0,0.0,0.0,0.0,0.0,0.0,0.0,0.0,0.0,0.0,0.0,0.037037037119341559,0.0,0.0,0.0,0.0,0.0,0.0,0.0,0.0,0.0,0.0,0.0,0.0,0.0,0.0,0.0,0.0,0.0,0.0,0.037037037119341559,0.0,0.0,0.0,0.037037037119341559,0.0,0.0,0.0,0.0,0.0,0.074074074016460906,0.0,0.0,0.0,0.0,0.0,0.0,0.0,0.0,0.0,0.0,0.074074074016460906,0.0,0.0,0.40740740742386827,0.0,0.0,0.0,0.0,0.0,0.0,0.18518518515226337,0.0,0.0,0.0,0.0,0.0,0.0,0.0,0.0,0.0,0.0,0.0
0.0,0.0,0.0,0.0,0.0,0.0,0.0,0.0,0.0,0.0,0.0,0.0,0.0,0.0,0.026315789515235461,0.0,0.0,0.0,0.0,0.026315789515235461,0.0,0.026315789515235461,0.0,0.0,0.0,0.0,0.0,0.0,0.0,0.0,0.0,0.0,0.0,0.0,0.0,0.0,0.0,0.0,0.0,0.0,0.026315789515235461,0.0,0.0,0.0,0.026315789515235461,0.0,0.0,0.0,0.0,0.0,0.0,0.0,0.0,0.0,0.026315789515235461,0.0,0.0,0.0,0.0,0.0,0.0,0.05263157887257619,0.0,0.0,0.0,0.078947368387811648,0.0,0.0,0.0,0.0,0.0,0.0,0.0,0.026315789515235461,0.0,0.0,0.0,0.0,0.026315789515235461,0.0,0.0,0.0,0.42105263145429367,0.0,0.0,0.0,0.026315789515235461,0.026315789515235461,0.0,0.0,0.05263157887257619,0.05263157887257619,0.078947368387811648,0.0,0.0,0.0,0.0,0.0,0.0,0.0
0.0,0.0,0.0,0.0,0.0,0.0,0.0,0.0,0.0,0.0,0.0,0.0,0.0,0.0,0.0,0.0,0.0,0.0,0.0,0.0,0.0,0.0,0.0,0.0,0.0,0.0,0.0,0.0,0.0,0.0,0.0,0.0,0.0,0.0,0.0,0.0,0.0,0.0,0.0,0.0,0.0,0.0,0.0,0.0,0.0,0.0,0.0,0.0,0.0,0.095238095088435379,0.0,0.047619047687074832,0.0,0.0,0.0,0.0,0.0,0.0,0.0,0.047619047687074832,0.047619047687074832,0.0,0.0,0.0,0.0,0.0,0.0,0.0,0.0,0.047619047687074832,0.0,0.047619047687074832,0.0,0.0,0.0,0.0,0.0,0.0,0.0,0.047619047687074832,0.0,0.0,0.047619047687074832,0.52380952341496601,0.0,0.0,0.0,0.0,0.0,0.047619047687074832,0.0,0.0,0.0,0.0,0.0,0.0,0.0,0.0,0.0,0.0
0.0,0.0,0.0,0.0,0.0,0.0,0.0,0.0,0.0,0.0,0.0,0.0,0.0,0.0,0.0,0.0,0.0,0.0,0.0,0.0,0.0,0.0,0.0,0.0,0.0,0.0,0.0,0.0,0.0,0.0,0.0,0.0,0.0,0.0,0.0,0.0,0.0,0.0,0.0,0.0,0.0,0.0,0.0,0.0,0.0,0.0,0.0,0.0,0.0,0.0,0.0,0.0,0.0,0.0,0.0,0.045454545541322312,0.0,0.0,0.0,0.0,0.0,0.0,0.0,0.0,0.0,0.0,0.0,0.0,0.0,0.0,0.045454545541322312,0.0,0.0,0.0,0.0,0.0,0.0,0.0,0.0,0.0,0.090909090809917367,0.0,0.090909090809917367,0.0,0.59090909094628097,0.0,0.0,0.0,0.0,0.0,0.0,0.0,0.0,0.0,0.0,0.0,0.0,0.0,0.13636363635123969,0.0
0.033333333386666664,0.0,0.0,0.0,0.0,0.0,0.0,0.0,0.0,0.033333333386666664,0.0,0.033333333386666664,0.0,0.0,0.0,0.0,0.0,0.0,0.0,0.0,0.0,0.0,0.033333333386666664,0.0,0.0,0.0,0.0,0.0,0.0,0.0,0.0,0.0,0.033333333386666664,0.0,0.0,0.0,0.0,0.0,0.0,0.0,0.0,0.0,0.0,0.0,0.0,0.0,0.0,0.0,0.0,0.0,0.0,0.033333333386666664,0.0,0.0,0.0,0.0,0.0,0.0,0.0,0.0,0.0,0.066666666573333339,0.0,0.0,0.0,0.0,0.033333333386666664,0.0,0.0,0.0,0.0,0.0,0.0,0.0,0.0,0.0,0.0,0.0,0.0,0.0,0.0,0.0,0.0,0.0,0.0,0.59999999975999996,0.0,0.0,0.0,0.033333333386666664,0.0,0.0,0.066666666573333339,0.0,0.0,0.0,0.0,0.0,0.0,0.0
0.0,0.0,0.0,0.0,0.0,0.0,0.0,0.0,0.0,0.0,0.0,0.0,0.0,0.0,0.0,0.0,0.0,0.0,0.0,0.0,0.0,0.0,0.0,0.0,0.0,0.0,0.0,0.045454545504132235,0.0,0.0,0.0,0.0,0.0,0.045454545504132235,0.0,0.0,0.0,0.0,0.0,0.0,0.0,0.0,0.0,0.0,0.0,0.0,0.045454545504132235,0.0,0.0,0.0,0.0,0.0,0.0,0.0,0.0,0.0,0.0,0.0,0.0,0.0,0.0,0.0,0.045454545504132235,0.0,0.0,0.0,0.0,0.045454545504132235,0.0,0.045454545504132235,0.0,0.0,0.0,0.0,0.0,0.0,0.0,0.0,0.045454545504132235,0.0,0.0,0.0,0.0,0.0,0.0,0.0,0.59090909046280993,0.0,0.0,0.0,0.045454545504132235,0.0,0.045454545504132235,0.0,0.0,0.0,0.0,0.0,0.0,0.0
0.0,0.0,0.0,0.0,0.041666666718750002,0.0,0.0,0.0,0.0,0.0,0.0,0.0,0.0,0.0,0.0,0.0,0.0,0.0,0.041666666718750002,0.041666666718750002,0.0,0.041666666718750002,0.0,0.0,0.0,0.041666666718750002,0.0,0.041666666718750002,0.0,0.0,0.0,0.0,0.0,0.0,0.0,0.0,0.0,0.0,0.0,0.0,0.0,0.0,0.041666666718750002,0.0,0.0,0.0,0.0,0.041666666718750002,0.0,0.0,0.0,0.0,0.0,0.0,0.0,0.0,0.0,0.0,0.0,0.0,0.0,0.0,0.0,0.0,0.0,0.0,0.0,0.0,0.0,0.0,0.0,0.0,0.0,0.0,0.0,0.0,0.0,0.0,0.0,0.0,0.041666666718750002,0.0,0.083333333187500011,0.0,0.0,0.0,0.0,0.45833333290625006,0.0,0.0,0.041666666718750002,0.0,0.0,0.0,0.0,0.0,0.0,0.0,0.041666666718750002,0.0
0.025641025680473373,0.0,0.0,0.0,0.0,0.0,0.0,0.0,0.0,0.0,0.0,0.0,0.0,0.0,0.0,0.0,0.0,0.0,0.0,0.0,0.0,0.0,0.0,0.051282051207100596,0.025641025680473373,0.025641025680473373,0.0,0.0,0.0,0.0,0.0,0.0,0.0,0.0,0.0,0.0,0.025641025680473373,0.0,0.0,0.0,0.0,0.0,0.0,0.0,0.0,0.0,0.0,0.0,0.0,0.0,0.0,0.0,0.0,0.0,0.0,0.0,0.0,0.025641025680473373,0.0,0.0,0.0,0.0,0.0,0.0,0.025641025680473373,0.025641025680473373,0.025641025680473373,0.0,0.025641025680473373,0.025641025680473373,0.0,0.0,0.0,0.0,0.025641025680473373,0.051282051207100596,0.0,0.0,0.051282051207100596,0.025641025680473373,0.0,0.15384615377514793,0.0,0.0,0.0,0.0,0.0,0.0,0.38461538443786986,0.0,0.0,0.0,0.0,0.0,0.0,0.0,0.0,0.0,0.0,0.0
0.0,0.0,0.0,0.0,0.0,0.0,0.0,0.0,0.0,0.0,0.0,0.0,0.0,0.0,0.0,0.0,0.050000000090000003,0.0,0.0,0.0,0.0,0.0,0.0,0.0,0.0,0.0,0.0,0.0,0.0,0.0,0.0,0.0,0.09999999988000001,0.0,0.0,0.0,0.0,0.0,0.0,0.0,0.0,0.0,0.0,0.0,0.0,0.0,0.0,0.0,0.0,0.0,0.0,0.0,0.0,0.0,0.0,0.0,0.0,0.0,0.0,0.0,0.050000000090000003,0.0,0.0,0.0,0.0,0.0,0.0,0.0,0.0,0.050000000090000003,0.0,0.0,0.0,0.0,0.0,0.0,0.09999999988000001,0.050000000090000003,0.0,0.0,0.0,0.0,0.0,0.09999999988000001,0.0,0.0,0.0,0.0,0.0,0.44999999991000006,0.0,0.0,0.0,0.050000000090000003,0.0,0.0,0.0,0.0,0.0,0.0
0.0,0.0,0.0,0.0,0.0,0.0,0.0,0.0,0.0,0.0,0.0,0.0,0.0,0.0,0.090909090859504146,0.0,0.0,0.0,0.0,0.0,0.0,0.0,0.030303030347107438,0.030303030347107438,0.0,0.030303030347107438,0.0,0.030303030347107438,0.0,0.060606060512396705,0.0,0.0,0.0,0.0,0.030303030347107438,0.030303030347107438,0.0,0.0,0.0,0.0,0.0,0.0,0.0,0.0,0.0,0.0,0.0,0.0,0.0,0.0,0.0,0.0,0.0,0.0,0.030303030347107438,0.0,0.0,0.0,0.0,0.0,0.0,0.0,0.0,0.0,0.0,0.0,0.0,0.0,0.0,0.0,0.0,0.0,0.0,0.0,0.0,0.0,0.0,0.0,0.0,0.030303030347107438,0.0,0.0,0.030303030347107438,0.0,0.0,0.0,0.030303030347107438,0.030303030347107438,0.0,0.0,0.51515151480991739,0.0,0.0,0.0,0.0,0.0,0.0,0.0,0.0,0.0
0.0,0.0,0.0,0.0,0.0,0.0,0.0,0.0,0.0,0.0,0.0,0.0,0.0,0.0,0.0,0.0,0.0,0.0,0.0,0.0,0.0,0.0,0.0,0.0,0.031250000052734372,0.0,0.0,0.062499999917968757,0.031250000052734372,0.0,0.0,0.0,0.0,0.031250000052734372,0.0,0.0,0.0,0.0,0.0,0.0,0.0,0.0,0.0,0.0,0.0,0.0,0.0,0.0,0.0,0.0,0.0,0.0,0.0,0.0,0.031250000052734372,0.0,0.0,0.0,0.0,0.0,0.0,0.062499999917968757,0.0,0.0,0.0,0.0,0.0,0.0,0.0,0.031250000052734372,0.0,0.062499999917968757,0.0,0.0,0.0,0.0,0.0,0.0,0.0,0.0,0.0,0.0,0.0,0.0,0.0,0.0,0.0,0.031250000052734372,0.0,0.031250000052734372,0.0,0.56249999982421872,0.0,0.0,0.0,0.0,0.0,0.0,0.031250000052734372,0.0
0.0,0.0,0.0,0.0,0.0,0.0,0.0,0.0,0.0,0.0,0.0,0.0,0.0,0.0,0.0,0.0,0.0,0.0,0.0,0.0,0.0,0.0,0.0,0.0,0.0,0.0,0.0,0.0,0.0,0.0,0.0,0.0,0.0,0.0,0.0,0.0,0.0,0.0,0.0,0.0,0.0,0.0,0.0,0.0,0.0,0.0,0.0,0.0,0.0,0.0,0.0,0.041666666729166663,0.0,0.041666666729166663,0.0,0.0,0.0,0.041666666729166663,0.0,0.041666666729166663,0.0,0.0,0.0,0.041666666729166663,0.0,0.0,0.0,0.0,0.0,0.0,0.0,0.041666666729166663,0.083333333208333332,0.0,0.0,0.0,0.0,0.0,0.083333333208333332,0.0,0.0,0.0,0.0,0.0,0.0,0.0,0.0,0.041666666729166663,0.0,0.0,0.0,0.0,0.49999999974999998,0.0,0.0,0.0,0.0,0.0,0.041666666729166663,0.0
0.0,0.0,0.0,0.0,0.0,0.0,0.0,0.0,0.0,0.0,0.047619047687074825,0.0,0.0,0.0,0.0,0.0,0.047619047687074825,0.0,0.0,0.0,0.0,0.0,0.0,0.0,0.0,0.0,0.0,0.0,0.0,0.0,0.0,0.0,0.0,0.0,0.0,0.0,0.0,0.0,0.0,0.0,0.0,0.0,0.0,0.0,0.0,0.0,0.0,0.0,0.0,0.0,0.0,0.0,0.0,0.0,0.0,0.0,0.0,0.047619047687074825,0.0,0.0,0.0,0.047619047687074825,0.0,0.0,0.0,0.095238095088435379,0.0,0.0,0.0,0.0,0.0,0.0,0.0,0.0,0.0,0.047619047687074825,0.0,0.0,0.0,0.0,0.047619047687074825,0.0,0.0,0.0,0.0,0.0,0.0,0.0,0.0,0.0,0.0,0.0,0.0,0.47619047601360542,0.047619047687074825,0.0,0.095238095088435379,0.0,0.0,0.0
0.0,0.0,0.0,0.0,0.0,0.0,0.0,0.0,0.0,0.0,0.0,0.0,0.0,0.0,0.0,0.0,0.0,0.0,0.0,0.0,0.0,0.0,0.0,0.0,0.0,0.0,0.0,0.037037037086419748,0.0,0.0,0.037037037086419748,0.037037037086419748,0.0,0.0,0.0,0.0,0.0,0.0,0.037037037086419748,0.0,0.0,0.0,0.037037037086419748,0.0,0.0,0.0,0.0,0.0,0.0,0.0,0.0,0.0,0.0,0.0,0.0,0.0,0.0,0.0,0.0,0.0,0.037037037086419748,0.0,0.0,0.0,0.0,0.0,0.0,0.0,0.037037037086419748,0.0,0.0,0.0,0.0,0.0,0.0,0.0,0.0,0.0,0.0,0.0,0.037037037086419748,0.0,0.037037037086419748,0.0,0.0,0.0,0.074074073950617284,0.0,0.0,0.0,0.0,0.0,0.0,0.0,0.59259259227160488,0.0,0.0,0.0,0.0,0.0
0.0,0.0,0.0,0.0,0.0,0.047619047673469389,0.0,0.0,0.0,0.0,0.0,0.0,0.047619047673469389,0.0,0.0,0.0,0.0,0.047619047673469389,0.0,0.0,0.0,0.0,0.0,0.0,0.0,0.0,0.0,0.0,0.0,0.0,0.0,0.0,0.0,0.047619047673469389,0.0,0.0,0.0,0.0,0.0,0.0,0.0,0.0,0.0,0.0,0.0,0.0,0.0,0.0,0.0,0.0,0.0,0.0,0.0,0.0,0.0,0.0,0.0,0.0,0.0,0.047619047673469389,0.0,0.0,0.0,0.0,0.0,0.0,0.0,0.0,0.0,0.0,0.0,0.0,0.0,0.047619047673469389,0.0,0.0,0.0,0.0,0.0,0.0,0.0,0.0,0.0,0.0,0.0,0.0,0.0,0.0,0.0,0.047619047673469389,0.0,0.0,0.0,0.0,0.0,0.61904761861224489,0.0,0.0,0.047619047673469389,0.0
0.0,0.0,0.0,0.0,0.0,0.0,0.0,0.0,0.045454545504132235,0.0,0.0,0.0,0.0,0.0,0.0,0.0,0.0,0.0,0.0,0.0,0.0,0.0,0.045454545504132235,0.045454545504132235,0.0,0.0,0.0,0.045454545504132235,0.0,0.0,0.0,0.045454545504132235,0.0,0.0,0.0,0.0,0.0,0.0,0.0,0.0,0.045454545504132235,0.0,0.0,0.0,0.0,0.0,0.0,0.0,0.0,0.0,0.0,0.0,0.0,0.0,0.0,0.0,0.0,0.0,0.0,0.0,0.045454545504132235,0.0,0.0,0.045454545504132235,0.0,0.0,0.0,0.0,0.0,0.0,0.0,0.0,0.0,0.0,0.0,0.0,0.0,0.0,0.0,0.0,0.0,0.0,0.0,0.0,0.045454545504132235,0.045454545504132235,0.0,0.045454545504132235,0.0,0.0,0.0,0.0,0.0,0.0,0.0,0.0,0.49999999945454549,0.0,0.0,0.0
0.0,0.0,0.0,0.0,0.0,0.0,0.0,0.0,0.0,0.0,0.0,0.0,0.0,0.0,0.0,0.0,0.0,0.0,0.0,0.0,0.0,0.0,0.0,0.0,0.099999999850000007,0.0,0.050000000075000002,0.0,0.0,0.0,0.0,0.0,0.0,0.0,0.0,0.0,0.050000000075000002,0.0,0.0,0.0,0.0,0.0,0.0,0.050000000075000002,0.0,0.0,0.0,0.0,0.0,0.0,0.0,0.0,0.0,0.0,0.0,0.0,0.0,0.0,0.0,0.0,0.0,0.0,0.0,0.0,0.0,0.050000000075000002,0.0,0.0,0.0,0.0,0.0,0.0,0.0,0.0,0.0,0.0,0.0,0.0,0.050000000075000002,0.0,0.0,0.0,0.050000000075000002,0.0,0.0,0.0,0.0,0.0,0.0,0.0,0.0,0.0,0.0,0.0,0.0,0.0,0.0,0.59999999970000006,0.0,0.0
0.0,0.0,0.0,0.0,0.023809523846938772,0.0,0.0,0.0,0.0,0.0,0.0,0.0,0.0,0.0,0.0,0.0,0.023809523846938772,0.0,0.0,0.0,0.0,0.023809523846938772,0.0,0.0,0.0,0.0,0.0,0.0,0.0,0.0,0.0,0.0,0.0,0.0,0.0,0.0,0.0,0.0,0.0,0.0,0.0,0.0,0.0,0.0,0.0,0.0,0.0,0.0,0.0,0.0,0.0,0.0,0.0,0.0,0.0,0.095238095244897958,0.0,0.0,0.0,0.023809523846938772,0.071428571397959176,0.0,0.0,0.0,0.0,0.0,0.095238095244897958,0.0,0.0,0.0,0.0,0.0,0.0,0.0,0.0,0.0,0.0,0.071428571397959176,0.023809523846938772,0.0,0.023809523846938772,0.0,0.023809523846938772,0.023809523846938772,0.0,0.0,0.0,0.0,0.0,0.0,0.0,0.0,0.047619047551020408,0.0,0.023809523846938772,0.0,0.0,0.0,0.40476190454081634,0.0
0.0,0.0,0.0,0.0,0.0,0.0,0.0,0.0,0.040000000057600002,0.0,0.0,0.0,0.0,0.0,0.0,0.0,0.0,0.0,0.0,0.0,0.0,0.0,0.0,0.0,0.0,0.0,0.0,0.0,0.0,0.040000000057600002,0.0,0.0,0.0,0.0,0.0,0.040000000057600002,0.0,0.0,0.0,0.0,0.0,0.0,0.0,0.0,0.0,0.0,0.0,0.0,0.0,0.040000000057600002,0.0,0.0,0.0,0.0,0.0,0.0,0.0,0.0,0.0,0.0,0.0,0.0,0.0,0.0,0.0,0.040000000057600002,0.0,0.0,0.0,0.0,0.0,0.0,0.0,0.0,0.040000000057600002,0.0,0.0,0.0,0.0,0.0,0.0,0.0,0.0,0.0,0.0,0.040000000057600002,0.0,0.0,0.0,0.0,0.0,0.040000000057600002,0.0,0.0,0.0,0.0,0.0,0.0,0.0,0.6799999995392001
