0.61363636339049621,0.022727272741735551,0.0,0.0,0.0,0.0,0.0,0.0,0.022727272741735551,0.022727272741735551,0.022727272741735551,0.0,0.0,0.0,0.022727272741735551,0.0,0.045454545483471102,0.0,0.0,0.0,0.0,0.0,0.0,0.022727272741735551,0.0,0.0,0.0,0.0,0.0,0.0,0.0,0.0,0.0,0.0,0.0,0.022727272741735551,0.022727272741735551,0.0,0.0,0.0,0.0,0.0,0.0,0.0,0.022727272741735551,0.0,0.022727272741735551,0.0,0.0,0.0,0.0,0.0,0.0,0.0,0.0,0.0,0.0,0.0,0.022727272741735551,0.0,0.0,0.0,0.0,0.0,0.045454545483471102,0.0,0.0,0.0,0.0,0.0,0.0,0.0,0.0,0.0,0.0,0.0,0.0,0.0,0.0,0.0,0.0,0.0,0.0,0.0,0.022727272741735551,0.0,0.0,0.0,0.022727272741735551,0.0,0.0,0.0,0.0,0.0,0.0,0.0,0.0,0.0,0.0,0.0
0.019607843148019999,0.49019607815148036,0.019607843148019999,0.0,0.019607843148019999,0.058823529444059997,0.039215686296039998,0.0,0.039215686296039998,0.019607843148019999,0.019607843148019999,0.0,0.039215686296039998,0.0,0.0,0.0,0.019607843148019999,0.019607843148019999,0.039215686296039998,0.019607843148019999,0.0,0.0,0.0,0.039215686296039998,0.0,0.0,0.0,0.0,0.0,0.0,0.0,0.0,0.0,0.0,0.0,0.0,0.0,0.0,0.0,0.0,0.0,0.0,0.0,0.0,0.0,0.058823529444059997,0.0,0.0,0.0,0.0,0.0,0.019607843148019999,0.019607843148019999,0.0,0.0,0.0,0.0,0.0,0.0,0.0,0.0,0.0,0.0,0.0,0.0,0.0,0.0,0.0,0.0,0.0,0.0,0.0,0.0,0.0,0.0,0.0,0.0,0.0,0.0,0.0,0.0,0.0,0.0,0.0,0.0,0.0,0.0,0.0,0.0,0.0,0.0,0.0,0.0,0.0,0.0,0.0,0.0,0.0,0.0,0.0
0.0,0.013888888898341051,0.36111111096797843,0.041666666695023155,0.0,0.069444444394483038,0.041666666695023155,0.027777777796682102,0.013888888898341051,0.041666666695023155,0.013888888898341051,0.0,0.041666666695023155,0.027777777796682102,0.0,0.0,0.0,0.013888888898341051,0.0,0.0,0.0,0.0,0.0,0.0,0.0,0.0,0.0,0.0,0.0,0.0,0.0,0.0,0.0,0.0,0.0,0.0,0.0,0.0,0.0,0.013888888898341051,0.013888888898341051,0.0,0.027777777796682102,0.0,0.0,0.0,0.0,0.0,0.11111111108950621,0.0,0.027777777796682102,0.055555555496141988,0.027777777796682102,0.0,0.0,0.0,0.0,0.013888888898341051,0.0,0.0,0.0,0.0,0.0,0.0,0.0,0.0,0.0,0.0,0.0,0.0,0.0,0.0,0.0,0.0,0.0,0.0,0.0,0.0,0.0,0.0,0.0,0.0,0.0,0.0,0.0,0.0,0.0,0.0,0.0,0.0,0.0,0.0,0.0,0.0,0.0,0.0,0.0,0.0,0.0,0.0
0.018181818191074391,0.036363636382148783,0.072727272637024831,0.43636363620396718,0.036363636382148783,0.036363636382148783,0.018181818191074391,0.0,0.018181818191074391,0.018181818191074391,0.0,0.0,0.05454545457322317,0.0,0.018181818191074391,0.018181818191074391,0.05454545457322317,0.0,0.0,0.0,0.0,0.0,0.0,0.0,0.0,0.0,0.0,0.018181818191074391,0.0,0.0,0.0,0.0,0.0,0.0,0.0,0.0,0.0,0.0,0.018181818191074391,0.0,0.0,0.0,0.0,0.0,0.0,0.036363636382148783,0.0,0.0,0.018181818191074391,0.0,0.0,0.0,0.0,0.0,0.0,0.0,0.0,0.0,0.018181818191074391,0.0,0.0,0.0,0.0,0.0,0.0,0.0,0.0,0.0,0.0,0.0,0.018181818191074391,0.0,0.0,0.0,0.0,0.0,0.0,0.0,0.0,0.0,0.0,0.0,0.0,0.0,0.0,0.018181818191074391,0.0,0.0,0.0,0.0,0.0,0.0,0.0,0.0,0.0,0.0,0.0,0.0,0.0,0.018181818191074391
0.0,0.04761904765079366,0.02380952382539683,0.04761904765079366,0.42857142835714301,0.02380952382539683,0.0,0.0,0.02380952382539683,0.0,0.095238095134920667,0.0,0.02380952382539683,0.0,0.0,0.0714285714761905,0.0,0.0,0.0,0.04761904765079366,0.0,0.0,0.0,0.0,0.0,0.0,0.0,0.0,0.0,0.0,0.0,0.0,0.0,0.0,0.0,0.0,0.0,0.0,0.0,0.0,0.0,0.02380952382539683,0.0,0.0,0.0,0.0,0.0,0.0,0.0,0.0,0.0,0.0,0.0,0.0,0.0,0.0,0.02380952382539683,0.0,0.02380952382539683,0.0,0.0,0.0,0.02380952382539683,0.0,0.0,0.0,0.0,0.0,0.0,0.0,0.0,0.0,0.0,0.0,0.0,0.0,0.0,0.0,0.04761904765079366,0.0,0.0,0.0,0.0,0.0,0.0,0.02380952382539683,0.0,0.0,0.0,0.0,0.0,0.0,0.0,0.0,0.0,0.0,0.0,0.0,0.0,0.0
0.0,0.021739130448015127,0.086956521639886611,0.065217391344045389,0.0,0.34782608686389427,0.043478260896030255,0.0,0.15217391298393199,0.0,0.065217391344045389,0.0,0.021739130448015127,0.021739130448015127,0.0,0.0,0.0,0.0,0.021739130448015127,0.0,0.0,0.0,0.0,0.0,0.0,0.0,0.0,0.0,0.0,0.0,0.0,0.0,0.0,0.0,0.0,0.0,0.0,0.0,0.0,0.0,0.0,0.0,0.0,0.0,0.0,0.021739130448015127,0.0,0.0,0.0,0.0,0.043478260896030255,0.0,0.0,0.021739130448015127,0.0,0.0,0.021739130448015127,0.0,0.021739130448015127,0.0,0.0,0.0,0.0,0.0,0.0,0.0,0.0,0.0,0.0,0.0,0.0,0.0,0.0,0.0,0.0,0.0,0.0,0.0,0.0,0.0,0.0,0.0,0.0,0.0,0.0,0.0,0.0,0.0,0.021739130448015127,0.0,0.0,0.0,0.0,0.0,0.0,0.0,0.0,0.0,0.0,0.0
0.0,0.060000000033600023,0.060000000033600023,0.0,0.0,0.020000000011200007,0.4599999998376002,0.040000000022400013,0.0,0.079999999904800029,0.0,0.020000000011200007,0.020000000011200007,0.0,0.0,0.020000000011200007,0.0,0.020000000011200007,0.0,0.040000000022400013,0.020000000011200007,0.0,0.0,0.0,0.0,0.0,0.0,0.020000000011200007,0.0,0.0,0.0,0.020000000011200007,0.0,0.0,0.0,0.020000000011200007,0.0,0.0,0.0,0.0,0.0,0.0,0.0,0.0,0.0,0.0,0.0,0.0,0.0,0.020000000011200007,0.0,0.0,0.0,0.020000000011200007,0.0,0.0,0.0,0.040000000022400013,0.0,0.0,0.0,0.0,0.0,0.0,0.0,0.0,0.0,0.0,0.0,0.0,0.0,0.0,0.0,0.0,0.0,0.0,0.0,0.0,0.0,0.0,0.0,0.0,0.0,0.0,0.0,0.0,0.0,0.0,0.0,0.0,0.0,0.0,0.0,0.0,0.0,0.0,0.0,0.0,0.0,0.0
0.0,0.0,0.032258064530697184,0.0,0.0,0.0,0.032258064530697184,0.51612903203954208,0.0,0.032258064530697184,0.064516129061394367,0.0,0.0,0.0,0.0,0.064516129061394367,0.064516129061394367,0.0,0.032258064530697184,0.0,0.0,0.0,0.0,0.0,0.0,0.0,0.0,0.0,0.0,0.0,0.0,0.0,0.0,0.0,0.0,0.0,0.0,0.0,0.0,0.0,0.0,0.0,0.0,0.0,0.0,0.0,0.0,0.0,0.0,0.0,0.032258064530697184,0.032258064530697184,0.0,0.064516129061394367,0.0,0.0,0.0,0.0,0.0,0.0,0.0,0.0,0.0,0.032258064530697184,0.0,0.0,0.0,0.0,0.0,0.0,0.0,0.0,0.0,0.0,0.0,0.0,0.0,0.0,0.0,0.0,0.0,0.0,0.0,0.0,0.0,0.0,0.0,0.0,0.0,0.0,0.0,0.0,0.0,0.0,0.0,0.0,0.0,0.0,0.0,0.0
0.0,0.058823529444059997,0.058823529444059997,0.0,0.019607843148019999,0.039215686296039998,0.0,0.019607843148019999,0.47058823514071524,0.0,0.078431372454825093,0.0,0.0,0.058823529444059997,0.0,0.0,0.0,0.019607843148019999,0.0,0.039215686296039998,0.0,0.0,0.0,0.0,0.0,0.0,0.0,0.0,0.0,0.0,0.0,0.0,0.0,0.0,0.0,0.0,0.0,0.0,0.0,0.0,0.0,0.019607843148019999,0.0,0.0,0.0,0.0,0.0,0.0,0.039215686296039998,0.0,0.019607843148019999,0.0,0.0,0.0,0.0,0.0,0.019607843148019999,0.0,0.0,0.019607843148019999,0.0,0.0,0.0,0.0,0.0,0.0,0.0,0.0,0.0,0.0,0.0,0.0,0.019607843148019999,0.0,0.0,0.0,0.0,0.0,0.0,0.0,0.0,0.0,0.0,0.0,0.0,0.0,0.0,0.0,0.0,0.0,0.0,0.0,0.0,0.0,0.0,0.0,0.0,0.0,0.0,0.0
0.0,0.02564102565483236,0.05128205130966472,0.0,0.10256410243984226,0.02564102565483236,0.076923076964497086,0.0,0.02564102565483236,0.41025641011834346,0.02564102565483236,0.0,0.076923076964497086,0.0,0.02564102565483236,0.0,0.0,0.02564102565483236,0.0,0.0,0.0,0.0,0.0,0.02564102565483236,0.0,0.0,0.0,0.02564102565483236,0.0,0.0,0.02564102565483236,0.0,0.0,0.0,0.0,0.0,0.0,0.0,0.0,0.0,0.0,0.0,0.0,0.0,0.0,0.0,0.0,0.0,0.0,0.0,0.0,0.0,0.0,0.0,0.0,0.0,0.0,0.0,0.02564102565483236,0.02564102565483236,0.0,0.0,0.0,0.0,0.0,0.0,0.0,0.0,0.0,0.0,0.0,0.0,0.0,0.0,0.0,0.0,0.0,0.0,0.0,0.0,0.0,0.0,0.0,0.0,0.0,0.0,0.0,0.0,0.0,0.0,0.0,0.0,0.0,0.0,0.0,0.0,0.0,0.0,0.0,0.0
0.0,0.021739130448015131,0.021739130448015131,0.021739130448015131,0.043478260896030262,0.021739130448015131,0.021739130448015131,0.021739130448015131,0.10869565208790175,0.021739130448015131,0.43478260850378092,0.0,0.021739130448015131,0.043478260896030262,0.0,0.0,0.021739130448015131,0.043478260896030262,0.0,0.021739130448015131,0.0,0.0,0.0,0.0,0.0,0.0,0.0,0.0,0.0,0.0,0.0,0.0,0.0,0.0,0.0,0.0,0.0,0.0,0.0,0.0,0.0,0.0,0.0,0.0,0.0,0.0,0.0,0.0,0.0,0.0,0.0,0.0,0.0,0.0,0.021739130448015131,0.021739130448015131,0.021739130448015131,0.021739130448015131,0.0,0.0,0.0,0.0,0.0,0.0,0.0,0.0,0.0,0.0,0.0,0.0,0.0,0.0,0.0,0.0,0.0,0.0,0.0,0.0,0.0,0.0,0.0,0.0,0.0,0.0,0.0,0.021739130448015131,0.0,0.0,0.0,0.0,0.0,0.0,0.0,0.0,0.0,0.0,0.0,0.0,0.0,0.0
0.0,0.0,0.0,0.0,0.0,0.0,0.0,0.028571428588571438,0.0,0.0,0.0,0.54285714258285733,0.0,0.0,0.0,0.0,0.0,0.0,0.028571428588571438,0.0,0.0,0.0,0.0,0.0,0.0,0.0,0.0,0.028571428588571438,0.0,0.0,0.0,0.0,0.0,0.028571428588571438,0.0,0.0,0.0,0.0,0.0,0.0,0.0,0.0,0.0,0.028571428588571438,0.0,0.0,0.0,0.028571428588571438,0.028571428588571438,0.0,0.0,0.0,0.085714285765714313,0.0,0.0,0.0,0.0,0.028571428588571438,0.0,0.028571428588571438,0.0,0.0,0.0,0.0,0.0,0.0,0.0,0.0,0.0,0.0,0.0,0.0,0.0,0.0,0.0,0.0,0.0,0.0,0.0,0.028571428588571438,0.0,0.0,0.0,0.0,0.0,0.028571428588571438,0.0,0.0,0.028571428588571438,0.0,0.0,0.0,0.0,0.0,0.028571428588571438,0.0,0.0,0.0,0.0,0.0
0.0,0.0,0.017857142870535719,0.0892857142276786,0.035714285741071439,0.035714285741071439,0.017857142870535719,0.0,0.0,0.071428571357142881,0.017857142870535719,0.0,0.44642857126339308,0.0,0.0,0.0,0.053571428611607165,0.017857142870535719,0.017857142870535719,0.017857142870535719,0.0,0.0,0.0,0.0,0.0,0.0,0.0,0.0,0.0,0.017857142870535719,0.0,0.0,0.0,0.0,0.0,0.017857142870535719,0.0,0.0,0.017857142870535719,0.0,0.0,0.0,0.035714285741071439,0.0,0.0,0.017857142870535719,0.0,0.0,0.0,0.0,0.0,0.0,0.0,0.0,0.0,0.0,0.017857142870535719,0.0,0.017857142870535719,0.0,0.0,0.0,0.0,0.017857142870535719,0.0,0.0,0.0,0.0,0.0,0.0,0.0,0.0,0.0,0.0,0.0,0.0,0.0,0.0,0.0,0.0,0.0,0.0,0.0,0.0,0.0,0.0,0.0,0.0,0.0,0.0,0.0,0.0,0.0,0.0,0.0,0.0,0.0,0.0,0.0,0.0
0.0,0.020000000011200003,0.020000000011200003,0.0,0.020000000011200003,0.0,0.0,0.020000000011200003,0.060000000033600016,0.0,0.020000000011200003,0.0,0.0,0.55999999975360015,0.020000000011200003,0.0,0.0,0.0,0.0,0.0,0.0,0.0,0.0,0.0,0.0,0.0,0.0,0.0,0.0,0.0,0.0,0.0,0.0,0.0,0.0,0.0,0.0,0.0,0.0,0.0,0.0,0.0,0.0,0.020000000011200003,0.0,0.0,0.0,0.020000000011200003,0.040000000022400006,0.020000000011200003,0.040000000022400006,0.0,0.0,0.020000000011200003,0.0,0.020000000011200003,0.0,0.060000000033600016,0.0,0.0,0.0,0.0,0.0,0.0,0.0,0.020000000011200003,0.0,0.0,0.0,0.0,0.0,0.0,0.0,0.0,0.0,0.0,0.0,0.0,0.0,0.0,0.0,0.0,0.0,0.0,0.0,0.0,0.0,0.0,0.0,0.0,0.0,0.0,0.0,0.0,0.0,0.0,0.0,0.0,0.0,0.0
0.0,0.0,0.032258064537981274,0.0,0.0,0.0,0.032258064537981274,0.032258064537981274,0.0,0.032258064537981274,0.0,0.0,0.0,0.0,0.70967741915816873,0.0,0.0,0.0,0.0,0.0,0.0,0.0,0.0,0.0,0.0,0.0,0.0,0.032258064537981274,0.0,0.0,0.0,0.0,0.0,0.0,0.032258064537981274,0.0,0.0,0.0,0.0,0.0,0.032258064537981274,0.0,0.0,0.0,0.0,0.0,0.0,0.0,0.0,0.0,0.0,0.0,0.0,0.0,0.032258064537981274,0.0,0.0,0.0,0.0,0.0,0.0,0.0,0.0,0.0,0.0,0.0,0.0,0.0,0.0,0.0,0.032258064537981274,0.0,0.0,0.0,0.0,0.0,0.0,0.0,0.0,0.0,0.0,0.0,0.0,0.0,0.0,0.0,0.0,0.0,0.0,0.0,0.0,0.0,0.0,0.0,0.0,0.0,0.0,0.0,0.0,0.0
0.0,0.0,0.0,0.0,0.0,0.030303030322314052,0.030303030322314052,0.030303030322314052,0.0,0.030303030322314052,0.030303030322314052,0.0,0.0,0.030303030322314052,0.0,0.54545454516528935,0.0,0.090909090966942163,0.030303030322314052,0.0,0.0,0.0,0.0,0.0,0.0,0.0,0.0,0.0,0.0,0.0,0.0,0.0,0.0,0.0,0.0,0.0,0.0,0.0,0.0,0.0,0.0,0.0,0.0,0.0,0.0,0.030303030322314052,0.0,0.0,0.0,0.0,0.0,0.0,0.0,0.060606060644628104,0.0,0.0,0.030303030322314052,0.030303030322314052,0.0,0.0,0.0,0.0,0.0,0.0,0.0,0.0,0.0,0.0,0.0,0.0,0.0,0.0,0.0,0.0,0.0,0.0,0.0,0.0,0.0,0.0,0.0,0.0,0.0,0.0,0.0,0.0,0.0,0.0,0.0,0.0,0.0,0.0,0.0,0.0,0.0,0.0,0.0,0.0,0.0,0.0
0.073170731769779895,0.0,0.0,0.097560975522308163,0.0,0.024390243923259964,0.0,0.024390243923259964,0.0,0.0,0.0,0.0,0.024390243923259964,0.024390243923259964,0.0,0.0,0.60975609739857239,0.0,0.0,0.048780487846519928,0.0,0.0,0.0,0.0,0.0,0.0,0.0,0.0,0.0,0.0,0.0,0.024390243923259964,0.0,0.0,0.0,0.0,0.0,0.0,0.0,0.0,0.0,0.0,0.0,0.024390243923259964,0.0,0.0,0.024390243923259964,0.0,0.0,0.0,0.0,0.0,0.0,0.0,0.0,0.0,0.0,0.0,0.0,0.0,0.0,0.0,0.0,0.0,0.0,0.0,0.0,0.0,0.0,0.0,0.0,0.0,0.0,0.0,0.0,0.0,0.0,0.0,0.0,0.0,0.0,0.0,0.0,0.0,0.0,0.0,0.0,0.0,0.0,0.0,0.0,0.0,0.0,0.0,0.0,0.0,0.0,0.0,0.0,0.0
0.0,0.034482758637336505,0.068965517274673011,0.034482758637336505,0.0,0.034482758637336505,0.034482758637336505,0.0,0.0,0.034482758637336505,0.034482758637336505,0.0,0.0,0.0,0.0,0.034482758637336505,0.0,0.55172413771462547,0.034482758637336505,0.0,0.0,0.0,0.0,0.0,0.0,0.0,0.0,0.0,0.0,0.0,0.0,0.0,0.0,0.0,0.0,0.0,0.0,0.0,0.0,0.0,0.0,0.0,0.0,0.0,0.0,0.0,0.0,0.0,0.0,0.0,0.0,0.0,0.0,0.0,0.034482758637336505,0.0,0.0,0.0,0.0,0.0,0.0,0.0,0.0,0.0,0.0,0.0,0.0,0.0,0.0,0.0,0.0,0.0,0.0,0.0,0.0,0.0,0.0,0.0,0.0,0.0,0.0,0.0,0.0,0.0,0.034482758637336505,0.0,0.0,0.0,0.0,0.0,0.0,0.0,0.0,0.034482758637336505,0.0,0.0,0.0,0.0,0.0,0.0
0.0,0.058823529448096899,0.0,0.0,0.02941176472404845,0.02941176472404845,0.088235294172145345,0.0,0.0,0.0,0.0,0.02941176472404845,0.02941176472404845,0.0,0.0,0.0,0.0,0.0,0.55882352913927347,0.058823529448096899,0.0,0.0,0.0,0.0,0.0,0.0,0.0,0.0,0.0,0.02941176472404845,0.0,0.0,0.0,0.0,0.0,0.0,0.0,0.0,0.0,0.0,0.0,0.0,0.0,0.0,0.0,0.0,0.02941176472404845,0.0,0.0,0.0,0.0,0.02941176472404845,0.0,0.0,0.02941176472404845,0.0,0.0,0.0,0.0,0.0,0.0,0.0,0.0,0.0,0.0,0.0,0.0,0.0,0.0,0.0,0.0,0.0,0.0,0.0,0.0,0.0,0.0,0.0,0.0,0.0,0.0,0.0,0.0,0.0,0.0,0.0,0.0,0.0,0.0,0.0,0.0,0.0,0.0,0.0,0.0,0.0,0.0,0.0,0.0,0.0
0.024390243919095778,0.0,0.048780487838191555,0.0,0.048780487838191555,0.024390243919095778,0.048780487838191555,0.024390243919095778,0.0,0.0,0.0,0.0,0.0,0.0,0.0,0.024390243919095778,0.024390243919095778,0.0,0.073170731757287333,0.60975609729446767,0.0,0.0,0.0,0.0,0.0,0.0,0.0,0.0,0.0,0.024390243919095778,0.0,0.0,0.0,0.0,0.0,0.0,0.0,0.0,0.0,0.0,0.0,0.0,0.0,0.0,0.0,0.0,0.0,0.0,0.0,0.0,0.0,0.0,0.0,0.0,0.0,0.0,0.024390243919095778,0.0,0.0,0.0,0.0,0.0,0.0,0.0,0.0,0.0,0.0,0.0,0.0,0.0,0.0,0.0,0.0,0.0,0.0,0.0,0.0,0.0,0.0,0.0,0.0,0.0,0.0,0.0,0.0,0.0,0.0,0.0,0.0,0.0,0.0,0.0,0.0,0.0,0.0,0.0,0.0,0.0,0.0,0.0
0.0,0.025000000017500006,0.0,0.0,0.0,0.0,0.025000000017500006,0.0,0.0,0.0,0.0,0.0,0.0,0.0,0.0,0.0,0.0,0.0,0.0,0.0,0.57499999987750017,0.025000000017500006,0.0,0.050000000035000013,0.0,0.0,0.0,0.12499999991250003,0.025000000017500006,0.0,0.0,0.0,0.0,0.0,0.0,0.075000000052500029,0.0,0.0,0.0,0.0,0.0,0.0,0.0,0.0,0.0,0.0,0.0,0.025000000017500006,0.0,0.0,0.0,0.0,0.0,0.0,0.0,0.0,0.0,0.0,0.0,0.0,0.0,0.025000000017500006,0.0,0.0,0.0,0.0,0.0,0.0,0.0,0.0,0.0,0.0,0.0,0.0,0.0,0.0,0.0,0.0,0.0,0.0,0.0,0.0,0.0,0.0,0.0,0.0,0.0,0.0,0.0,0.0,0.0,0.0,0.0,0.025000000017500006,0.0,0.0,0.0,0.0,0.0,0.0
0.0,0.0,0.0,0.0,0.0,0.0,0.0,0.0,0.0,0.0,0.0,0.0,0.023809523829365086,0.0,0.0,0.0,0.0,0.0,0.0,0.0,0.0,0.4761904760873017,0.047619047658730172,0.0,0.0,0.11904761898015875,0.0,0.0,0.0,0.0,0.0,0.0,0.0,0.0,0.023809523829365086,0.16666666663888893,0.0,0.023809523829365086,0.0,0.023809523829365086,0.0,0.0,0.0,0.0,0.0,0.0,0.0,0.0,0.0,0.0,0.0,0.0,0.0,0.0,0.0,0.0,0.0,0.0,0.0,0.0,0.0,0.0,0.0,0.0,0.0,0.0,0.047619047658730172,0.0,0.0,0.0,0.0,0.0,0.0,0.0,0.0,0.0,0.0,0.0,0.0,0.023809523829365086,0.0,0.0,0.0,0.0,0.0,0.0,0.0,0.0,0.0,0.0,0.0,0.0,0.0,0.023809523829365086,0.0,0.0,0.0,0.0,0.0,0.0
0.0,0.0,0.0,0.0,0.0,0.0,0.0,0.0,0.0,0.0,0.0,0.0,0.0,0.0,0.0,0.0,0.0,0.0,0.0,0.0,0.0,0.071428571464285689,0.53571428548214273,0.0,0.0,0.071428571464285689,0.0,0.0,0.035714285732142845,0.0,0.0,0.0,0.035714285732142845,0.0,0.0,0.0,0.035714285732142845,0.0,0.0,0.0,0.0,0.0,0.0,0.0,0.0,0.0,0.0,0.0,0.0,0.0,0.0,0.0,0.0,0.0,0.0,0.0,0.0,0.0,0.0,0.0,0.0,0.0,0.0,0.0,0.035714285732142845,0.0,0.0,0.0,0.0,0.0,0.035714285732142845,0.0,0.035714285732142845,0.0,0.0,0.0,0.0,0.035714285732142845,0.0,0.0,0.0,0.0,0.0,0.035714285732142845,0.0,0.0,0.0,0.0,0.0,0.0,0.0,0.0,0.0,0.0,0.0,0.0,0.0,0.035714285732142845,0.0,0.0
0.014492753633480356,0.0,0.0,0.014492753633480356,0.0,0.014492753633480356,0.0,0.0,0.0,0.0,0.0,0.0,0.0,0.0,0.0,0.0,0.0,0.0,0.0,0.0,0.028985507266960711,0.0,0.0,0.59420289836399898,0.028985507266960711,0.0,0.028985507266960711,0.014492753633480356,0.028985507266960711,0.0,0.014492753633480356,0.0,0.0,0.0,0.0,0.014492753633480356,0.072463768065952505,0.0,0.0,0.014492753633480356,0.0,0.0,0.0,0.0,0.0,0.0,0.0,0.0,0.0,0.0,0.0,0.0,0.0,0.0,0.0,0.0,0.0,0.0,0.0,0.0,0.0,0.0,0.0,0.014492753633480356,0.014492753633480356,0.0,0.014492753633480356,0.014492753633480356,0.0,0.014492753633480356,0.0,0.0,0.0,0.0,0.0,0.0,0.0,0.0,0.0,0.0,0.0,0.0,0.0,0.0,0.0,0.0,0.0,0.0,0.028985507266960711,0.0,0.014492753633480356,0.0,0.0,0.0,0.0,0.0,0.0,0.0,0.0,0.0
0.0,0.0,0.0,0.031250000020507818,0.0,0.0,0.0,0.0,0.0,0.0,0.0,0.0,0.0,0.0,0.0,0.0,0.0,0.0,0.0,0.0,0.0,0.0,0.0,0.12499999986328129,0.46874999987011734,0.062500000041015635,0.031250000020507818,0.062500000041015635,0.0,0.0,0.0,0.0,0.0,0.031250000020507818,0.0,0.0,0.0,0.0,0.0,0.0,0.0,0.0,0.0,0.0,0.0,0.031250000020507818,0.0,0.0,0.0,0.0,0.0,0.0,0.0,0.0,0.0,0.0,0.0,0.0,0.0,0.031250000020507818,0.0,0.0,0.0,0.0,0.0,0.0,0.0,0.0,0.0,0.0,0.0,0.0,0.031250000020507818,0.0,0.0,0.0,0.0,0.0,0.0,0.0,0.0,0.0,0.0,0.0,0.0,0.0,0.0,0.0,0.031250000020507818,0.031250000020507818,0.0,0.0,0.0,0.0,0.0,0.0,0.0,0.031250000020507818,0.0,0.0
0.0,0.0,0.0,0.0,0.0,0.0,0.0,0.0,0.0,0.0,0.0,0.0,0.0,0.0,0.0,0.0,0.0,0.0,0.0,0.0,0.0,0.052631578986149605,0.035087719324099736,0.0,0.035087719324099736,0.56140350857156074,0.0,0.017543859662049868,0.0,0.017543859662049868,0.017543859662049868,0.017543859662049868,0.070175438525392458,0.017543859662049868,0.017543859662049868,0.035087719324099736,0.0,0.0,0.0,0.0,0.0,0.017543859662049868,0.0,0.0,0.0,0.0,0.0,0.0,0.0,0.0,0.0,0.0,0.0,0.0,0.0,0.0,0.0,0.0,0.0,0.0,0.0,0.017543859662049868,0.0,0.017543859662049868,0.0,0.017543859662049868,0.0,0.0,0.0,0.0,0.0,0.0,0.0,0.0,0.0,0.0,0.0,0.0,0.0,0.0,0.0,0.0,0.0,0.0,0.0,0.0,0.0,0.0,0.017543859662049868,0.0,0.0,0.017543859662049868,0.0,0.0,0.0,0.0,0.0,0.0,0.0,0.0
0.0,0.0,0.0,0.0,0.0,0.0,0.0,0.0,0.0,0.0,0.0,0.0,0.0,0.0,0.0,0.0,0.0,0.0,0.0,0.0,0.025641025659434588,0.0,0.025641025659434588,0.0,0.0,0.0,0.56410256396909941,0.0,0.025641025659434588,0.0,0.025641025659434588,0.0,0.0,0.0,0.051282051318869176,0.0,0.025641025659434588,0.0,0.0,0.0,0.0,0.0,0.0,0.0,0.0,0.0,0.0,0.0,0.0,0.0,0.0,0.0,0.0,0.0,0.0,0.0,0.0,0.025641025659434588,0.0,0.0,0.0,0.0,0.0,0.0,0.10256410245825118,0.0,0.0,0.0,0.0,0.0,0.0,0.025641025659434588,0.025641025659434588,0.0,0.0,0.0,0.025641025659434588,0.0,0.0,0.0,0.0,0.0,0.0,0.0,0.0,0.0,0.0,0.0,0.0,0.0,0.0,0.0,0.0,0.0,0.0,0.0,0.051282051318869176,0.0,0.0,0.0
0.0,0.0,0.0,0.0,0.0,0.0,0.0,0.0,0.0,0.0,0.0,0.0,0.0,0.0,0.0,0.0,0.0,0.0,0.0,0.0,0.13157894728116346,0.0,0.0,0.026315789493074795,0.052631578986149591,0.0,0.0,0.47368421032271479,0.0,0.0,0.0,0.026315789493074795,0.052631578986149591,0.078947368479224386,0.0,0.0,0.0,0.0,0.0,0.0,0.0,0.0,0.0,0.0,0.0,0.0,0.0,0.0,0.0,0.0,0.0,0.0,0.0,0.0,0.0,0.0,0.0,0.0,0.0,0.0,0.0,0.0,0.0,0.0,0.0,0.0,0.0,0.0,0.0,0.0,0.0,0.026315789493074795,0.078947368479224386,0.0,0.052631578986149591,0.0,0.0,0.0,0.0,0.0,0.0,0.0,0.0,0.0,0.0,0.0,0.0,0.0,0.0,0.0,0.0,0.0,0.0,0.0,0.0,0.0,0.0,0.0,0.0,0.0
0.0,0.0,0.0,0.0,0.0,0.0,0.0,0.0,0.0,0.0,0.0,0.0,0.0,0.0,0.028571428582857154,0.0,0.0,0.0,0.0,0.0,0.0,0.0,0.0,0.028571428582857154,0.057142857165714309,0.0,0.028571428582857154,0.0,0.45714285692571455,0.028571428582857154,0.08571428574857147,0.028571428582857154,0.028571428582857154,0.0,0.0,0.0,0.0,0.0,0.0,0.0,0.0,0.0,0.0,0.0,0.0,0.0,0.0,0.0,0.0,0.0,0.0,0.0,0.0,0.0,0.0,0.0,0.0,0.0,0.0,0.0,0.0,0.0,0.0,0.028571428582857154,0.0,0.0,0.0,0.0,0.0,0.028571428582857154,0.0,0.028571428582857154,0.0,0.0,0.0,0.0,0.028571428582857154,0.028571428582857154,0.0,0.0,0.0,0.0,0.0,0.0,0.0,0.0,0.0,0.0,0.028571428582857154,0.0,0.0,0.0,0.0,0.0,0.0,0.0,0.028571428582857154,0.028571428582857154,0.0,0.0
0.0,0.0,0.0,0.018181818193388433,0.018181818193388433,0.0,0.0,0.0,0.0,0.0,0.0,0.0,0.0,0.0,0.0,0.0,0.0,0.0,0.0,0.0,0.0,0.07272727264628101,0.0,0.0,0.0,0.036363636386776865,0.0,0.0,0.036363636386776865,0.56363636348595059,0.0,0.0,0.0,0.0,0.018181818193388433,0.036363636386776865,0.0,0.018181818193388433,0.0,0.0,0.0,0.0,0.0,0.0,0.0,0.018181818193388433,0.0,0.0,0.0,0.0,0.0,0.0,0.0,0.0,0.0,0.036363636386776865,0.0,0.0,0.0,0.0,0.0,0.0,0.0,0.018181818193388433,0.0,0.0,0.0,0.0,0.018181818193388433,0.0,0.0,0.0,0.0,0.0,0.0,0.0,0.0,0.0,0.0,0.0,0.0,0.0,0.0,0.0,0.0,0.0,0.0,0.0,0.0,0.036363636386776865,0.0,0.0,0.0,0.0,0.0,0.0,0.0,0.054545454580165305,0.0,0.0
0.0,0.0,0.023809523825396833,0.0,0.0,0.0,0.0,0.0,0.0,0.0,0.0,0.0,0.0,0.0,0.0,0.0,0.0,0.0,0.0,0.0,0.0,0.0,0.0,0.0,0.023809523825396833,0.0,0.023809523825396833,0.0,0.0,0.0,0.57142857130952396,0.0,0.0,0.0,0.023809523825396833,0.0,0.0,0.0,0.0,0.0,0.0,0.0,0.0,0.0,0.0,0.0,0.0,0.0,0.0,0.0,0.0,0.0,0.0,0.0,0.0,0.0,0.0,0.0,0.0,0.0,0.0,0.023809523825396833,0.023809523825396833,0.0,0.0,0.0,0.0,0.0,0.0,0.0,0.0,0.023809523825396833,0.16666666661111118,0.0,0.0,0.0,0.047619047650793667,0.0,0.0,0.0,0.0,0.0,0.0,0.0,0.0,0.0,0.0,0.0,0.0,0.023809523825396833,0.0,0.0,0.0,0.023809523825396833,0.0,0.0,0.0,0.0,0.0,0.0
0.0,0.0,0.0,0.01492537314680329,0.0,0.0,0.0,0.0,0.0,0.0,0.0,0.0,0.01492537314680329,0.0,0.0,0.0,0.0,0.0,0.0,0.0,0.0,0.0,0.01492537314680329,0.0,0.0,0.01492537314680329,0.0,0.0,0.0,0.0,0.0,0.61194029839206932,0.01492537314680329,0.089552238776342136,0.01492537314680329,0.0,0.0,0.0,0.11940298506994872,0.0,0.0,0.01492537314680329,0.0,0.01492537314680329,0.0,0.0,0.0,0.0,0.0,0.0,0.0,0.0,0.0,0.0,0.0,0.0,0.0,0.0,0.0,0.0,0.0,0.0,0.0,0.0,0.0,0.0,0.01492537314680329,0.0,0.01492537314680329,0.0,0.0,0.0,0.0,0.0,0.0,0.0,0.01492537314680329,0.0,0.0,0.0,0.0,0.0,0.0,0.0,0.0,0.0,0.0,0.0,0.0,0.0,0.0,0.0,0.0,0.0,0.01492537314680329,0.0,0.0,0.0,0.0,0.0
0.0,0.0,0.0,0.0,0.0,0.0,0.0,0.0,0.0,0.0,0.0,0.0,0.0,0.0,0.0,0.0,0.0,0.0,0.0,0.0,0.0,0.0,0.062500000041015635,0.0,0.0,0.031250000020507818,0.0,0.0,0.031250000020507818,0.031250000020507818,0.0,0.093750000061523467,0.62499999975390641,0.0,0.031250000020507818,0.0,0.0,0.031250000020507818,0.0,0.0,0.0,0.031250000020507818,0.0,0.0,0.0,0.0,0.0,0.0,0.0,0.0,0.0,0.0,0.0,0.0,0.0,0.0,0.0,0.0,0.0,0.0,0.0,0.0,0.0,0.0,0.0,0.0,0.0,0.0,0.0,0.0,0.0,0.0,0.0,0.0,0.0,0.0,0.0,0.0,0.0,0.0,0.0,0.0,0.0,0.0,0.0,0.0,0.0,0.0,0.0,0.0,0.0,0.0,0.0,0.0,0.0,0.0,0.0,0.0,0.0,0.031250000020507818
0.0,0.0,0.0,0.0,0.0,0.0,0.0,0.0,0.0,0.0,0.0,0.0,0.0,0.0,0.0,0.0,0.0,0.0,0.0,0.0,0.0,0.0,0.0,0.023809523825396837,0.023809523825396837,0.0,0.0,0.023809523825396837,0.0,0.023809523825396837,0.0,0.11904761896031753,0.0,0.57142857130952407,0.0,0.023809523825396837,0.0,0.0,0.0,0.0,0.0,0.0,0.0,0.0,0.0,0.0,0.0,0.0,0.0,0.0,0.0,0.0,0.0,0.0,0.023809523825396837,0.023809523825396837,0.0,0.0,0.0,0.0,0.0,0.023809523825396837,0.0,0.023809523825396837,0.0,0.0,0.0,0.023809523825396837,0.0,0.0,0.023809523825396837,0.0,0.0,0.0,0.023809523825396837,0.0,0.0,0.0,0.0,0.0,0.0,0.0,0.0,0.0,0.0,0.023809523825396837,0.0,0.0,0.0,0.0,0.0,0.0,0.0,0.0,0.0,0.0,0.0,0.0,0.0,0.0
0.0,0.025000000017500006,0.0,0.0,0.0,0.0,0.0,0.0,0.0,0.0,0.0,0.0,0.025000000017500006,0.0,0.0,0.0,0.0,0.0,0.0,0.0,0.050000000035000013,0.025000000017500006,0.0,0.0,0.0,0.0,0.050000000035000013,0.025000000017500006,0.025000000017500006,0.0,0.0,0.025000000017500006,0.025000000017500006,0.0,0.49999999982500015,0.025000000017500006,0.0,0.099999999895000025,0.0,0.0,0.0,0.0,0.0,0.0,0.0,0.0,0.0,0.0,0.0,0.0,0.025000000017500006,0.0,0.025000000017500006,0.0,0.0,0.0,0.0,0.0,0.0,0.0,0.025000000017500006,0.0,0.0,0.0,0.0,0.0,0.025000000017500006,0.0,0.0,0.0,0.0,0.0,0.0,0.0,0.0,0.0,0.0,0.0,0.0,0.0,0.0,0.0,0.0,0.0,0.0,0.0,0.0,0.0,0.0,0.0,0.0,0.0,0.0,0.0,0.0,0.0,0.0,0.0,0.0,0.0
0.0,0.0,0.0,0.0,0.0,0.0,0.0,0.0,0.0,0.0,0.0,0.0,0.014705882363538062,0.0,0.0,0.0,0.0,0.0,0.0,0.0,0.0,0.10294117644182527,0.0,0.014705882363538062,0.0,0.044117647090614193,0.0,0.0,0.0,0.029411764727076125,0.0,0.029411764727076125,0.0,0.014705882363538062,0.029411764727076125,0.63235294101448958,0.0,0.0,0.029411764727076125,0.0,0.0,0.0,0.0,0.0,0.0,0.029411764727076125,0.0,0.0,0.0,0.0,0.0,0.0,0.0,0.0,0.0,0.0,0.0,0.0,0.0,0.0,0.0,0.0,0.0,0.0,0.0,0.0,0.0,0.0,0.0,0.0,0.0,0.0,0.0,0.0,0.0,0.0,0.0,0.0,0.0,0.0,0.0,0.0,0.0,0.0,0.0,0.0,0.014705882363538062,0.0,0.0,0.0,0.0,0.0,0.0,0.0,0.014705882363538062,0.0,0.0,0.0,0.0,0.0
0.020408163282798836,0.0,0.0,0.0,0.0,0.0,0.0,0.0,0.0,0.0,0.0,0.0,0.020408163282798836,0.0,0.0,0.0,0.0,0.0,0.0,0.0,0.0,0.0,0.0,0.10204081627113704,0.0,0.0,0.0,0.0,0.0,0.020408163282798836,0.0,0.0,0.0,0.0,0.0,0.0,0.42857142851020413,0.0,0.0,0.0,0.0,0.0,0.0,0.0,0.0,0.0,0.020408163282798836,0.0,0.0,0.0,0.0,0.0,0.0,0.0,0.0,0.0,0.0,0.0,0.0,0.0,0.0,0.0,0.0,0.0,0.20408163268513121,0.0,0.1428571428367347,0.0,0.0,0.0,0.0,0.0,0.0,0.0,0.0,0.0,0.0,0.0,0.0,0.0,0.0,0.020408163282798836,0.0,0.0,0.020408163282798836,0.0,0.0,0.0,0.0,0.0,0.0,0.0,0.0,0.0,0.0,0.0,0.0,0.0,0.0,0.0
0.0,0.0,0.0,0.0,0.0,0.0,0.0,0.0,0.0,0.0,0.0,0.0,0.0,0.0,0.0,0.0,0.0,0.0,0.0,0.0,0.14285714280000003,0.0,0.0,0.0,0.0,0.0,0.028571428600000004,0.0,0.0,0.0,0.0,0.0,0.0,0.0,0.057142857200000008,0.0,0.0,0.51428571420000013,0.0,0.028571428600000004,0.0,0.0,0.0,0.0,0.0,0.0,0.0,0.0,0.0,0.0,0.0,0.0,0.0,0.0,0.0,0.0,0.0,0.0,0.0,0.0,0.0,0.0,0.0,0.0,0.0,0.0,0.057142857200000008,0.0,0.0,0.0,0.11428571420000001,0.0,0.0,0.0,0.028571428600000004,0.0,0.0,0.0,0.0,0.0,0.0,0.0,0.0,0.0,0.0,0.0,0.0,0.0,0.0,0.0,0.0,0.0,0.0,0.028571428600000004,0.0,0.0,0.0,0.0,0.0,0.0
0.0,0.0,0.02564102566403682,0.0,0.0,0.0,0.0,0.0,0.0,0.0,0.0,0.0,0.02564102566403682,0.0,0.0,0.0,0.02564102566403682,0.0,0.0,0.0,0.0,0.0,0.0,0.0,0.02564102566403682,0.076923076992110456,0.0,0.0,0.0,0.0,0.0,0.1025641024766601,0.0,0.0,0.0,0.0,0.0,0.0,0.64102564088297187,0.0,0.0,0.02564102566403682,0.0,0.0,0.0,0.0,0.0,0.0,0.0,0.0,0.0,0.0,0.0,0.02564102566403682,0.0,0.0,0.0,0.0,0.0,0.0,0.0,0.0,0.0,0.0,0.0,0.0,0.0,0.0,0.0,0.0,0.0,0.0,0.0,0.02564102566403682,0.0,0.0,0.0,0.0,0.0,0.0,0.0,0.0,0.0,0.0,0.0,0.0,0.0,0.0,0.0,0.0,0.0,0.0,0.0,0.0,0.0,0.0,0.0,0.0,0.0,0.0
0.0,0.0,0.0,0.0,0.0,0.0,0.0,0.0,0.0,0.0,0.0,0.0,0.0,0.0,0.0,0.0,0.0,0.0,0.0,0.0,0.034482758637336505,0.0,0.034482758637336505,0.034482758637336505,0.0,0.0,0.0,0.0,0.0,0.034482758637336505,0.0,0.0,0.0,0.0,0.0,0.0,0.0,0.034482758637336505,0.0,0.55172413771462547,0.0,0.0,0.0,0.0,0.0,0.0,0.0,0.0,0.0,0.0,0.0,0.0,0.0,0.0,0.0,0.068965517274673011,0.0,0.0,0.0,0.0,0.034482758637336505,0.0,0.0,0.0,0.0,0.0,0.0,0.034482758637336505,0.0,0.0,0.034482758637336505,0.0,0.0,0.0,0.0,0.0,0.0,0.0,0.0,0.034482758637336505,0.0,0.0,0.0,0.0,0.0,0.0,0.0,0.034482758637336505,0.0,0.0,0.0,0.0,0.0,0.0,0.0,0.0,0.0,0.0,0.034482758637336505,0.0
0.030303030322314052,0.0,0.030303030322314052,0.0,0.0,0.0,0.0,0.0,0.030303030322314052,0.0,0.0,0.0,0.0,0.060606060644628104,0.030303030322314052,0.0,0.0,0.0,0.0,0.0,0.0,0.0,0.0,0.0,0.0,0.0,0.0,0.0,0.0,0.0,0.0,0.0,0.0,0.0,0.0,0.0,0.0,0.0,0.0,0.0,0.57575757548760342,0.0,0.0,0.0,0.030303030322314052,0.030303030322314052,0.0,0.0,0.060606060644628104,0.0,0.0,0.0,0.0,0.030303030322314052,0.0,0.0,0.0,0.0,0.0,0.0,0.0,0.0,0.0,0.0,0.0,0.0,0.0,0.0,0.0,0.0,0.0,0.0,0.0,0.0,0.0,0.0,0.0,0.0,0.0,0.0,0.0,0.0,0.060606060644628104,0.0,0.0,0.0,0.0,0.0,0.0,0.0,0.0,0.0,0.0,0.030303030322314052,0.0,0.0,0.0,0.0,0.0,0.0
0.0,0.0,0.0,0.0,0.0,0.0,0.0,0.0,0.0,0.0,0.025641025659434585,0.0,0.0,0.025641025659434585,0.0,0.0,0.025641025659434585,0.0,0.0,0.0,0.0,0.0,0.0,0.0,0.0,0.0,0.0,0.0,0.0,0.0,0.0,0.0,0.0,0.0,0.0,0.0,0.0,0.0,0.0,0.0,0.0,0.5128205126502301,0.0,0.0,0.0,0.0,0.0,0.025641025659434585,0.0,0.025641025659434585,0.051282051318869169,0.0,0.10256410245825116,0.0,0.0,0.0,0.0,0.051282051318869169,0.025641025659434585,0.0,0.0,0.0,0.0,0.0,0.0,0.0,0.0,0.0,0.0,0.0,0.0,0.0,0.0,0.0,0.0,0.025641025659434585,0.0,0.0,0.0,0.0,0.0,0.0,0.025641025659434585,0.0,0.0,0.025641025659434585,0.0,0.0,0.0,0.0,0.0,0.0,0.0,0.0,0.0,0.051282051318869169,0.0,0.0,0.0,0.0
0.0,0.0,0.0,0.0,0.0,0.0,0.019230769243713027,0.0,0.0,0.0,0.0,0.0,0.038461538487426054,0.0,0.0,0.0,0.0,0.0,0.0,0.0,0.0,0.019230769243713027,0.0,0.0,0.0,0.0,0.0,0.0,0.019230769243713027,0.0,0.0,0.0,0.0,0.0,0.0,0.0,0.0,0.0,0.0,0.0,0.0,0.0,0.51923076904179022,0.019230769243713027,0.096153846083949751,0.0,0.0,0.0,0.0,0.0,0.0,0.0,0.0,0.038461538487426054,0.019230769243713027,0.019230769243713027,0.0,0.0,0.019230769243713027,0.0,0.0,0.0,0.0,0.0,0.0,0.0,0.0,0.0,0.0,0.0,0.0,0.0,0.0,0.0,0.0,0.0,0.0,0.0,0.0,0.019230769243713027,0.019230769243713027,0.0,0.019230769243713027,0.019230769243713027,0.0,0.0,0.0,0.0,0.019230769243713027,0.0,0.0,0.0,0.019230769243713027,0.0,0.019230769243713027,0.0,0.038461538487426054,0.0,0.0,0.0
0.0,0.0,0.0,0.0,0.0,0.0,0.0,0.0,0.0,0.0,0.0,0.0,0.0,0.023809523829365086,0.0,0.0,0.0,0.0,0.0,0.0,0.0,0.0,0.0,0.0,0.0,0.023809523829365086,0.0,0.0,0.0,0.0,0.0,0.0,0.0,0.0,0.0,0.0,0.0,0.0,0.0,0.0,0.0,0.0,0.095238095150793678,0.4761904760873017,0.023809523829365086,0.0,0.023809523829365086,0.0,0.0,0.0,0.0,0.0,0.0,0.0,0.0,0.0,0.0,0.0,0.0,0.0,0.0,0.0,0.0,0.0,0.0,0.0,0.0,0.0,0.0,0.0,0.0,0.023809523829365086,0.0,0.0,0.0,0.0,0.0,0.023809523829365086,0.0,0.023809523829365086,0.0,0.0,0.0,0.0,0.023809523829365086,0.0,0.0,0.0,0.047619047658730172,0.0,0.071428571488095255,0.0,0.0,0.0,0.0,0.11904761898015875,0.0,0.0,0.0,0.0
0.0,0.0,0.0,0.0,0.0,0.0,0.0,0.0,0.0,0.0,0.0,0.0,0.0,0.0,0.0,0.0,0.0,0.0,0.0,0.0,0.0,0.0,0.0,0.0,0.0,0.0,0.0,0.0,0.0,0.028571428594285721,0.0,0.0,0.0,0.0,0.0,0.0,0.0,0.0,0.0,0.0,0.0,0.028571428594285721,0.17142857136571435,0.028571428594285721,0.54285714269142871,0.028571428594285721,0.028571428594285721,0.0,0.028571428594285721,0.0,0.0,0.0,0.0,0.0,0.0,0.028571428594285721,0.0,0.0,0.0,0.0,0.0,0.0,0.0,0.0,0.0,0.0,0.0,0.0,0.0,0.0,0.0,0.0,0.0,0.0,0.0,0.0,0.0,0.0,0.0,0.0,0.0,0.0,0.0,0.0,0.0,0.0,0.0,0.0,0.057142857188571441,0.0,0.0,0.0,0.0,0.028571428594285721,0.0,0.0,0.0,0.0,0.0,0.0
0.0,0.066666666708148165,0.0,0.0,0.022222222236049385,0.0,0.0,0.0,0.0,0.0,0.0,0.0,0.022222222236049385,0.0,0.0,0.022222222236049385,0.0,0.0,0.022222222236049385,0.044444444472098769,0.0,0.0,0.0,0.0,0.0,0.0,0.0,0.0,0.0,0.044444444472098769,0.0,0.0,0.0,0.0,0.044444444472098769,0.044444444472098769,0.0,0.0,0.0,0.0,0.022222222236049385,0.0,0.0,0.0,0.0,0.57777777751506176,0.0,0.0,0.022222222236049385,0.0,0.0,0.0,0.0,0.0,0.0,0.0,0.022222222236049385,0.0,0.0,0.0,0.0,0.0,0.0,0.0,0.0,0.0,0.0,0.0,0.0,0.0,0.0,0.0,0.0,0.0,0.0,0.0,0.0,0.0,0.0,0.0,0.0,0.0,0.0,0.0,0.0,0.0,0.0,0.0,0.022222222236049385,0.0,0.0,0.0,0.0,0.0,0.0,0.0,0.0,0.0,0.0,0.0
0.0,0.0,0.025000000017499999,0.0,0.0,0.0,0.0,0.0,0.0,0.0,0.0,0.025000000017499999,0.025000000017499999,0.0,0.0,0.0,0.0,0.0,0.0,0.0,0.0,0.0,0.0,0.0,0.0,0.0,0.0,0.0,0.0,0.0,0.0,0.0,0.0,0.0,0.0,0.0,0.025000000017499999,0.0,0.0,0.0,0.0,0.0,0.0,0.0,0.050000000034999999,0.0,0.57499999987750006,0.0,0.0,0.0,0.0,0.0,0.025000000017499999,0.0,0.0,0.0,0.0,0.0,0.0,0.0,0.0,0.0,0.025000000017499999,0.0,0.0,0.0,0.0,0.0,0.0,0.0,0.0,0.0,0.0,0.0,0.0,0.0,0.0,0.0,0.14999999993000002,0.0,0.0,0.050000000034999999,0.0,0.0,0.0,0.0,0.0,0.0,0.025000000017499999,0.0,0.0,0.0,0.0,0.0,0.0,0.0,0.0,0.0,0.0,0.0
0.0,0.0,0.0,0.0,0.026315789493074795,0.0,0.0,0.0,0.0,0.0,0.0,0.0,0.0,0.0,0.0,0.0,0.0,0.0,0.0,0.0,0.0,0.0,0.026315789493074795,0.0,0.0,0.0,0.0,0.0,0.0,0.0,0.0,0.0,0.0,0.0,0.026315789493074795,0.0,0.0,0.0,0.0,0.0,0.0,0.026315789493074795,0.0,0.0,0.026315789493074795,0.0,0.0,0.49999999981578952,0.0,0.0,0.0,0.0,0.026315789493074795,0.0,0.026315789493074795,0.0,0.0,0.0,0.0,0.0,0.0,0.0,0.0,0.0,0.026315789493074795,0.0,0.0,0.0,0.0,0.0,0.0,0.0,0.0,0.0,0.0,0.0,0.0,0.0,0.0,0.0,0.10526315778808866,0.0,0.052631578986149591,0.0,0.052631578986149591,0.0,0.0,0.026315789493074795,0.026315789493074795,0.0,0.0,0.0,0.026315789493074795,0.0,0.0,0.0,0.0,0.0,0.0,0.0
0.0,0.0,0.051282051309664706,0.025641025654832353,0.0,0.025641025654832353,0.0,0.0,0.051282051309664706,0.025641025654832353,0.0,0.0,0.0,0.051282051309664706,0.025641025654832353,0.0,0.0,0.0,0.0,0.0,0.0,0.0,0.0,0.0,0.0,0.0,0.0,0.0,0.0,0.0,0.0,0.0,0.0,0.0,0.0,0.0,0.0,0.0,0.0,0.0,0.051282051309664706,0.0,0.025641025654832353,0.0,0.025641025654832353,0.0,0.0,0.025641025654832353,0.46153846124852088,0.0,0.025641025654832353,0.025641025654832353,0.0,0.025641025654832353,0.0,0.0,0.0,0.0,0.0,0.0,0.0,0.0,0.025641025654832353,0.0,0.0,0.0,0.0,0.0,0.0,0.0,0.0,0.0,0.0,0.0,0.0,0.025641025654832353,0.0,0.0,0.0,0.0,0.025641025654832353,0.0,0.0,0.0,0.0,0.0,0.0,0.0,0.0,0.0,0.0,0.0,0.0,0.0,0.0,0.0,0.0,0.0,0.0,0.0
0.0,0.0,0.0,0.0,0.0,0.0,0.0,0.0,0.0,0.0,0.0,0.0,0.037037037056241416,0.0,0.0,0.0,0.0,0.0,0.0,0.0,0.0,0.0,0.0,0.0,0.0,0.0,0.0,0.0,0.0,0.0,0.0,0.0,0.0,0.0,0.0,0.0,0.0,0.0,0.0,0.0,0.0,0.0,0.037037037056241416,0.0,0.0,0.0,0.0,0.0,0.0,0.6296296294375856,0.0,0.0,0.037037037056241416,0.0,0.0,0.0,0.0,0.0,0.0,0.0,0.0,0.0,0.0,0.0,0.0,0.0,0.0,0.0,0.0,0.0,0.0,0.037037037056241416,0.0,0.0,0.0,0.0,0.0,0.0,0.0,0.0,0.037037037056241416,0.037037037056241416,0.037037037056241416,0.037037037056241416,0.0,0.0,0.0,0.0,0.0,0.0,0.037037037056241416,0.0,0.0,0.0,0.037037037056241416,0.0,0.0,0.0,0.0,0.0
0.025641025659434592,0.025641025659434592,0.10256410245825119,0.0,0.0,0.025641025659434592,0.0,0.025641025659434592,0.0,0.0,0.0,0.0,0.0,0.051282051318869183,0.0,0.0,0.0,0.0,0.0,0.0,0.0,0.0,0.0,0.0,0.0,0.0,0.0,0.0,0.0,0.0,0.0,0.0,0.0,0.0,0.0,0.0,0.0,0.0,0.0,0.0,0.025641025659434592,0.051282051318869183,0.0,0.0,0.025641025659434592,0.0,0.0,0.0,0.0,0.0,0.48717948699079572,0.025641025659434592,0.0,0.0,0.0,0.0,0.0,0.076923076978303778,0.0,0.0,0.0,0.0,0.0,0.0,0.0,0.0,0.0,0.0,0.0,0.0,0.0,0.0,0.0,0.0,0.0,0.0,0.0,0.0,0.0,0.0,0.0,0.0,0.025641025659434592,0.0,0.0,0.0,0.0,0.0,0.0,0.0,0.0,0.0,0.0,0.025641025659434592,0.0,0.0,0.0,0.0,0.0,0.0
0.0,0.0,0.18749999994531252,0.0,0.0,0.0,0.0,0.0,0.0,0.0,0.0,0.0,0.0,0.0,0.031250000027343752,0.0,0.0,0.031250000027343752,0.0,0.0,0.0,0.0,0.0,0.0,0.0,0.0,0.0,0.0,0.0,0.0,0.0,0.0,0.0,0.0,0.0,0.0,0.0,0.0,0.0,0.0,0.0,0.0,0.0,0.0,0.0,0.0,0.0,0.0,0.062500000054687505,0.0,0.031250000027343752,0.62499999989062505,0.0,0.0,0.0,0.0,0.0,0.0,0.0,0.0,0.0,0.0,0.0,0.0,0.0,0.0,0.0,0.031250000027343752,0.0,0.0,0.0,0.0,0.0,0.0,0.0,0.0,0.0,0.0,0.0,0.0,0.0,0.0,0.0,0.0,0.0,0.0,0.0,0.0,0.0,0.0,0.0,0.0,0.0,0.0,0.0,0.0,0.0,0.0,0.0,0.0
0.0,0.0,0.045454545476239679,0.0,0.0,0.0,0.022727272738119839,0.0,0.022727272738119839,0.0,0.0,0.045454545476239679,0.0,0.0,0.0,0.0,0.0,0.0,0.0,0.0,0.0,0.0,0.0,0.0,0.0,0.0,0.0,0.0,0.0,0.0,0.0,0.0,0.0,0.0,0.0,0.0,0.0,0.0,0.0,0.022727272738119839,0.0,0.068181818214359521,0.0,0.0,0.0,0.0,0.0,0.0,0.0,0.0,0.0,0.022727272738119839,0.49999999976136378,0.0,0.0,0.0,0.0,0.022727272738119839,0.045454545476239679,0.0,0.0,0.0,0.0,0.0,0.0,0.0,0.0,0.0,0.0,0.0,0.0,0.022727272738119839,0.0,0.0,0.0,0.0,0.0,0.0,0.0,0.0,0.0,0.0,0.0,0.0,0.068181818214359521,0.0,0.0,0.0,0.0,0.0,0.0,0.0,0.022727272738119839,0.0,0.0,0.045454545476239679,0.022727272738119839,0.0,0.0,0.0
0.0,0.0,0.0,0.0,0.0,0.0,0.028571428588571431,0.057142857177142861,0.0,0.028571428588571431,0.0,0.0,0.0,0.028571428588571431,0.0,0.028571428588571431,0.0,0.0,0.028571428588571431,0.0,0.0,0.0,0.0,0.0,0.0,0.0,0.0,0.0,0.0,0.0,0.0,0.0,0.0,0.0,0.0,0.028571428588571431,0.0,0.028571428588571431,0.0,0.0,0.028571428588571431,0.0,0.0,0.0,0.0,0.0,0.0,0.0,0.0,0.0,0.028571428588571431,0.028571428588571431,0.0,0.59999999976000007,0.0,0.0,0.028571428588571431,0.0,0.0,0.0,0.0,0.0,0.0,0.0,0.0,0.0,0.0,0.0,0.0,0.0,0.0,0.0,0.0,0.0,0.0,0.0,0.0,0.0,0.0,0.0,0.0,0.0,0.0,0.0,0.0,0.0,0.0,0.0,0.0,0.0,0.0,0.028571428588571431,0.0,0.0,0.0,0.0,0.0,0.0,0.0,0.0
0.0,0.0,0.0,0.0,0.0,0.0,0.0,0.0,0.0,0.0,0.0,0.0,0.0,0.0,0.0,0.0,0.0,0.0,0.0,0.0,0.0,0.0,0.0,0.0,0.0,0.0,0.0,0.0,0.0,0.0,0.0,0.0,0.0,0.0,0.0,0.0,0.0,0.0,0.0,0.0,0.0,0.025641025654832363,0.0,0.0,0.0,0.0,0.0,0.0,0.0,0.0,0.051282051309664727,0.0,0.0,0.0,0.61538461517751519,0.0,0.025641025654832363,0.0,0.025641025654832363,0.0,0.0,0.0,0.0,0.0,0.0,0.0,0.0,0.025641025654832363,0.025641025654832363,0.0,0.0,0.0,0.0,0.0,0.0,0.0,0.0,0.0,0.025641025654832363,0.0,0.051282051309664727,0.025641025654832363,0.0,0.0,0.0,0.025641025654832363,0.025641025654832363,0.0,0.0,0.025641025654832363,0.0,0.0,0.0,0.0,0.0,0.0,0.0,0.0,0.025641025654832363,0.0
0.02941176472404845,0.0,0.0,0.0,0.0,0.0,0.0,0.0,0.0,0.0,0.0,0.0,0.0,0.02941176472404845,0.02941176472404845,0.0,0.0,0.0,0.0,0.0,0.0,0.0,0.0,0.0,0.0,0.0,0.0,0.0,0.0,0.058823529448096899,0.02941176472404845,0.0,0.0,0.0,0.0,0.0,0.0,0.0,0.0,0.0,0.0,0.0,0.0,0.0,0.058823529448096899,0.0,0.0,0.0,0.0,0.0,0.02941176472404845,0.0,0.0,0.0,0.0,0.64705882331141884,0.0,0.0,0.0,0.0,0.0,0.0,0.0,0.0,0.0,0.0,0.0,0.02941176472404845,0.0,0.0,0.0,0.0,0.02941176472404845,0.0,0.0,0.0,0.0,0.0,0.0,0.0,0.02941176472404845,0.0,0.0,0.0,0.0,0.0,0.0,0.0,0.0,0.0,0.0,0.0,0.0,0.0,0.0,0.0,0.0,0.0,0.0,0.0
0.0,0.0,0.0,0.0,0.037037037065843617,0.0,0.0,0.0,0.0,0.0,0.0,0.0,0.037037037065843617,0.0,0.0,0.14814814800411522,0.0,0.0,0.074074074131687234,0.0,0.0,0.0,0.0,0.0,0.0,0.0,0.0,0.0,0.0,0.0,0.0,0.0,0.0,0.0,0.0,0.0,0.0,0.0,0.0,0.0,0.037037037065843617,0.0,0.0,0.0,0.0,0.0,0.0,0.0,0.0,0.0,0.0,0.0,0.0,0.037037037065843617,0.0,0.0,0.59259259253497942,0.0,0.0,0.0,0.0,0.0,0.0,0.0,0.0,0.0,0.0,0.0,0.0,0.0,0.0,0.0,0.0,0.0,0.0,0.0,0.0,0.0,0.0,0.0,0.0,0.037037037065843617,0.0,0.0,0.0,0.0,0.0,0.0,0.0,0.0,0.0,0.0,0.0,0.0,0.0,0.0,0.0,0.0,0.0,0.0
0.0,0.0,0.0,0.0,0.0,0.054054054084733377,0.0,0.0,0.0,0.027027027042366689,0.054054054084733377,0.054054054084733377,0.0,0.0,0.0,0.0,0.0,0.0,0.0,0.0,0.0,0.0,0.0,0.0,0.0,0.0,0.0,0.0,0.0,0.0,0.027027027042366689,0.0,0.0,0.0,0.0,0.0,0.0,0.0,0.0,0.0,0.0,0.027027027042366689,0.054054054084733377,0.027027027042366689,0.0,0.0,0.027027027042366689,0.0,0.0,0.0,0.054054054084733377,0.0,0.0,0.0,0.0,0.0,0.0,0.48648648619503287,0.054054054084733377,0.027027027042366689,0.0,0.0,0.0,0.0,0.0,0.0,0.0,0.0,0.0,0.0,0.0,0.0,0.0,0.0,0.0,0.0,0.0,0.0,0.0,0.0,0.0,0.0,0.0,0.0,0.0,0.0,0.0,0.0,0.0,0.0,0.0,0.0,0.0,0.0,0.0,0.027027027042366689,0.0,0.0,0.0,0.0
0.030303030315886138,0.030303030315886138,0.0,0.030303030315886138,0.030303030315886138,0.030303030315886138,0.030303030315886138,0.0,0.0,0.0,0.0,0.0,0.0,0.0,0.0,0.0,0.0,0.0,0.0,0.0,0.0,0.0,0.0,0.0,0.0,0.0,0.0,0.0,0.030303030315886138,0.0,0.0,0.0,0.0,0.0,0.0,0.0,0.0,0.0,0.0,0.0,0.0,0.030303030315886138,0.0,0.0,0.0,0.0,0.0,0.0,0.0,0.0,0.0,0.0,0.030303030315886138,0.0,0.030303030315886138,0.0,0.0,0.060606060631772277,0.48484848462993585,0.030303030315886138,0.0,0.0,0.0,0.0,0.0,0.0,0.0,0.0,0.0,0.0,0.0,0.0,0.0,0.0,0.0,0.0,0.0,0.0,0.0,0.0,0.030303030315886138,0.0,0.0,0.0,0.0,0.060606060631772277,0.0,0.0,0.0,0.0,0.0,0.0,0.0,0.0,0.0,0.030303030315886138,0.0,0.0,0.0,0.0
0.0,0.0,0.0,0.0,0.0,0.0,0.0,0.0,0.0,0.0,0.0,0.064516129075962533,0.0,0.0,0.0,0.0,0.0,0.0,0.0,0.0,0.0,0.0,0.0,0.0,0.0,0.0,0.0,0.0,0.0,0.0,0.0,0.0,0.0,0.0,0.0,0.0,0.0,0.0,0.0,0.0,0.0,0.064516129075962533,0.0,0.0,0.0,0.0,0.0,0.0,0.0,0.0,0.0,0.0,0.032258064537981267,0.0,0.032258064537981267,0.0,0.0,0.0,0.032258064537981267,0.51612903215608741,0.0,0.0,0.0,0.0,0.0,0.0,0.0,0.0,0.0,0.0,0.0,0.0,0.0,0.0,0.0,0.0,0.0,0.0,0.0,0.0,0.0,0.0,0.0,0.12903225792611864,0.032258064537981267,0.0,0.0,0.0,0.0,0.0,0.0,0.0,0.0,0.0,0.0,0.064516129075962533,0.0,0.0,0.032258064537981267,0.0
0.0,0.0,0.0,0.0,0.0,0.0,0.0,0.0,0.0,0.0,0.0,0.0,0.0,0.0,0.0,0.0,0.0,0.0,0.0,0.0,0.0,0.0,0.0,0.0,0.0,0.0,0.0,0.0,0.0,0.0,0.0,0.083333333381944416,0.0,0.0,0.041666666690972208,0.0,0.0,0.0,0.0,0.0,0.0,0.0,0.0,0.0,0.0,0.0,0.0,0.0,0.0,0.0,0.0,0.0,0.0,0.0,0.0,0.0,0.0,0.0,0.0,0.0,0.62499999978124987,0.0,0.0,0.0,0.0,0.0,0.0,0.0,0.0,0.0,0.0,0.0,0.0,0.083333333381944416,0.0,0.083333333381944416,0.041666666690972208,0.0,0.0,0.0,0.0,0.0,0.0,0.0,0.0,0.0,0.0,0.0,0.0,0.041666666690972208,0.0,0.0,0.0,0.0,0.0,0.0,0.0,0.0,0.0,0.0
0.0,0.0,0.0,0.0,0.0,0.0,0.0,0.0,0.0,0.0,0.0,0.0,0.0,0.0,0.0,0.0,0.0,0.0,0.0,0.0,0.0,0.0,0.0,0.0,0.0,0.062500000041015635,0.0,0.0,0.0,0.0,0.0,0.0,0.0,0.031250000020507818,0.0,0.0,0.0,0.0,0.0,0.0,0.0,0.0,0.0,0.0,0.0,0.0,0.0,0.0,0.0,0.0,0.0,0.0,0.0,0.0,0.031250000020507818,0.0,0.0,0.0,0.0,0.0,0.0,0.62499999975390641,0.031250000020507818,0.0,0.0,0.0,0.0,0.062500000041015635,0.0,0.0,0.0,0.0,0.0,0.0,0.0,0.0,0.0,0.0,0.062500000041015635,0.0,0.0,0.0,0.0,0.0,0.0,0.0,0.0,0.0,0.0,0.0,0.0,0.031250000020507818,0.0,0.0,0.0,0.0,0.031250000020507818,0.031250000020507818,0.0,0.0
0.0,0.0,0.0,0.0,0.025000000013124999,0.0,0.0,0.0,0.0,0.0,0.0,0.0,0.0,0.0,0.0,0.0,0.0,0.0,0.0,0.0,0.0,0.0,0.0,0.0,0.025000000013124999,0.025000000013124999,0.0,0.0,0.025000000013124999,0.0,0.025000000013124999,0.0,0.0,0.0,0.0,0.025000000013124999,0.0,0.0,0.0,0.0,0.0,0.0,0.0,0.0,0.0,0.0,0.0,0.0,0.0,0.0,0.0,0.0,0.025000000013124999,0.025000000013124999,0.0,0.0,0.0,0.0,0.0,0.0,0.025000000013124999,0.050000000026249998,0.59999999978999996,0.0,0.0,0.0,0.0,0.0,0.0,0.0,0.0,0.0,0.0,0.0,0.0,0.0,0.0,0.0,0.050000000026249998,0.0,0.0,0.0,0.0,0.0,0.0,0.050000000026249998,0.0,0.0,0.0,0.0,0.0,0.0,0.0,0.0,0.0,0.0,0.0,0.0,0.025000000013124999,0.0
0.0,0.0,0.0,0.0,0.0,0.0,0.0,0.0,0.0,0.0,0.0,0.0,0.0,0.0,0.0,0.0,0.0,0.0,0.0,0.0,0.0,0.0,0.0,0.0,0.0,0.0,0.0,0.0,0.027027027042366696,0.054054054084733391,0.0,0.027027027042366696,0.0,0.0,0.0,0.0,0.0,0.0,0.0,0.0,0.0,0.0,0.0,0.0,0.0,0.0,0.0,0.0,0.0,0.0,0.0,0.0,0.0,0.0,0.0,0.0,0.0,0.0,0.0,0.0,0.0,0.0,0.0,0.6486486484492332,0.0,0.0,0.0,0.0,0.0,0.0,0.054054054084733391,0.0,0.0,0.0,0.027027027042366696,0.0,0.0,0.027027027042366696,0.027027027042366696,0.0,0.0,0.0,0.0,0.0,0.0,0.0,0.0,0.0,0.0,0.0,0.027027027042366696,0.0,0.0,0.054054054084733391,0.0,0.0,0.0,0.027027027042366696,0.0,0.0
0.040816326559766768,0.0,0.0,0.0,0.0,0.0,0.0,0.0,0.0,0.0,0.0,0.0,0.0,0.020408163279883384,0.0,0.0,0.0,0.0,0.0,0.0,0.0,0.020408163279883384,0.0,0.061224489839650155,0.0,0.0,0.040816326559766768,0.0,0.0,0.020408163279883384,0.0,0.0,0.020408163279883384,0.0,0.0,0.0,0.22448979579300293,0.0,0.0,0.0,0.0,0.0,0.0,0.0,0.0,0.0,0.0,0.0,0.0,0.0,0.0,0.0,0.0,0.0,0.0,0.0,0.0,0.0,0.0,0.0,0.0,0.0,0.0,0.0,0.48979591828862978,0.0,0.0,0.0,0.0,0.0,0.0,0.0,0.0,0.0,0.0,0.0,0.0,0.0,0.0,0.0,0.0,0.0,0.0,0.0,0.0,0.0,0.0,0.0,0.0,0.020408163279883384,0.0,0.020408163279883384,0.0,0.0,0.0,0.0,0.0,0.0,0.0,0.020408163279883384
0.0,0.0,0.0,0.0,0.0,0.0,0.0,0.0,0.0,0.0,0.0,0.0,0.0,0.0,0.0,0.0,0.0,0.0,0.0,0.0,0.0,0.0,0.0,0.0,0.0,0.035714285732142852,0.035714285732142852,0.0,0.0,0.0,0.0,0.0,0.0,0.0,0.0,0.0,0.0,0.0,0.0,0.0,0.0,0.0,0.0,0.035714285732142852,0.0,0.0,0.0,0.0,0.0,0.035714285732142852,0.035714285732142852,0.0,0.0,0.0,0.0,0.0,0.0,0.0,0.0,0.0,0.0,0.0,0.035714285732142852,0.0,0.0,0.60714285694642844,0.0,0.0,0.0,0.071428571464285703,0.0,0.0,0.0,0.0,0.0,0.0,0.035714285732142852,0.0,0.0,0.0,0.0,0.0,0.0,0.0,0.0,0.0,0.0,0.035714285732142852,0.0,0.0,0.0,0.0,0.0,0.0,0.0,0.0,0.0,0.035714285732142852,0.0,0.0
0.0,0.0,0.0,0.0,0.0,0.0,0.0,0.0,0.0,0.0,0.0,0.0,0.0,0.0,0.0,0.0,0.0,0.0,0.0,0.0,0.0,0.02777777779938272,0.0,0.02777777779938272,0.0,0.0,0.0,0.0,0.0,0.0,0.0,0.0,0.0,0.0,0.0,0.0,0.16666666660185189,0.02777777779938272,0.0,0.0,0.0,0.0,0.0,0.0,0.0,0.0,0.0,0.0,0.0,0.0,0.0,0.0,0.0,0.0,0.0,0.0,0.0,0.0,0.0,0.0,0.0,0.0,0.0,0.0,0.02777777779938272,0.0,0.52777777760493838,0.0,0.0,0.0,0.0,0.0,0.0,0.0,0.0,0.0,0.0,0.0,0.02777777779938272,0.02777777779938272,0.0,0.0,0.0,0.0,0.0,0.0,0.0,0.02777777779938272,0.02777777779938272,0.0,0.0,0.0,0.0,0.0,0.0,0.0,0.0,0.05555555559876544,0.0,0.02777777779938272
0.0,0.0,0.0,0.0,0.0,0.0,0.0,0.0,0.0,0.0,0.0,0.0,0.0,0.0,0.0,0.0,0.0,0.0,0.0,0.0,0.0,0.0,0.0,0.0,0.0,0.0,0.022727272741735548,0.0,0.0,0.0,0.0,0.0,0.0,0.0,0.0,0.0,0.0,0.0,0.0,0.022727272741735548,0.022727272741735548,0.0,0.022727272741735548,0.0,0.0,0.0,0.0,0.0,0.0,0.0,0.0,0.0,0.0,0.0,0.0,0.0,0.0,0.0,0.0,0.0,0.0,0.0,0.0,0.0,0.022727272741735548,0.0,0.0,0.61363636339049621,0.022727272741735548,0.0,0.0,0.0,0.0,0.0,0.0,0.0,0.0,0.022727272741735548,0.0,0.045454545483471095,0.0,0.0,0.022727272741735548,0.022727272741735548,0.0,0.022727272741735548,0.022727272741735548,0.0,0.0,0.022727272741735548,0.022727272741735548,0.022727272741735548,0.022727272741735548,0.0,0.0,0.0,0.0,0.0,0.0,0.0
0.0,0.0,0.0,0.0,0.0,0.0,0.0,0.0,0.0,0.0,0.0,0.0,0.0,0.0,0.0,0.0,0.0,0.0,0.0,0.0,0.0,0.0,0.0,0.035714285732142852,0.035714285732142852,0.0,0.0,0.0,0.0,0.0,0.0,0.0,0.0,0.0,0.0,0.0,0.0,0.0,0.0,0.071428571464285703,0.0,0.0,0.0,0.035714285732142852,0.035714285732142852,0.0,0.0,0.0,0.0,0.0,0.0,0.0,0.0,0.0,0.0,0.0,0.0,0.0,0.0,0.0,0.0,0.0,0.035714285732142852,0.0,0.0,0.0,0.0,0.071428571464285703,0.49999999974999998,0.0,0.0,0.0,0.0,0.0,0.071428571464285703,0.0,0.035714285732142852,0.0,0.0,0.0,0.0,0.0,0.0,0.0,0.0,0.0,0.0,0.0,0.0,0.0,0.035714285732142852,0.0,0.0,0.0,0.0,0.0,0.0,0.035714285732142852,0.0,0.0
0.0,0.0,0.0,0.0,0.0,0.0,0.0,0.0,0.0,0.0,0.0,0.0,0.0,0.0,0.0,0.0,0.0,0.0,0.0,0.0,0.0,0.0,0.0,0.0,0.0,0.0,0.0,0.028571428588571438,0.028571428588571438,0.0,0.0,0.0,0.0,0.0,0.0,0.0,0.0,0.0,0.0,0.0,0.0,0.0,0.028571428588571438,0.0,0.0,0.0,0.0,0.0,0.0,0.0,0.0,0.0,0.0,0.0,0.0,0.028571428588571438,0.0,0.0,0.0,0.0,0.0,0.0,0.0,0.0,0.0,0.0,0.0,0.057142857177142875,0.028571428588571438,0.6285714283485716,0.0,0.028571428588571438,0.0,0.0,0.028571428588571438,0.0,0.0,0.0,0.0,0.0,0.0,0.0,0.0,0.0,0.0,0.0,0.0,0.0,0.0,0.0,0.028571428588571438,0.0,0.0,0.0,0.0,0.028571428588571438,0.028571428588571438,0.028571428588571438,0.0,0.0
0.0,0.0,0.0,0.0,0.0,0.0,0.0,0.0,0.0,0.0,0.0,0.0,0.0,0.0,0.0,0.0,0.0,0.0,0.0,0.0,0.0,0.0,0.027777777793981485,0.0,0.0,0.0,0.027777777793981485,0.0,0.0,0.0,0.0,0.027777777793981485,0.0,0.0,0.0,0.0,0.0,0.083333333381944458,0.027777777793981485,0.0,0.0,0.0,0.0,0.0,0.0,0.0,0.0,0.0,0.0,0.0,0.0,0.0,0.0,0.0,0.0,0.0,0.0,0.0,0.0,0.0,0.0,0.0,0.0,0.027777777793981485,0.0,0.027777777793981485,0.0,0.0,0.0,0.0,0.55555555529629641,0.0,0.0,0.0,0.027777777793981485,0.027777777793981485,0.055555555587962969,0.027777777793981485,0.0,0.0,0.0,0.0,0.0,0.0,0.0,0.0,0.0,0.0,0.0,0.027777777793981485,0.0,0.0,0.0,0.0,0.0,0.0,0.0,0.0,0.027777777793981485,0.0
0.0,0.0,0.0,0.037037037056241423,0.0,0.0,0.0,0.0,0.0,0.0,0.0,0.0,0.0,0.0,0.0,0.0,0.0,0.0,0.0,0.0,0.0,0.0,0.0,0.0,0.0,0.0,0.0,0.0,0.037037037056241423,0.0,0.0,0.0,0.0,0.037037037056241423,0.0,0.0,0.0,0.0,0.0,0.0,0.0,0.0,0.0,0.037037037056241423,0.0,0.0,0.0,0.0,0.0,0.0,0.0,0.0,0.0,0.0,0.0,0.0,0.0,0.0,0.0,0.0,0.0,0.0,0.0,0.0,0.0,0.037037037056241423,0.037037037056241423,0.0,0.0,0.037037037056241423,0.0,0.55555555532510292,0.0,0.0,0.0,0.0,0.0,0.0,0.0,0.0,0.0,0.0,0.037037037056241423,0.037037037056241423,0.0,0.0,0.0,0.0,0.0,0.037037037056241423,0.074074074112482846,0.0,0.0,0.0,0.0,0.0,0.0,0.0,0.0,0.0
0.0,0.0,0.029411764724048439,0.0,0.0,0.0,0.0,0.0,0.0,0.0,0.029411764724048439,0.0,0.0,0.0,0.0,0.0,0.0,0.0,0.0,0.0,0.0,0.0,0.029411764724048439,0.0,0.029411764724048439,0.0,0.029411764724048439,0.058823529448096878,0.029411764724048439,0.0,0.14705882341435983,0.029411764724048439,0.0,0.0,0.029411764724048439,0.0,0.0,0.0,0.0,0.058823529448096878,0.0,0.0,0.0,0.0,0.0,0.0,0.0,0.0,0.0,0.0,0.0,0.0,0.0,0.0,0.0,0.0,0.0,0.0,0.0,0.0,0.0,0.0,0.0,0.0,0.0,0.0,0.0,0.0,0.0,0.0,0.0,0.0,0.47058823517301035,0.0,0.0,0.0,0.0,0.0,0.0,0.0,0.0,0.0,0.0,0.0,0.0,0.0,0.0,0.0,0.0,0.029411764724048439,0.0,0.0,0.0,0.0,0.0,0.0,0.0,0.0,0.0,0.0
0.0,0.0,0.0,0.0,0.0,0.0,0.0,0.0,0.0,0.0,0.0,0.0,0.0,0.0,0.0,0.0,0.0,0.0,0.0,0.0,0.0,0.0,0.0,0.0,0.0,0.0,0.0,0.0,0.0,0.0,0.0,0.0,0.0,0.0,0.0,0.034482758637336505,0.0,0.0,0.0,0.034482758637336505,0.034482758637336505,0.0,0.0,0.034482758637336505,0.0,0.0,0.034482758637336505,0.0,0.0,0.0,0.0,0.0,0.0,0.0,0.0,0.0,0.0,0.0,0.0,0.0,0.068965517274673011,0.0,0.0,0.0,0.0,0.0,0.0,0.0,0.0,0.0,0.0,0.0,0.0,0.58620689635196188,0.0,0.0,0.0,0.034482758637336505,0.0,0.0,0.0,0.0,0.0,0.0,0.0,0.0,0.0,0.0,0.0,0.0,0.0,0.034482758637336505,0.0,0.0,0.0,0.0,0.0,0.0,0.0,0.10344827591200952
0.0,0.0,0.0,0.038461538492603545,0.0,0.0,0.0,0.0,0.0,0.0,0.0,0.0,0.0,0.0,0.0,0.0,0.0,0.0,0.0,0.0,0.0,0.0,0.0,0.0,0.0,0.0,0.0,0.0,0.0,0.0,0.0,0.0,0.0,0.038461538492603545,0.0,0.0,0.0,0.076923076985207089,0.0,0.0,0.0,0.0,0.0,0.0,0.0,0.0,0.0,0.0,0.0,0.0,0.0,0.0,0.0,0.0,0.0,0.0,0.0,0.0,0.0,0.0,0.0,0.0,0.0,0.038461538492603545,0.0,0.0,0.0,0.0,0.1538461537011834,0.0,0.0,0.0,0.0,0.0,0.61538461534319522,0.0,0.0,0.0,0.0,0.0,0.0,0.0,0.0,0.0,0.0,0.0,0.0,0.038461538492603545,0.0,0.0,0.0,0.0,0.0,0.0,0.0,0.0,0.0,0.0,0.0,0.0
0.0,0.0,0.0,0.043478260896030241,0.0,0.0,0.0,0.0,0.0,0.0,0.0,0.0,0.0,0.0,0.0,0.0,0.0,0.0,0.0,0.0,0.0,0.0,0.0,0.0,0.043478260896030241,0.0,0.0,0.0,0.0,0.0,0.0,0.0,0.0,0.0,0.0,0.0,0.0,0.0,0.0,0.0,0.0,0.0,0.0,0.0,0.0,0.0,0.0,0.0,0.0,0.0,0.0,0.0,0.0,0.0,0.0,0.0,0.0,0.0,0.0,0.0,0.0,0.0,0.0,0.0,0.0,0.0,0.0,0.0,0.043478260896030241,0.043478260896030241,0.043478260896030241,0.0,0.0,0.0,0.0,0.60869565193572772,0.043478260896030241,0.0,0.0,0.043478260896030241,0.0,0.0,0.0,0.0,0.0,0.0,0.0,0.0,0.0,0.086956521792060482,0.0,0.0,0.0,0.0,0.0,0.0,0.0,0.0,0.0,0.0
0.0,0.0,0.0,0.0,0.0,0.0,0.0,0.0,0.0,0.0,0.0,0.0,0.0,0.029411764724048443,0.0,0.0,0.0,0.0,0.0,0.0,0.0,0.0,0.0,0.029411764724048443,0.0,0.0,0.029411764724048443,0.0,0.0,0.0,0.088235294172145332,0.0,0.0,0.0,0.0,0.0,0.0,0.0,0.0,0.0,0.0,0.0,0.0,0.0,0.0,0.0,0.0,0.0,0.0,0.0,0.0,0.0,0.0,0.0,0.0,0.0,0.0,0.0,0.0,0.0,0.0,0.0,0.0,0.0,0.0,0.0,0.0,0.0,0.029411764724048443,0.0,0.029411764724048443,0.058823529448096885,0.029411764724048443,0.058823529448096885,0.0,0.0,0.55882352913927336,0.0,0.0,0.0,0.0,0.0,0.0,0.0,0.029411764724048443,0.0,0.0,0.0,0.0,0.0,0.0,0.0,0.0,0.029411764724048443,0.0,0.0,0.0,0.0,0.0,0.0
0.0,0.0,0.0,0.0,0.0,0.0,0.0,0.0,0.0,0.0,0.0,0.0,0.0,0.0,0.0,0.0,0.0,0.0,0.0,0.035714285732142859,0.0,0.0,0.0,0.0,0.0,0.0,0.0,0.0,0.0,0.0,0.0,0.0,0.035714285732142859,0.0,0.0,0.0,0.0,0.0,0.0,0.0,0.0,0.0,0.0,0.0,0.0,0.0,0.0,0.0,0.0,0.0,0.0,0.0,0.0,0.0,0.0,0.0,0.0,0.0,0.0,0.0,0.035714285732142859,0.0,0.0,0.0,0.0,0.035714285732142859,0.0,0.0,0.0,0.035714285732142859,0.035714285732142859,0.0,0.0,0.10714285719642859,0.0,0.0,0.035714285732142859,0.60714285694642867,0.0,0.0,0.0,0.0,0.0,0.0,0.0,0.0,0.0,0.0,0.0,0.0,0.0,0.0,0.0,0.0,0.0,0.0,0.0,0.0,0.0,0.035714285732142859
0.0,0.0,0.0,0.0,0.0,0.0,0.0,0.0,0.0,0.0,0.0,0.0,0.0,0.0,0.0,0.0,0.0,0.0,0.0,0.0,0.0,0.0,0.0,0.0,0.0,0.0,0.0,0.0,0.0,0.0,0.0,0.0,0.0,0.0,0.0,0.0,0.0,0.025000000021875003,0.0,0.0,0.0,0.0,0.0,0.0,0.0,0.025000000021875003,0.12499999993437501,0.0,0.0,0.0,0.0,0.0,0.0,0.0,0.025000000021875003,0.025000000021875003,0.0,0.0,0.0,0.0,0.0,0.0,0.099999999912500012,0.0,0.0,0.0,0.0,0.0,0.0,0.0,0.0,0.025000000021875003,0.0,0.0,0.0,0.0,0.0,0.0,0.57499999997812512,0.0,0.0,0.025000000021875003,0.025000000021875003,0.0,0.0,0.0,0.025000000021875003,0.0,0.0,0.0,0.0,0.0,0.0,0.0,0.0,0.0,0.0,0.0,0.0,0.0
0.0,0.0,0.0,0.0,0.0,0.0,0.0,0.0,0.0,0.0,0.0,0.034482758637336512,0.0,0.0,0.0,0.0,0.0,0.0,0.0,0.0,0.0,0.0,0.0,0.0,0.0,0.0,0.0,0.0,0.0,0.0,0.0,0.0,0.0,0.0,0.0,0.0,0.0,0.0,0.0,0.0,0.0,0.0,0.0,0.034482758637336512,0.0,0.0,0.0,0.0,0.0,0.0,0.0,0.0,0.0,0.0,0.0,0.0,0.0,0.0,0.0,0.0,0.0,0.034482758637336512,0.0,0.0,0.0,0.0,0.0,0.068965517274673024,0.0,0.0,0.0,0.0,0.0,0.034482758637336512,0.0,0.10344827591200954,0.0,0.0,0.0,0.5862068963519621,0.0,0.0,0.0,0.0,0.0,0.0,0.0,0.0,0.034482758637336512,0.0,0.0,0.034482758637336512,0.0,0.0,0.0,0.0,0.0,0.0,0.0,0.034482758637336512
0.0,0.0,0.0,0.0,0.0,0.0,0.0,0.0,0.026315789497922439,0.0,0.0,0.0,0.0,0.0,0.0,0.0,0.0,0.0,0.0,0.0,0.0,0.0,0.0,0.0,0.0,0.026315789497922439,0.0,0.0,0.0,0.0,0.0,0.0,0.0,0.0,0.0,0.0,0.0,0.0,0.0,0.0,0.0,0.0,0.0,0.0,0.0,0.0,0.0,0.15789473680332411,0.0,0.026315789497922439,0.0,0.0,0.0,0.0,0.0,0.0,0.0,0.0,0.0,0.0,0.0,0.026315789497922439,0.0,0.0,0.0,0.0,0.0,0.0,0.0,0.0,0.0,0.0,0.0,0.0,0.0,0.0,0.0,0.0,0.0,0.0,0.49999999990789473,0.0,0.0,0.0,0.18421052630124654,0.0,0.0,0.0,0.026315789497922439,0.0,0.0,0.0,0.026315789497922439,0.0,0.0,0.0,0.0,0.0,0.0,0.0
0.025641025659434585,0.0,0.0,0.0,0.0,0.0,0.0,0.0,0.0,0.0,0.0,0.0,0.0,0.0,0.0,0.0,0.0,0.0,0.0,0.0,0.0,0.0,0.0,0.0,0.025641025659434585,0.0,0.0,0.0,0.025641025659434585,0.0,0.0,0.0,0.0,0.0,0.0,0.0,0.0,0.0,0.0,0.0,0.0,0.0,0.0,0.0,0.0,0.025641025659434585,0.051282051318869169,0.025641025659434585,0.0,0.0,0.0,0.0,0.0,0.0,0.0,0.0,0.0,0.0,0.025641025659434585,0.0,0.0,0.0,0.0,0.0,0.0,0.0,0.025641025659434585,0.0,0.0,0.0,0.0,0.0,0.0,0.0,0.0,0.0,0.0,0.0,0.0,0.0,0.0,0.66666666642735051,0.0,0.0,0.0,0.0,0.0,0.0,0.051282051318869169,0.025641025659434585,0.0,0.0,0.0,0.0,0.0,0.025641025659434585,0.0,0.0,0.0,0.0
0.0,0.0,0.0,0.023809523825396823,0.0,0.0,0.0,0.0,0.0,0.0,0.023809523825396823,0.0,0.0,0.0,0.0,0.0,0.0,0.0,0.0,0.0,0.0,0.0,0.0,0.0,0.0,0.0,0.0,0.0,0.0,0.0,0.0,0.0,0.0,0.0,0.0,0.0,0.0,0.0,0.0,0.0,0.023809523825396823,0.0,0.047619047650793646,0.023809523825396823,0.0,0.0,0.0,0.0,0.0,0.0,0.0,0.0,0.0,0.0,0.0,0.0,0.0,0.0,0.0,0.0,0.023809523825396823,0.0,0.0,0.023809523825396823,0.0,0.0,0.0,0.0,0.0,0.0,0.0,0.0,0.0,0.0,0.0,0.0,0.0,0.023809523825396823,0.023809523825396823,0.0,0.0,0.023809523825396823,0.54761904748412704,0.0,0.0,0.0,0.095238095134920625,0.023809523825396823,0.0,0.0,0.0,0.0,0.047619047650793646,0.0,0.023809523825396823,0.0,0.0,0.0,0.0,0.0
0.0,0.0,0.0,0.0,0.0,0.0,0.0,0.0,0.0,0.0,0.0,0.0,0.0,0.0,0.0,0.0,0.0,0.0,0.0,0.0,0.0,0.0,0.0,0.0,0.0,0.0,0.0,0.0,0.0,0.0,0.0,0.0,0.0,0.0,0.0,0.0,0.0,0.0,0.0,0.0,0.0,0.0,0.029411764730103807,0.0,0.0,0.0,0.0,0.0,0.0,0.029411764730103807,0.0,0.0,0.0,0.0,0.0,0.0,0.0,0.0,0.0,0.11764705871453288,0.0,0.029411764730103807,0.029411764730103807,0.0,0.0,0.0,0.0,0.0,0.0,0.0,0.0,0.0,0.0,0.0,0.0,0.0,0.0,0.029411764730103807,0.0,0.0,0.0,0.0,0.0,0.5,0.058823529460207614,0.0,0.0,0.0,0.0,0.0,0.0,0.0,0.029411764730103807,0.0,0.029411764730103807,0.0,0.0,0.0,0.11764705871453288,0.0
0.0,0.0,0.0,0.0,0.0,0.0,0.0,0.0,0.0,0.0,0.0,0.023809523825396826,0.0,0.0,0.0,0.0,0.0,0.0,0.0,0.0,0.0,0.0,0.0,0.023809523825396826,0.0,0.0,0.0,0.0,0.0,0.0,0.0,0.0,0.0,0.0,0.0,0.0,0.0,0.0,0.0,0.0,0.023809523825396826,0.0,0.0,0.023809523825396826,0.0,0.023809523825396826,0.0,0.071428571476190486,0.0,0.0,0.0,0.0,0.071428571476190486,0.0,0.0,0.0,0.0,0.0,0.0,0.0,0.0,0.0,0.0,0.0,0.0,0.023809523825396826,0.0,0.0,0.0,0.0,0.0,0.0,0.0,0.0,0.0,0.0,0.0,0.0,0.0,0.0,0.16666666661111113,0.0,0.0,0.0,0.45238095218253971,0.0,0.047619047650793653,0.0,0.0,0.0,0.0,0.023809523825396826,0.0,0.0,0.0,0.0,0.0,0.023809523825396826,0.0,0.0
0.0,0.0,0.0,0.055555555587962969,0.027777777793981485,0.0,0.0,0.0,0.0,0.0,0.0,0.027777777793981485,0.0,0.0,0.0,0.0,0.0,0.0,0.0,0.0,0.0,0.0,0.0,0.0,0.0,0.0,0.0,0.0,0.0,0.0,0.0,0.0,0.0,0.0,0.0,0.0,0.0,0.0,0.0,0.0,0.0,0.0,0.0,0.0,0.0,0.0,0.0,0.0,0.0,0.0,0.0,0.027777777793981485,0.027777777793981485,0.0,0.027777777793981485,0.0,0.0,0.027777777793981485,0.0,0.027777777793981485,0.0,0.0,0.055555555587962969,0.0,0.0,0.0,0.0,0.0,0.0,0.0,0.0,0.0,0.0,0.0,0.0,0.0,0.0,0.0,0.0,0.0,0.0,0.0,0.0,0.0,0.027777777793981485,0.52777777750231492,0.0,0.027777777793981485,0.0,0.0,0.0,0.0,0.0,0.0,0.0,0.083333333381944458,0.027777777793981485,0.0,0.0,0.0
0.0,0.0,0.0,0.0,0.0,0.0,0.0,0.0,0.0,0.028571428588571431,0.0,0.0,0.0,0.0,0.0,0.0,0.0,0.0,0.0,0.0,0.0,0.0,0.0,0.0,0.0,0.0,0.0,0.0,0.0,0.0,0.0,0.0,0.0,0.0,0.0,0.0,0.0,0.0,0.0,0.0,0.0,0.0,0.0,0.0,0.0,0.0,0.0,0.028571428588571431,0.0,0.0,0.0,0.0,0.0,0.0,0.0,0.0,0.0,0.0,0.0,0.0,0.0,0.0,0.028571428588571431,0.028571428588571431,0.0,0.0,0.0,0.0,0.0,0.0,0.0,0.0,0.0,0.0,0.0,0.0,0.0,0.0,0.0,0.0,0.028571428588571431,0.028571428588571431,0.085714285765714299,0.0,0.0,0.0,0.59999999976000007,0.057142857177142861,0.0,0.0,0.0,0.0,0.0,0.0,0.057142857177142861,0.0,0.0,0.028571428588571431,0.0,0.0
0.0,0.0,0.0,0.0,0.0,0.0,0.0,0.0,0.0,0.0,0.0,0.0,0.0,0.0,0.0,0.0,0.0,0.0,0.0,0.0,0.0,0.0,0.0,0.0,0.0,0.0,0.0,0.0,0.0,0.0,0.0,0.0,0.0,0.0,0.0,0.0,0.0,0.0,0.0,0.034482758637336505,0.034482758637336505,0.0,0.0,0.0,0.0,0.0,0.0,0.034482758637336505,0.0,0.034482758637336505,0.0,0.0,0.034482758637336505,0.0,0.0,0.0,0.0,0.0,0.0,0.0,0.0,0.0,0.0,0.0,0.0,0.0,0.0,0.0,0.0,0.0,0.0,0.0,0.034482758637336505,0.0,0.0,0.0,0.0,0.0,0.0,0.0,0.0,0.0,0.034482758637336505,0.034482758637336505,0.0,0.0,0.034482758637336505,0.58620689635196188,0.0,0.034482758637336505,0.0,0.0,0.068965517274673011,0.0,0.0,0.0,0.0,0.0,0.0,0.0
0.048780487829863176,0.0,0.0,0.0,0.0,0.0,0.0,0.0,0.0,0.0,0.0,0.048780487829863176,0.0,0.0,0.0,0.0,0.0,0.0,0.0,0.0,0.0,0.0,0.0,0.024390243914931588,0.024390243914931588,0.0,0.0,0.0,0.0,0.024390243914931588,0.0,0.0,0.0,0.0,0.024390243914931588,0.0,0.024390243914931588,0.0,0.0,0.0,0.0,0.0,0.024390243914931588,0.024390243914931588,0.0,0.0,0.024390243914931588,0.024390243914931588,0.0,0.024390243914931588,0.0,0.0,0.0,0.0,0.0,0.0,0.0,0.0,0.0,0.0,0.0,0.0,0.0,0.0,0.07317073174479477,0.0,0.0,0.0,0.024390243914931588,0.0,0.0,0.0,0.0,0.0,0.0,0.0,0.0,0.0,0.0,0.0,0.0,0.048780487829863176,0.0,0.0,0.0,0.0,0.0,0.0,0.4390243899565735,0.0,0.0,0.0,0.024390243914931588,0.0,0.0,0.0,0.0,0.048780487829863176,0.0,0.0
0.0,0.0,0.0,0.0,0.0,0.0,0.0,0.0,0.0,0.0,0.0,0.0,0.0,0.0,0.0,0.0,0.0,0.0,0.0,0.0,0.0,0.0,0.032258064530697197,0.0,0.0,0.0,0.0,0.032258064530697197,0.0,0.0,0.0,0.032258064530697197,0.0,0.064516129061394395,0.0,0.0,0.0,0.0,0.0,0.0,0.0,0.0,0.0,0.0,0.0,0.0,0.0,0.0,0.0,0.0,0.0,0.0,0.0,0.0,0.0,0.0,0.0,0.0,0.032258064530697197,0.0,0.0,0.032258064530697197,0.0,0.0,0.032258064530697197,0.0,0.0,0.032258064530697197,0.0,0.0,0.0,0.0,0.0,0.0,0.0,0.0,0.0,0.0,0.032258064530697197,0.032258064530697197,0.0,0.0,0.0,0.0,0.0,0.0,0.0,0.0,0.032258064530697197,0.5161290320395423,0.0,0.032258064530697197,0.0,0.0,0.0,0.0,0.032258064530697197,0.0,0.032258064530697197,0.0
0.0,0.0,0.0,0.0,0.0,0.0,0.0,0.0,0.0,0.0,0.0,0.0,0.0,0.0,0.0,0.0,0.0,0.0,0.0,0.0,0.0,0.0,0.0,0.0,0.0,0.0,0.0,0.0,0.0,0.0,0.0,0.0,0.0,0.0,0.0,0.0,0.0,0.0,0.0,0.0,0.0,0.0,0.0,0.10000000007,0.0,0.0,0.0,0.0,0.0,0.0,0.0,0.0,0.0,0.0,0.0,0.0,0.0,0.0,0.0,0.0,0.0,0.0,0.0,0.0,0.0,0.066666666713333322,0.0,0.0,0.033333333356666661,0.0,0.0,0.033333333356666661,0.0,0.0,0.0,0.033333333356666661,0.0,0.0,0.0,0.033333333356666661,0.0,0.0,0.0,0.0,0.033333333356666661,0.066666666713333322,0.0,0.0,0.0,0.0,0.59999999972000007,0.0,0.0,0.0,0.0,0.0,0.0,0.0,0.0,0.0
0.0,0.0,0.0,0.0,0.0,0.0,0.0,0.0,0.0,0.0,0.0,0.0,0.0,0.0,0.0,0.0,0.0,0.0,0.0,0.0,0.0,0.0,0.0,0.0,0.0,0.0,0.0,0.0,0.0,0.0,0.0,0.0,0.0,0.0,0.0,0.0,0.0,0.0,0.0,0.0,0.0,0.0,0.0,0.0,0.0,0.0,0.0,0.0,0.0,0.0,0.0,0.0,0.0,0.0,0.0,0.0,0.0,0.0,0.0,0.0,0.0,0.0,0.0,0.0,0.0,0.0,0.0,0.076923076964497031,0.0,0.038461538482248515,0.0,0.0,0.0,0.038461538482248515,0.0,0.0,0.0,0.038461538482248515,0.0,0.038461538482248515,0.0,0.0,0.038461538482248515,0.0,0.0,0.0,0.0,0.0,0.0,0.0,0.0,0.57692307669526632,0.0,0.0,0.0,0.0,0.076923076964497031,0.0,0.038461538482248515,0.038461538482248515
0.0,0.0,0.0,0.0,0.0,0.0,0.0,0.0,0.0,0.0,0.0,0.028571428594285717,0.0,0.0,0.0,0.0,0.0,0.0,0.0,0.0,0.0,0.0,0.0,0.0,0.0,0.0,0.0,0.0,0.0,0.0,0.0,0.0,0.0,0.0,0.0,0.0,0.028571428594285717,0.0,0.0,0.0,0.0,0.0,0.0,0.0,0.0,0.0,0.0,0.0,0.0,0.028571428594285717,0.0,0.0,0.0,0.0,0.0,0.0,0.0,0.0,0.0,0.057142857188571435,0.0,0.028571428594285717,0.028571428594285717,0.0,0.0,0.0,0.0,0.0,0.0,0.028571428594285717,0.0,0.0,0.0,0.0,0.0,0.0,0.0,0.0,0.0,0.0,0.0,0.0,0.057142857188571435,0.11428571417714288,0.0,0.0,0.0,0.028571428594285717,0.0,0.0,0.0,0.0,0.5428571426914286,0.028571428594285717,0.0,0.0,0.0,0.0,0.0,0.0
0.0,0.0,0.0,0.0,0.025641025654832346,0.0,0.0,0.0,0.0,0.0,0.0,0.025641025654832346,0.0,0.0,0.0,0.0,0.0,0.0,0.0,0.0,0.0,0.0,0.0,0.0,0.0,0.0,0.025641025654832346,0.0,0.025641025654832346,0.0,0.0,0.0,0.0,0.0,0.0,0.0,0.0,0.0,0.0,0.0,0.025641025654832346,0.0,0.0,0.0,0.0,0.025641025654832346,0.0,0.0,0.0,0.0,0.025641025654832346,0.0,0.0,0.0,0.025641025654832346,0.0,0.0,0.0,0.0,0.0,0.0,0.025641025654832346,0.0,0.0,0.0,0.025641025654832346,0.0,0.0,0.0,0.0,0.0,0.0,0.0,0.0,0.0,0.0,0.051282051309664692,0.0,0.0,0.0,0.0,0.0,0.0,0.0,0.0,0.025641025654832346,0.0,0.0,0.0,0.0,0.0,0.0,0.0,0.61538461517751475,0.0,0.0,0.0,0.051282051309664692,0.0,0.0
0.0,0.0,0.0,0.0,0.0,0.032258064537981267,0.0,0.0,0.0,0.0,0.0,0.0,0.0,0.0,0.0,0.0,0.0,0.0,0.0,0.0,0.0,0.0,0.0,0.0,0.0,0.0,0.0,0.0,0.0,0.032258064537981267,0.0,0.0,0.0,0.0,0.0,0.0,0.0,0.0,0.0,0.0,0.0,0.0,0.0,0.0,0.0,0.0,0.0,0.032258064537981267,0.0,0.0,0.0,0.0,0.0,0.0,0.0,0.0,0.0,0.0,0.032258064537981267,0.0,0.0,0.0,0.0,0.0,0.0,0.0,0.0,0.0,0.0,0.0,0.0,0.0,0.0,0.0,0.0,0.0,0.0,0.0,0.0,0.0,0.0,0.0,0.0,0.0,0.0,0.0,0.064516129075962533,0.032258064537981267,0.0,0.0,0.0,0.0,0.064516129075962533,0.0,0.70967741915816862,0.0,0.0,0.0,0.0,0.0
0.0,0.0,0.0,0.0,0.0,0.0,0.0,0.0,0.0,0.0,0.0,0.0,0.0,0.0,0.0,0.0,0.0,0.0,0.0,0.0,0.0,0.0,0.0,0.0,0.0,0.0,0.0,0.0,0.0,0.0,0.0,0.0,0.0,0.0,0.0,0.0,0.0,0.0,0.032258064530697197,0.0,0.0,0.032258064530697197,0.0,0.096774193592091592,0.0,0.032258064530697197,0.032258064530697197,0.0,0.032258064530697197,0.0,0.0,0.0,0.0,0.0,0.064516129061394395,0.0,0.032258064530697197,0.0,0.0,0.064516129061394395,0.0,0.0,0.0,0.0,0.0,0.0,0.0,0.0,0.0,0.0,0.0,0.0,0.0,0.0,0.0,0.0,0.0,0.0,0.0,0.0,0.0,0.032258064530697197,0.0,0.0,0.0,0.064516129061394395,0.0,0.0,0.0,0.0,0.0,0.0,0.032258064530697197,0.0,0.0,0.41935483844745064,0.0,0.032258064530697197,0.0,0.0
0.0,0.0,0.0,0.0,0.0,0.0,0.0,0.0,0.0,0.0,0.0,0.0,0.0,0.0,0.034482758645659924,0.0,0.0,0.0,0.0,0.0,0.0,0.0,0.0,0.0,0.0,0.0,0.0,0.0,0.0,0.0,0.0,0.0,0.0,0.0,0.0,0.0,0.0,0.0,0.0,0.0,0.0,0.0,0.0,0.034482758645659924,0.0,0.0,0.0,0.0,0.0,0.0,0.0,0.0,0.0,0.0,0.0,0.034482758645659924,0.0,0.0,0.0,0.0,0.0,0.034482758645659924,0.0,0.0,0.0,0.034482758645659924,0.0,0.0,0.0,0.0,0.0,0.0,0.0,0.034482758645659924,0.034482758645659924,0.0,0.0,0.0,0.0,0.0,0.0,0.0,0.034482758645659924,0.0,0.034482758645659924,0.0,0.0,0.0,0.0,0.0,0.0,0.034482758645659924,0.0,0.034482758645659924,0.0,0.0,0.62068965489774075,0.0,0.0,0.0
0.0,0.0,0.0,0.0,0.0,0.0,0.0,0.0,0.0,0.0,0.0,0.0,0.0,0.0,0.0,0.0,0.0,0.0,0.0,0.0,0.0,0.025000000013124999,0.0,0.0,0.0,0.0,0.025000000013124999,0.0,0.025000000013124999,0.075000000039375,0.0,0.0,0.0,0.0,0.0,0.0,0.0,0.0,0.0,0.025000000013124999,0.0,0.0,0.025000000013124999,0.0,0.0,0.0,0.0,0.0,0.0,0.0,0.0,0.0,0.0,0.0,0.0,0.0,0.0,0.0,0.0,0.0,0.0,0.0,0.0,0.050000000026249998,0.0,0.0,0.025000000013124999,0.0,0.025000000013124999,0.025000000013124999,0.0,0.0,0.0,0.0,0.0,0.0,0.0,0.0,0.0,0.0,0.0,0.0,0.0,0.025000000013124999,0.0,0.0,0.0,0.0,0.025000000013124999,0.0,0.025000000013124999,0.0,0.0,0.050000000026249998,0.0,0.0,0.0,0.52499999975062495,0.0,0.025000000013124999
0.0,0.0,0.0,0.0,0.0,0.0,0.0,0.0,0.0,0.0,0.0,0.0,0.0,0.0,0.0,0.0,0.0,0.034482758645659924,0.0,0.0,0.0,0.0,0.0,0.0,0.0,0.0,0.0,0.0,0.0,0.0,0.0,0.0,0.0,0.0,0.0,0.0,0.0,0.0,0.0,0.0,0.0,0.0,0.0,0.0,0.0,0.0,0.0,0.0,0.0,0.0,0.0,0.0,0.0,0.0,0.0,0.0,0.0,0.0,0.0,0.0,0.034482758645659924,0.0,0.0,0.0,0.0,0.0,0.0,0.0,0.0,0.0,0.068965517291319847,0.0,0.0,0.0,0.0,0.0,0.0,0.0,0.0,0.0,0.0,0.034482758645659924,0.0,0.068965517291319847,0.0,0.0,0.034482758645659924,0.034482758645659924,0.0,0.0,0.0,0.0,0.068965517291319847,0.0,0.0,0.0,0.0,0.0,0.62068965489774075,0.0
0.0,0.0,0.0,0.0,0.0,0.0,0.0,0.0,0.0,0.0,0.0,0.0,0.0,0.0,0.0,0.0,0.0,0.0,0.0,0.0,0.0,0.0,0.0,0.0,0.0,0.0,0.0,0.0,0.0,0.0,0.0,0.0,0.0,0.0,0.0,0.0,0.0,0.0,0.032258064537981267,0.0,0.0,0.0,0.0,0.0,0.0,0.0,0.0,0.0,0.0,0.0,0.0,0.0,0.0,0.0,0.0,0.0,0.0,0.0,0.0,0.0,0.032258064537981267,0.0,0.0,0.0,0.0,0.032258064537981267,0.0,0.0,0.0,0.096774193613943807,0.0,0.0,0.032258064537981267,0.032258064537981267,0.0,0.0,0.032258064537981267,0.032258064537981267,0.0,0.0,0.0,0.0,0.0,0.0,0.0,0.0,0.0,0.0,0.0,0.0,0.0,0.032258064537981267,0.0,0.0,0.0,0.0,0.0,0.0,0.0,0.64516129008220602
